schedule_id,class_id,version,scenario,day_of_week,day_vn,shift,start_time,end_time,building,floor,room_id,room_capacity,num_students,motorbike_ratio,dorm_ratio,primary_lot,motorbike_to_P1,motorbike_to_P2,motorbike_to_P3,distance_building_to_primary_lot_m,arrival_window_start,arrival_window_end,departure_window_start,departure_window_end,is_event
SCH00001,LHP0001,baseline,Peak,Mon,Thu 2,Ca3,13:00,15:40,D,5,D-0508,76,47,0.88,0.09,P2,0,41,1,180,12:30,13:00,15:40,16:10,N
SCH00002,LHP0001,baseline,Worst,Mon,Thu 2,Ca3,13:00,15:40,D,5,D-0508,76,47,0.88,0.09,P2,0,41,1,180,12:30,13:00,15:40,16:10,N
SCH00003,LHP0001,optimized,Peak,Mon,Thu 2,Ca1,06:45,09:25,D,1,D-0101,89,47,0.88,0.09,P2,0,40,2,180,06:15,06:45,09:25,09:55,N
SCH00004,LHP0001,optimized,Worst,Mon,Thu 2,Ca1,06:45,09:25,D,1,D-0101,89,47,0.88,0.09,P2,0,40,2,180,06:15,06:45,09:25,09:55,N
SCH00005,LHP0002,baseline,Normal,Tue,Thu 3,Ca3,13:00,15:40,B,4,D-0403,67,66,0.84,0.21,P1,54,0,2,100,12:30,13:00,15:40,16:10,N
SCH00006,LHP0002,baseline,Peak,Wed,Thu 4,Ca3,13:00,15:40,C,7,A2-0708,100,66,0.84,0.21,P2,0,54,2,120,12:30,13:00,15:40,16:10,N
SCH00007,LHP0002,optimized,Normal,Fri,Thu 6,Ca1,06:45,09:25,D,4,D-0403,67,66,0.84,0.21,P2,0,50,6,180,06:15,06:45,09:25,09:55,N
SCH00008,LHP0002,optimized,Normal,Thu,Thu 5,Ca2,09:35,12:15,D,1,D-0101,89,66,0.84,0.21,P2,0,50,6,180,09:05,09:35,12:15,12:45,N
SCH00009,LHP0003,baseline,Peak,Wed,Thu 4,Ca1,06:45,09:25,A2,5,A2-0511,109,36,0.77,0.14,P1,27,0,1,150,06:15,06:45,09:25,09:55,N
SCH00010,LHP0003,optimized,Normal,Tue,Thu 3,Ca3,13:00,15:40,C,1,C-0105,49,36,0.77,0.14,P2,0,26,2,120,12:30,13:00,15:40,16:10,N
SCH00011,LHP0004,baseline,Normal,Thu,Thu 5,Ca1,06:45,09:25,A2,10,A2-1010,87,76,0.76,0.18,P1,55,0,2,150,06:15,06:45,09:25,09:55,N
SCH00012,LHP0004,baseline,Peak,Mon,Thu 2,Ca1,06:45,09:25,A2,9,A2-0910,89,76,0.76,0.18,P1,55,0,2,150,06:15,06:45,09:25,09:55,N
SCH00013,LHP0004,baseline,Worst,Mon,Thu 2,Ca1,06:45,09:25,A2,9,A2-0910,89,76,0.76,0.18,P1,55,0,2,150,06:15,06:45,09:25,09:55,N
SCH00014,LHP0004,optimized,Normal,Sat,Thu 7,Ca1,06:45,09:25,C,1,A2-0114,81,76,0.76,0.18,P2,0,52,5,120,06:15,06:45,09:25,09:55,N
SCH00015,LHP0004,optimized,Peak,Wed,Thu 4,Ca2,09:35,12:15,A2,7,A2-0703,94,76,0.76,0.18,P1,52,0,5,150,09:05,09:35,12:15,12:45,N
SCH00016,LHP0005,baseline,Normal,Fri,Thu 6,Ca1,06:45,09:25,A2,8,A2-0804,109,55,0.9,0.21,P1,47,0,2,150,06:15,06:45,09:25,09:55,N
SCH00017,LHP0005,optimized,Normal,Sat,Thu 7,Ca2,09:35,12:15,D,2,D-0201,72,55,0.9,0.21,P2,0,44,5,180,09:05,09:35,12:15,12:45,N
SCH00018,LHP0006,baseline,Peak,Wed,Thu 4,Ca3,13:00,15:40,A2,10,A2-1007,96,42,0.86,0.08,P1,35,0,1,150,12:30,13:00,15:40,16:10,N
SCH00019,LHP0006,optimized,Peak,Wed,Thu 4,Ca4,15:50,18:30,C,2,C-0203,42,42,0.86,0.08,P2,0,34,2,120,15:20,15:50,18:30,19:00,N
SCH00020,LHP0007,baseline,Normal,Thu,Thu 5,Ca1,06:45,09:25,B,3,B-0307,59,45,0.92,0.07,P1,41,0,1,100,06:15,06:45,09:25,09:55,N
SCH00021,LHP0007,baseline,Normal,Sat,Thu 7,Ca3,13:00,15:40,C,3,C-0303,45,45,0.92,0.07,P2,0,41,1,120,12:30,13:00,15:40,16:10,N
SCH00022,LHP0007,optimized,Peak,Wed,Thu 4,Ca4,15:50,18:30,B,2,B-0204,49,45,0.92,0.07,P1,40,0,2,100,15:20,15:50,18:30,19:00,N
SCH00023,LHP0007,optimized,Normal,Fri,Thu 6,Ca3,13:00,15:40,A2,6,A2-0606,118,45,0.92,0.07,P1,40,0,2,150,12:30,13:00,15:40,16:10,N
SCH00024,LHP0008,baseline,Peak,Wed,Thu 4,Ca3,13:00,15:40,B,1,B-0106,48,36,0.76,0.25,P1,27,0,1,100,12:30,13:00,15:40,16:10,N
SCH00025,LHP0008,baseline,Normal,Thu,Thu 5,Ca2,09:35,12:15,C,3,C-0305,56,36,0.76,0.25,P2,0,27,1,120,09:05,09:35,12:15,12:45,N
SCH00026,LHP0008,optimized,Normal,Sat,Thu 7,Ca3,13:00,15:40,C,3,C-0303,45,36,0.76,0.25,P2,0,24,4,120,12:30,13:00,15:40,16:10,N
SCH00027,LHP0008,optimized,Peak,Mon,Thu 2,Ca1,06:45,09:25,A2,9,A2-0909,87,36,0.76,0.25,P1,24,0,4,150,06:15,06:45,09:25,09:55,N
SCH00028,LHP0008,optimized,Worst,Mon,Thu 2,Ca1,06:45,09:25,A2,9,A2-0909,87,36,0.76,0.25,P1,24,0,4,150,06:15,06:45,09:25,09:55,N
SCH00029,LHP0009,baseline,Normal,Fri,Thu 6,Ca4,15:50,18:30,C,8,A2-0810,114,78,0.92,0.08,P2,0,71,1,120,15:20,15:50,18:30,19:00,N
SCH00030,LHP0009,optimized,Normal,Tue,Thu 3,Ca1,06:45,09:25,C,4,A2-0414,116,78,0.92,0.08,P2,0,69,3,120,06:15,06:45,09:25,09:55,N
SCH00031,LHP0010,baseline,Peak,Wed,Thu 4,Ca2,09:35,12:15,A2,3,A2-0307,93,55,0.93,0.08,P1,50,0,1,150,09:05,09:35,12:15,12:45,N
SCH00032,LHP0010,optimized,Normal,Thu,Thu 5,Ca2,09:35,12:15,A2,8,A2-0814,117,55,0.93,0.08,P1,49,0,2,150,09:05,09:35,12:15,12:45,N
SCH00033,LHP0011,baseline,Normal,Fri,Thu 6,Ca3,13:00,15:40,D,2,D-0206,88,46,0.94,0.21,P2,0,41,2,180,12:30,13:00,15:40,16:10,N
SCH00034,LHP0011,optimized,Peak,Wed,Thu 4,Ca2,09:35,12:15,C,1,C-0101,55,46,0.94,0.21,P2,0,39,4,120,09:05,09:35,12:15,12:45,N
SCH00035,LHP0012,baseline,Peak,Wed,Thu 4,Ca3,13:00,15:40,A2,7,A2-0703,94,72,0.89,0.08,P1,63,0,1,150,12:30,13:00,15:40,16:10,N
SCH00036,LHP0012,optimized,Peak,Mon,Thu 2,Ca2,09:35,12:15,B,6,A2-0605,84,72,0.89,0.08,P1,62,0,2,100,09:05,09:35,12:15,12:45,N
SCH00037,LHP0012,optimized,Worst,Mon,Thu 2,Ca2,09:35,12:15,B,6,A2-0605,84,72,0.89,0.08,P1,62,0,2,100,09:05,09:35,12:15,12:45,N
SCH00038,LHP0013,baseline,Normal,Fri,Thu 6,Ca3,13:00,15:40,B,8,A2-0808,95,67,0.9,0.06,P1,60,0,1,100,12:30,13:00,15:40,16:10,N
SCH00039,LHP0013,optimized,Normal,Tue,Thu 3,Ca2,09:35,12:15,B,10,A2-1006,113,67,0.9,0.06,P1,59,0,2,100,09:05,09:35,12:15,12:45,N
SCH00040,LHP0014,baseline,Peak,Wed,Thu 4,Ca2,09:35,12:15,C,7,A2-0708,100,67,0.85,0.23,P2,0,54,3,120,09:05,09:35,12:15,12:45,N
SCH00041,LHP0014,optimized,Normal,Fri,Thu 6,Ca3,13:00,15:40,A2,3,A2-0304,101,67,0.85,0.23,P1,51,0,6,150,12:30,13:00,15:40,16:10,N
SCH00042,LHP0015,baseline,Normal,Thu,Thu 5,Ca1,06:45,09:25,A2,3,A2-0306,89,62,0.77,0.09,P1,46,0,1,150,06:15,06:45,09:25,09:55,N
SCH00043,LHP0015,optimized,Normal,Thu,Thu 5,Ca2,09:35,12:15,C,3,D-0301,63,62,0.77,0.09,P2,0,45,2,120,09:05,09:35,12:15,12:45,N
SCH00044,LHP0016,baseline,Normal,Sat,Thu 7,Ca3,13:00,15:40,A2,6,A2-0603,93,55,0.77,0.23,P1,41,0,2,150,12:30,13:00,15:40,16:10,N
SCH00045,LHP0016,optimized,Peak,Wed,Thu 4,Ca1,06:45,09:25,A2,10,A2-1001,84,55,0.77,0.23,P1,38,0,5,150,06:15,06:45,09:25,09:55,N
SCH00046,LHP0017,baseline,Peak,Mon,Thu 2,Ca3,13:00,15:40,B,2,B-0201,56,32,0.87,0.13,P1,27,0,1,100,12:30,13:00,15:40,16:10,N
SCH00047,LHP0017,baseline,Worst,Mon,Thu 2,Ca3,13:00,15:40,B,2,B-0201,56,32,0.87,0.13,P1,27,0,1,100,12:30,13:00,15:40,16:10,N
SCH00048,LHP0017,optimized,Normal,Fri,Thu 6,Ca1,06:45,09:25,C,1,C-0105,49,32,0.87,0.13,P2,0,26,2,120,06:15,06:45,09:25,09:55,N
SCH00049,LHP0018,baseline,Peak,Wed,Thu 4,Ca1,06:45,09:25,B,1,B-0102,53,50,0.94,0.09,P1,46,0,1,100,06:15,06:45,09:25,09:55,N
SCH00050,LHP0018,baseline,Normal,Tue,Thu 3,Ca2,09:35,12:15,A2,1,A2-0102,87,50,0.94,0.09,P1,46,0,1,150,09:05,09:35,12:15,12:45,N
SCH00051,LHP0018,optimized,Normal,Fri,Thu 6,Ca1,06:45,09:25,A2,3,A2-0301,80,50,0.94,0.09,P1,45,0,2,150,06:15,06:45,09:25,09:55,N
SCH00052,LHP0018,optimized,Peak,Mon,Thu 2,Ca2,09:35,12:15,C,1,C-0101,55,50,0.94,0.09,P2,0,45,2,120,09:05,09:35,12:15,12:45,N
SCH00053,LHP0018,optimized,Worst,Mon,Thu 2,Ca2,09:35,12:15,C,1,C-0101,55,50,0.94,0.09,P2,0,45,2,120,09:05,09:35,12:15,12:45,N
SCH00054,LHP0019,baseline,Peak,Wed,Thu 4,Ca2,09:35,12:15,A2,2,A2-0207,115,46,0.83,0.18,P1,37,0,1,150,09:05,09:35,12:15,12:45,N
SCH00055,LHP0019,optimized,Normal,Thu,Thu 5,Ca2,09:35,12:15,D,2,D-0201,72,46,0.83,0.18,P2,0,34,4,180,09:05,09:35,12:15,12:45,N
SCH00056,LHP0020,baseline,Normal,Fri,Thu 6,Ca3,13:00,15:40,A2,4,A2-0405,114,78,0.94,0.05,P1,73,0,1,150,12:30,13:00,15:40,16:10,N
SCH00057,LHP0020,baseline,Peak,Wed,Thu 4,Ca4,15:50,18:30,A2,1,A2-0104,97,78,0.94,0.05,P1,73,0,1,150,15:20,15:50,18:30,19:00,N
SCH00058,LHP0020,optimized,Normal,Sat,Thu 7,Ca4,15:50,18:30,B,4,A2-0401,118,78,0.94,0.05,P1,72,0,2,100,15:20,15:50,18:30,19:00,N
SCH00059,LHP0020,optimized,Normal,Thu,Thu 5,Ca1,06:45,09:25,D,1,D-0101,89,78,0.94,0.05,P2,0,72,2,180,06:15,06:45,09:25,09:55,N
SCH00060,LHP0021,baseline,Peak,Mon,Thu 2,Ca1,06:45,09:25,A2,8,A2-0810,114,36,0.76,0.09,P1,27,0,0,150,06:15,06:45,09:25,09:55,N
SCH00061,LHP0021,baseline,Worst,Mon,Thu 2,Ca1,06:45,09:25,A2,8,A2-0810,114,36,0.76,0.09,P1,27,0,0,150,06:15,06:45,09:25,09:55,N
SCH00062,LHP0021,optimized,Peak,Wed,Thu 4,Ca4,15:50,18:30,B,3,B-0304,57,36,0.76,0.09,P1,26,0,1,100,15:20,15:50,18:30,19:00,N
SCH00063,LHP0022,baseline,Peak,Wed,Thu 4,Ca3,13:00,15:40,A2,10,A2-1003,104,34,0.93,0.12,P1,31,0,1,150,12:30,13:00,15:40,16:10,N
SCH00064,LHP0022,optimized,Peak,Wed,Thu 4,Ca2,09:35,12:15,C,1,C-0102,40,34,0.93,0.12,P2,0,30,2,120,09:05,09:35,12:15,12:45,N
SCH00065,LHP0023,baseline,Peak,Mon,Thu 2,Ca3,13:00,15:40,A2,6,A2-0601,103,75,0.81,0.25,P1,58,0,3,150,12:30,13:00,15:40,16:10,N
SCH00066,LHP0023,baseline,Worst,Mon,Thu 2,Ca3,13:00,15:40,A2,6,A2-0601,103,75,0.81,0.25,P1,58,0,3,150,12:30,13:00,15:40,16:10,N
SCH00067,LHP0023,baseline,Peak,Wed,Thu 4,Ca1,06:45,09:25,A2,10,A2-1001,84,75,0.81,0.25,P1,58,0,3,150,06:15,06:45,09:25,09:55,N
SCH00068,LHP0023,optimized,Normal,Tue,Thu 3,Ca2,09:35,12:15,D,4,D-0406,82,75,0.81,0.25,P2,0,53,8,180,09:05,09:35,12:15,12:45,N
SCH00069,LHP0023,optimized,Peak,Wed,Thu 4,Ca4,15:50,18:30,A2,5,A2-0508,86,75,0.81,0.25,P1,53,0,8,150,15:20,15:50,18:30,19:00,N
SCH00070,LHP0024,baseline,Peak,Mon,Thu 2,Ca4,15:50,18:30,A2,6,A2-0611,90,30,0.88,0.16,P1,25,0,1,150,15:20,15:50,18:30,19:00,N
SCH00071,LHP0024,baseline,Worst,Mon,Thu 2,Ca4,15:50,18:30,A2,6,A2-0611,90,30,0.88,0.16,P1,25,0,1,150,15:20,15:50,18:30,19:00,N
SCH00072,LHP0024,baseline,Peak,Wed,Thu 4,Ca3,13:00,15:40,A2,4,A2-0404,109,30,0.88,0.16,P1,25,0,1,150,12:30,13:00,15:40,16:10,N
SCH00073,LHP0024,optimized,Normal,Sat,Thu 7,Ca2,09:35,12:15,C,1,C-0101,55,30,0.88,0.16,P2,0,24,2,120,09:05,09:35,12:15,12:45,N
SCH00074,LHP0024,optimized,Peak,Wed,Thu 4,Ca1,06:45,09:25,B,1,B-0105,40,30,0.88,0.16,P1,24,0,2,100,06:15,06:45,09:25,09:55,N
SCH00075,LHP0025,baseline,Peak,Mon,Thu 2,Ca1,06:45,09:25,A2,2,A2-0214,97,38,0.8,0.23,P1,29,0,1,150,06:15,06:45,09:25,09:55,N
SCH00076,LHP0025,baseline,Worst,Mon,Thu 2,Ca1,06:45,09:25,A2,2,A2-0214,97,38,0.8,0.23,P1,29,0,1,150,06:15,06:45,09:25,09:55,N
SCH00077,LHP0025,baseline,Peak,Wed,Thu 4,Ca2,09:35,12:15,A2,5,A2-0508,86,38,0.8,0.23,P1,29,0,1,150,09:05,09:35,12:15,12:45,N
SCH00078,LHP0025,optimized,Peak,Wed,Thu 4,Ca2,09:35,12:15,A2,1,A2-0104,97,38,0.8,0.23,P1,26,0,4,150,09:05,09:35,12:15,12:45,N
SCH00079,LHP0025,optimized,Normal,Tue,Thu 3,Ca1,06:45,09:25,A2,5,A2-0505,98,38,0.8,0.23,P1,26,0,4,150,06:15,06:45,09:25,09:55,N
SCH00080,LHP0026,baseline,Peak,Wed,Thu 4,Ca4,15:50,18:30,B,2,B-0201,56,47,0.81,0.09,P1,37,0,1,100,15:20,15:50,18:30,19:00,N
SCH00081,LHP0026,optimized,Normal,Sat,Thu 7,Ca1,06:45,09:25,D,1,D-0101,89,47,0.81,0.09,P2,0,36,2,180,06:15,06:45,09:25,09:55,N
SCH00082,LHP0027,baseline,Normal,Fri,Thu 6,Ca3,13:00,15:40,C,3,D-0303,67,62,0.85,0.23,P2,0,51,2,120,12:30,13:00,15:40,16:10,N
SCH00083,LHP0027,baseline,Normal,Thu,Thu 5,Ca1,06:45,09:25,B,10,A2-1009,80,62,0.85,0.23,P1,51,0,2,100,06:15,06:45,09:25,09:55,N
SCH00084,LHP0027,optimized,Normal,Fri,Thu 6,Ca1,06:45,09:25,C,2,D-0201,72,62,0.85,0.23,P2,0,47,6,120,06:15,06:45,09:25,09:55,N
SCH00085,LHP0027,optimized,Normal,Sat,Thu 7,Ca1,06:45,09:25,C,10,A2-1007,96,62,0.85,0.23,P2,0,47,6,120,06:15,06:45,09:25,09:55,N
SCH00086,LHP0028,baseline,Normal,Fri,Thu 6,Ca2,09:35,12:15,C,8,A2-0811,96,70,0.83,0.11,P2,0,57,1,120,09:05,09:35,12:15,12:45,N
SCH00087,LHP0028,optimized,Normal,Fri,Thu 6,Ca4,15:50,18:30,D,2,D-0207,76,70,0.83,0.11,P2,0,55,3,180,15:20,15:50,18:30,19:00,N
SCH00088,LHP0029,baseline,Peak,Wed,Thu 4,Ca2,09:35,12:15,B,4,A2-0410,98,70,0.95,0.08,P1,65,0,1,100,09:05,09:35,12:15,12:45,N
SCH00089,LHP0029,optimized,Peak,Wed,Thu 4,Ca2,09:35,12:15,C,4,D-0407,80,70,0.95,0.08,P2,0,64,2,120,09:05,09:35,12:15,12:45,N
SCH00090,LHP0030,baseline,Normal,Tue,Thu 3,Ca4,15:50,18:30,D,2,D-0204,71,65,0.75,0.07,P2,0,47,1,180,15:20,15:50,18:30,19:00,N
SCH00091,LHP0030,baseline,Peak,Mon,Thu 2,Ca3,13:00,15:40,D,2,D-0206,88,65,0.75,0.07,P2,0,47,1,180,12:30,13:00,15:40,16:10,N
SCH00092,LHP0030,baseline,Worst,Mon,Thu 2,Ca3,13:00,15:40,D,2,D-0206,88,65,0.75,0.07,P2,0,47,1,180,12:30,13:00,15:40,16:10,N
SCH00093,LHP0030,optimized,Normal,Sat,Thu 7,Ca1,06:45,09:25,C,6,A2-0605,84,65,0.75,0.07,P2,0,46,2,120,06:15,06:45,09:25,09:55,N
SCH00094,LHP0030,optimized,Normal,Fri,Thu 6,Ca3,13:00,15:40,D,1,D-0106,66,65,0.75,0.07,P2,0,46,2,180,12:30,13:00,15:40,16:10,N
SCH00095,LHP0031,baseline,Normal,Fri,Thu 6,Ca1,06:45,09:25,A2,6,A2-0606,118,64,0.76,0.12,P1,48,0,1,150,06:15,06:45,09:25,09:55,N
SCH00096,LHP0031,optimized,Peak,Wed,Thu 4,Ca1,06:45,09:25,A2,3,A2-0313,102,64,0.76,0.12,P1,46,0,3,150,06:15,06:45,09:25,09:55,N
SCH00097,LHP0032,baseline,Peak,Wed,Thu 4,Ca4,15:50,18:30,A2,8,A2-0807,88,38,0.76,0.12,P1,27,0,1,150,15:20,15:50,18:30,19:00,N
SCH00098,LHP0032,baseline,Normal,Fri,Thu 6,Ca1,06:45,09:25,C,2,C-0201,58,38,0.76,0.12,P2,0,27,1,120,06:15,06:45,09:25,09:55,N
SCH00099,LHP0032,optimized,Peak,Mon,Thu 2,Ca2,09:35,12:15,A2,5,A2-0511,109,38,0.76,0.12,P1,26,0,2,150,09:05,09:35,12:15,12:45,N
SCH00100,LHP0032,optimized,Worst,Mon,Thu 2,Ca2,09:35,12:15,A2,5,A2-0511,109,38,0.76,0.12,P1,26,0,2,150,09:05,09:35,12:15,12:45,N
SCH00101,LHP0032,optimized,Normal,Thu,Thu 5,Ca2,09:35,12:15,B,2,B-0202,43,38,0.76,0.12,P1,26,0,2,100,09:05,09:35,12:15,12:45,N
SCH00102,LHP0033,baseline,Normal,Fri,Thu 6,Ca1,06:45,09:25,C,3,C-0306,59,52,0.79,0.1,P2,0,40,1,120,06:15,06:45,09:25,09:55,N
SCH00103,LHP0033,optimized,Normal,Tue,Thu 3,Ca4,15:50,18:30,A2,3,A2-0309,86,52,0.79,0.1,P1,39,0,2,150,15:20,15:50,18:30,19:00,N
SCH00104,LHP0034,baseline,Peak,Wed,Thu 4,Ca1,06:45,09:25,A2,5,A2-0507,94,56,0.94,0.2,P1,51,0,2,150,06:15,06:45,09:25,09:55,N
SCH00105,LHP0034,baseline,Normal,Thu,Thu 5,Ca1,06:45,09:25,A2,7,A2-0710,97,56,0.94,0.2,P1,51,0,2,150,06:15,06:45,09:25,09:55,N
SCH00106,LHP0034,optimized,Peak,Mon,Thu 2,Ca1,06:45,09:25,B,2,B-0203,60,56,0.94,0.2,P1,47,0,6,100,06:15,06:45,09:25,09:55,N
SCH00107,LHP0034,optimized,Worst,Mon,Thu 2,Ca1,06:45,09:25,B,2,B-0203,60,56,0.94,0.2,P1,47,0,6,100,06:15,06:45,09:25,09:55,N
SCH00108,LHP0034,optimized,Normal,Tue,Thu 3,Ca4,15:50,18:30,D,1,D-0102,77,56,0.94,0.2,P2,0,47,6,180,15:20,15:50,18:30,19:00,N
SCH00109,LHP0035,baseline,Peak,Mon,Thu 2,Ca4,15:50,18:30,D,4,D-0401,67,40,0.95,0.21,P2,0,36,2,180,15:20,15:50,18:30,19:00,N
SCH00110,LHP0035,baseline,Worst,Mon,Thu 2,Ca4,15:50,18:30,D,4,D-0401,67,40,0.95,0.21,P2,0,36,2,180,15:20,15:50,18:30,19:00,N
SCH00111,LHP0035,baseline,Normal,Sat,Thu 7,Ca3,13:00,15:40,C,1,C-0107,41,40,0.95,0.21,P2,0,36,2,120,12:30,13:00,15:40,16:10,N
SCH00112,LHP0035,optimized,Normal,Tue,Thu 3,Ca3,13:00,15:40,C,2,C-0202,42,40,0.95,0.21,P2,0,34,4,120,12:30,13:00,15:40,16:10,N
SCH00113,LHP0035,optimized,Peak,Mon,Thu 2,Ca4,15:50,18:30,C,2,C-0207,44,40,0.95,0.21,P2,0,34,4,120,15:20,15:50,18:30,19:00,N
SCH00114,LHP0035,optimized,Worst,Mon,Thu 2,Ca4,15:50,18:30,C,2,C-0207,44,40,0.95,0.21,P2,0,34,4,120,15:20,15:50,18:30,19:00,N
SCH00115,LHP0036,baseline,Normal,Thu,Thu 5,Ca2,09:35,12:15,B,1,B-0103,45,41,0.9,0.12,P1,35,0,1,100,09:05,09:35,12:15,12:45,N
SCH00116,LHP0036,baseline,Normal,Sat,Thu 7,Ca3,13:00,15:40,A2,2,A2-0209,114,41,0.9,0.12,P1,35,0,1,150,12:30,13:00,15:40,16:10,N
SCH00117,LHP0036,optimized,Peak,Wed,Thu 4,Ca4,15:50,18:30,C,2,C-0201,58,41,0.9,0.12,P2,0,34,2,120,15:20,15:50,18:30,19:00,N
SCH00118,LHP0036,optimized,Peak,Mon,Thu 2,Ca1,06:45,09:25,D,4,D-0406,82,41,0.9,0.12,P2,0,34,2,180,06:15,06:45,09:25,09:55,N
SCH00119,LHP0036,optimized,Worst,Mon,Thu 2,Ca1,06:45,09:25,D,4,D-0406,82,41,0.9,0.12,P2,0,34,2,180,06:15,06:45,09:25,09:55,N
SCH00120,LHP0037,baseline,Normal,Thu,Thu 5,Ca2,09:35,12:15,C,1,C-0105,49,47,0.78,0.19,P2,0,36,1,120,09:05,09:35,12:15,12:45,N
SCH00121,LHP0037,optimized,Normal,Fri,Thu 6,Ca4,15:50,18:30,A2,7,A2-0702,115,47,0.78,0.19,P1,33,0,4,150,15:20,15:50,18:30,19:00,N
SCH00122,LHP0038,baseline,Peak,Wed,Thu 4,Ca2,09:35,12:15,A2,6,A2-0610,95,60,0.79,0.21,P1,45,0,2,150,09:05,09:35,12:15,12:45,N
SCH00123,LHP0038,optimized,Normal,Tue,Thu 3,Ca2,09:35,12:15,A2,7,A2-0707,82,60,0.79,0.21,P1,42,0,5,150,09:05,09:35,12:15,12:45,N
SCH00124,LHP0039,baseline,Peak,Mon,Thu 2,Ca1,06:45,09:25,A2,6,A2-0613,104,80,0.92,0.09,P1,73,0,1,150,06:15,06:45,09:25,09:55,N
SCH00125,LHP0039,baseline,Worst,Mon,Thu 2,Ca1,06:45,09:25,A2,6,A2-0613,104,80,0.92,0.09,P1,73,0,1,150,06:15,06:45,09:25,09:55,N
SCH00126,LHP0039,baseline,Normal,Sat,Thu 7,Ca3,13:00,15:40,A2,4,A2-0405,114,80,0.92,0.09,P1,73,0,1,150,12:30,13:00,15:40,16:10,N
SCH00127,LHP0039,optimized,Peak,Wed,Thu 4,Ca2,09:35,12:15,D,1,D-0104,83,80,0.92,0.09,P2,0,70,4,180,09:05,09:35,12:15,12:45,N
SCH00128,LHP0039,optimized,Normal,Sat,Thu 7,Ca2,09:35,12:15,C,7,A2-0703,94,80,0.92,0.09,P2,0,70,4,120,09:05,09:35,12:15,12:45,N
SCH00129,LHP0040,baseline,Normal,Tue,Thu 3,Ca1,06:45,09:25,A2,10,A2-1012,97,51,0.81,0.06,P1,41,0,0,150,06:15,06:45,09:25,09:55,N
SCH00130,LHP0040,baseline,Peak,Mon,Thu 2,Ca1,06:45,09:25,A2,6,A2-0606,118,51,0.81,0.06,P1,41,0,0,150,06:15,06:45,09:25,09:55,N
SCH00131,LHP0040,baseline,Worst,Mon,Thu 2,Ca1,06:45,09:25,A2,6,A2-0606,118,51,0.81,0.06,P1,41,0,0,150,06:15,06:45,09:25,09:55,N
SCH00132,LHP0040,optimized,Normal,Sat,Thu 7,Ca2,09:35,12:15,D,4,D-0403,67,51,0.81,0.06,P2,0,40,1,180,09:05,09:35,12:15,12:45,N
SCH00133,LHP0040,optimized,Normal,Thu,Thu 5,Ca3,13:00,15:40,C,3,C-0306,59,51,0.81,0.06,P2,0,40,1,120,12:30,13:00,15:40,16:10,N
SCH00134,LHP0041,baseline,Normal,Fri,Thu 6,Ca2,09:35,12:15,A2,2,A2-0208,92,71,0.85,0.19,P1,58,0,2,150,09:05,09:35,12:15,12:45,N
SCH00135,LHP0041,baseline,Peak,Mon,Thu 2,Ca1,06:45,09:25,A2,4,A2-0407,104,71,0.85,0.19,P1,58,0,2,150,06:15,06:45,09:25,09:55,N
SCH00136,LHP0041,baseline,Worst,Mon,Thu 2,Ca1,06:45,09:25,A2,4,A2-0407,104,71,0.85,0.19,P1,58,0,2,150,06:15,06:45,09:25,09:55,N
SCH00137,LHP0041,optimized,Peak,Mon,Thu 2,Ca4,15:50,18:30,D,2,D-0203,80,71,0.85,0.19,P2,0,54,6,180,15:20,15:50,18:30,19:00,N
SCH00138,LHP0041,optimized,Worst,Mon,Thu 2,Ca4,15:50,18:30,D,2,D-0203,80,71,0.85,0.19,P2,0,54,6,180,15:20,15:50,18:30,19:00,N
SCH00139,LHP0041,optimized,Normal,Thu,Thu 5,Ca4,15:50,18:30,B,1,A2-0108,86,71,0.85,0.19,P1,54,0,6,100,15:20,15:50,18:30,19:00,N
SCH00140,LHP0042,baseline,Normal,Fri,Thu 6,Ca4,15:50,18:30,B,1,B-0108,45,31,0.77,0.24,P1,23,0,1,100,15:20,15:50,18:30,19:00,N
SCH00141,LHP0042,optimized,Normal,Thu,Thu 5,Ca1,06:45,09:25,B,2,B-0206,56,31,0.77,0.24,P1,21,0,3,100,06:15,06:45,09:25,09:55,N
SCH00142,LHP0043,baseline,Normal,Fri,Thu 6,Ca3,13:00,15:40,D,1,D-0102,77,32,0.77,0.14,P2,0,23,1,180,12:30,13:00,15:40,16:10,N
SCH00143,LHP0043,baseline,Peak,Wed,Thu 4,Ca2,09:35,12:15,D,1,D-0108,69,32,0.77,0.14,P2,0,23,1,180,09:05,09:35,12:15,12:45,N
SCH00144,LHP0043,optimized,Normal,Fri,Thu 6,Ca2,09:35,12:15,A2,10,A2-1006,113,32,0.77,0.14,P1,22,0,2,150,09:05,09:35,12:15,12:45,N
SCH00145,LHP0043,optimized,Normal,Thu,Thu 5,Ca2,09:35,12:15,C,2,C-0207,44,32,0.77,0.14,P2,0,22,2,120,09:05,09:35,12:15,12:45,N
SCH00146,LHP0044,baseline,Normal,Tue,Thu 3,Ca2,09:35,12:15,A2,3,A2-0305,97,57,0.87,0.15,P1,48,0,1,150,09:05,09:35,12:15,12:45,N
SCH00147,LHP0044,optimized,Normal,Tue,Thu 3,Ca3,13:00,15:40,D,4,D-0402,78,57,0.87,0.15,P2,0,45,4,180,12:30,13:00,15:40,16:10,N
SCH00148,LHP0045,baseline,Normal,Fri,Thu 6,Ca3,13:00,15:40,A2,2,A2-0214,97,42,0.8,0.19,P1,32,0,1,150,12:30,13:00,15:40,16:10,N
SCH00149,LHP0045,optimized,Normal,Thu,Thu 5,Ca3,13:00,15:40,D,5,D-0505,87,42,0.8,0.19,P2,0,30,3,180,12:30,13:00,15:40,16:10,N
SCH00150,LHP0046,baseline,Normal,Fri,Thu 6,Ca1,06:45,09:25,D,2,D-0206,88,73,0.89,0.2,P2,0,62,3,180,06:15,06:45,09:25,09:55,N
SCH00151,LHP0046,baseline,Peak,Wed,Thu 4,Ca4,15:50,18:30,A2,2,A2-0205,118,73,0.89,0.2,P1,62,0,3,150,15:20,15:50,18:30,19:00,N
SCH00152,LHP0046,optimized,Normal,Thu,Thu 5,Ca1,06:45,09:25,D,1,D-0103,84,73,0.89,0.2,P2,0,59,6,180,06:15,06:45,09:25,09:55,N
SCH00153,LHP0046,optimized,Normal,Tue,Thu 3,Ca3,13:00,15:40,C,7,A2-0709,105,73,0.89,0.2,P2,0,59,6,120,12:30,13:00,15:40,16:10,N
SCH00154,LHP0047,baseline,Peak,Mon,Thu 2,Ca1,06:45,09:25,A2,6,A2-0610,95,57,0.76,0.18,P1,42,0,2,150,06:15,06:45,09:25,09:55,N
SCH00155,LHP0047,baseline,Worst,Mon,Thu 2,Ca1,06:45,09:25,A2,6,A2-0610,95,57,0.76,0.18,P1,42,0,2,150,06:15,06:45,09:25,09:55,N
SCH00156,LHP0047,optimized,Normal,Tue,Thu 3,Ca3,13:00,15:40,C,3,C-0302,57,57,0.76,0.18,P2,0,40,4,120,12:30,13:00,15:40,16:10,N
SCH00157,LHP0048,baseline,Normal,Fri,Thu 6,Ca2,09:35,12:15,A2,8,A2-0804,109,72,0.92,0.19,P1,64,0,3,150,09:05,09:35,12:15,12:45,N
SCH00158,LHP0048,optimized,Normal,Sat,Thu 7,Ca3,13:00,15:40,B,8,A2-0808,95,72,0.92,0.19,P1,61,0,6,100,12:30,13:00,15:40,16:10,N
SCH00159,LHP0049,baseline,Normal,Thu,Thu 5,Ca2,09:35,12:15,D,4,D-0402,78,72,0.83,0.13,P2,0,58,2,180,09:05,09:35,12:15,12:45,N
SCH00160,LHP0049,optimized,Normal,Tue,Thu 3,Ca1,06:45,09:25,C,4,A2-0403,82,72,0.83,0.13,P2,0,56,4,120,06:15,06:45,09:25,09:55,N
SCH00161,LHP0050,baseline,Peak,Wed,Thu 4,Ca1,06:45,09:25,A2,2,A2-0202,93,42,0.83,0.24,P1,32,0,2,150,06:15,06:45,09:25,09:55,N
SCH00162,LHP0050,baseline,Normal,Sat,Thu 7,Ca3,13:00,15:40,A2,3,A2-0302,90,42,0.83,0.24,P1,32,0,2,150,12:30,13:00,15:40,16:10,N
SCH00163,LHP0050,optimized,Peak,Mon,Thu 2,Ca2,09:35,12:15,A2,9,A2-0906,111,42,0.83,0.24,P1,30,0,4,150,09:05,09:35,12:15,12:45,N
SCH00164,LHP0050,optimized,Worst,Mon,Thu 2,Ca2,09:35,12:15,A2,9,A2-0906,111,42,0.83,0.24,P1,30,0,4,150,09:05,09:35,12:15,12:45,N
SCH00165,LHP0050,optimized,Normal,Thu,Thu 5,Ca2,09:35,12:15,A2,9,A2-0913,107,42,0.83,0.24,P1,30,0,4,150,09:05,09:35,12:15,12:45,N
SCH00166,LHP0051,baseline,Peak,Wed,Thu 4,Ca3,13:00,15:40,A2,8,A2-0809,115,69,0.86,0.13,P1,58,0,2,150,12:30,13:00,15:40,16:10,N
SCH00167,LHP0051,baseline,Normal,Fri,Thu 6,Ca3,13:00,15:40,A2,6,A2-0603,93,69,0.86,0.13,P1,58,0,2,150,12:30,13:00,15:40,16:10,N
SCH00168,LHP0051,optimized,Normal,Fri,Thu 6,Ca3,13:00,15:40,A2,6,A2-0609,114,69,0.86,0.13,P1,56,0,4,150,12:30,13:00,15:40,16:10,N
SCH00169,LHP0051,optimized,Normal,Tue,Thu 3,Ca1,06:45,09:25,A2,6,A2-0601,103,69,0.86,0.13,P1,56,0,4,150,06:15,06:45,09:25,09:55,N
SCH00170,LHP0052,baseline,Normal,Sat,Thu 7,Ca1,06:45,09:25,D,5,D-0508,76,48,0.79,0.21,P2,0,36,2,180,06:15,06:45,09:25,09:55,N
SCH00171,LHP0052,baseline,Peak,Wed,Thu 4,Ca3,13:00,15:40,B,1,B-0101,49,48,0.79,0.21,P1,36,0,2,100,12:30,13:00,15:40,16:10,N
SCH00172,LHP0052,optimized,Peak,Mon,Thu 2,Ca1,06:45,09:25,C,3,C-0306,59,48,0.79,0.21,P2,0,34,4,120,06:15,06:45,09:25,09:55,N
SCH00173,LHP0052,optimized,Worst,Mon,Thu 2,Ca1,06:45,09:25,C,3,C-0306,59,48,0.79,0.21,P2,0,34,4,120,06:15,06:45,09:25,09:55,N
SCH00174,LHP0052,optimized,Normal,Sat,Thu 7,Ca2,09:35,12:15,D,1,D-0105,82,48,0.79,0.21,P2,0,34,4,180,09:05,09:35,12:15,12:45,N
SCH00175,LHP0053,baseline,Peak,Mon,Thu 2,Ca1,06:45,09:25,A2,4,A2-0408,85,59,0.84,0.19,P1,47,0,2,150,06:15,06:45,09:25,09:55,N
SCH00176,LHP0053,baseline,Worst,Mon,Thu 2,Ca1,06:45,09:25,A2,4,A2-0408,85,59,0.84,0.19,P1,47,0,2,150,06:15,06:45,09:25,09:55,N
SCH00177,LHP0053,optimized,Peak,Mon,Thu 2,Ca3,13:00,15:40,C,3,C-0306,59,59,0.84,0.19,P2,0,45,4,120,12:30,13:00,15:40,16:10,N
SCH00178,LHP0053,optimized,Worst,Mon,Thu 2,Ca3,13:00,15:40,C,3,C-0306,59,59,0.84,0.19,P2,0,45,4,120,12:30,13:00,15:40,16:10,N
SCH00179,LHP0054,baseline,Peak,Mon,Thu 2,Ca2,09:35,12:15,A2,2,A2-0201,85,72,0.77,0.15,P1,53,0,2,150,09:05,09:35,12:15,12:45,N
SCH00180,LHP0054,baseline,Worst,Mon,Thu 2,Ca2,09:35,12:15,A2,2,A2-0201,85,72,0.77,0.15,P1,53,0,2,150,09:05,09:35,12:15,12:45,N
SCH00181,LHP0054,baseline,Normal,Sat,Thu 7,Ca3,13:00,15:40,A2,5,A2-0508,86,72,0.77,0.15,P1,53,0,2,150,12:30,13:00,15:40,16:10,N
SCH00182,LHP0054,optimized,Normal,Tue,Thu 3,Ca2,09:35,12:15,D,5,D-0505,87,72,0.77,0.15,P2,0,51,4,180,09:05,09:35,12:15,12:45,N
SCH00183,LHP0054,optimized,Peak,Mon,Thu 2,Ca2,09:35,12:15,A2,8,A2-0814,117,72,0.77,0.15,P1,51,0,4,150,09:05,09:35,12:15,12:45,N
SCH00184,LHP0054,optimized,Worst,Mon,Thu 2,Ca2,09:35,12:15,A2,8,A2-0814,117,72,0.77,0.15,P1,51,0,4,150,09:05,09:35,12:15,12:45,N
SCH00185,LHP0055,baseline,Peak,Wed,Thu 4,Ca3,13:00,15:40,B,2,B-0201,56,35,0.91,0.2,P1,30,0,1,100,12:30,13:00,15:40,16:10,N
SCH00186,LHP0055,baseline,Normal,Sat,Thu 7,Ca2,09:35,12:15,A2,10,A2-1002,104,35,0.91,0.2,P1,30,0,1,150,09:05,09:35,12:15,12:45,N
SCH00187,LHP0055,optimized,Normal,Tue,Thu 3,Ca1,06:45,09:25,A2,7,A2-0710,97,35,0.91,0.2,P1,28,0,3,150,06:15,06:45,09:25,09:55,N
SCH00188,LHP0055,optimized,Peak,Mon,Thu 2,Ca3,13:00,15:40,C,2,C-0202,42,35,0.91,0.2,P2,0,28,3,120,12:30,13:00,15:40,16:10,N
SCH00189,LHP0055,optimized,Worst,Mon,Thu 2,Ca3,13:00,15:40,C,2,C-0202,42,35,0.91,0.2,P2,0,28,3,120,12:30,13:00,15:40,16:10,N
SCH00190,LHP0056,baseline,Peak,Wed,Thu 4,Ca3,13:00,15:40,A2,9,A2-0913,107,42,0.78,0.06,P1,33,0,0,150,12:30,13:00,15:40,16:10,N
SCH00191,LHP0056,baseline,Normal,Thu,Thu 5,Ca3,13:00,15:40,C,2,C-0206,57,42,0.78,0.06,P2,0,33,0,120,12:30,13:00,15:40,16:10,N
SCH00192,LHP0056,optimized,Peak,Mon,Thu 2,Ca1,06:45,09:25,A2,8,A2-0810,114,42,0.78,0.06,P1,32,0,1,150,06:15,06:45,09:25,09:55,N
SCH00193,LHP0056,optimized,Worst,Mon,Thu 2,Ca1,06:45,09:25,A2,8,A2-0810,114,42,0.78,0.06,P1,32,0,1,150,06:15,06:45,09:25,09:55,N
SCH00194,LHP0056,optimized,Normal,Thu,Thu 5,Ca2,09:35,12:15,A2,5,A2-0511,109,42,0.78,0.06,P1,32,0,1,150,09:05,09:35,12:15,12:45,N
SCH00195,LHP0057,baseline,Normal,Sat,Thu 7,Ca1,06:45,09:25,A2,6,A2-0606,118,79,0.76,0.13,P1,58,0,2,150,06:15,06:45,09:25,09:55,N
SCH00196,LHP0057,baseline,Peak,Wed,Thu 4,Ca3,13:00,15:40,A2,6,A2-0614,97,79,0.76,0.13,P1,58,0,2,150,12:30,13:00,15:40,16:10,N
SCH00197,LHP0057,optimized,Peak,Wed,Thu 4,Ca1,06:45,09:25,D,1,D-0104,83,79,0.76,0.13,P2,0,56,4,180,06:15,06:45,09:25,09:55,N
SCH00198,LHP0057,optimized,Normal,Fri,Thu 6,Ca1,06:45,09:25,A2,6,A2-0606,118,79,0.76,0.13,P1,56,0,4,150,06:15,06:45,09:25,09:55,N
SCH00199,LHP0058,baseline,Normal,Fri,Thu 6,Ca3,13:00,15:40,A2,10,A2-1006,113,75,0.89,0.15,P1,65,0,2,150,12:30,13:00,15:40,16:10,N
SCH00200,LHP0058,optimized,Normal,Thu,Thu 5,Ca3,13:00,15:40,B,7,A2-0704,100,75,0.89,0.15,P1,62,0,5,100,12:30,13:00,15:40,16:10,N
SCH00201,LHP0059,baseline,Normal,Fri,Thu 6,Ca1,06:45,09:25,A2,4,A2-0403,82,78,0.92,0.23,P1,69,0,3,150,06:15,06:45,09:25,09:55,N
SCH00202,LHP0059,baseline,Peak,Mon,Thu 2,Ca1,06:45,09:25,B,1,A2-0106,94,78,0.92,0.23,P1,69,0,3,100,06:15,06:45,09:25,09:55,N
SCH00203,LHP0059,baseline,Worst,Mon,Thu 2,Ca1,06:45,09:25,B,1,A2-0106,94,78,0.92,0.23,P1,69,0,3,100,06:15,06:45,09:25,09:55,N
SCH00204,LHP0059,optimized,Normal,Fri,Thu 6,Ca4,15:50,18:30,B,8,A2-0805,89,78,0.92,0.23,P1,64,0,8,100,15:20,15:50,18:30,19:00,N
SCH00205,LHP0059,optimized,Normal,Thu,Thu 5,Ca4,15:50,18:30,D,1,D-0104,83,78,0.92,0.23,P2,0,64,8,180,15:20,15:50,18:30,19:00,N
SCH00206,LHP0060,baseline,Peak,Wed,Thu 4,Ca2,09:35,12:15,B,2,B-0207,59,41,0.91,0.19,P1,36,0,1,100,09:05,09:35,12:15,12:45,N
SCH00207,LHP0060,optimized,Normal,Sat,Thu 7,Ca1,06:45,09:25,D,1,D-0106,66,41,0.91,0.19,P2,0,33,4,180,06:15,06:45,09:25,09:55,N
SCH00208,LHP0061,baseline,Normal,Tue,Thu 3,Ca3,13:00,15:40,B,1,B-0107,56,45,0.93,0.07,P1,41,0,1,100,12:30,13:00,15:40,16:10,N
SCH00209,LHP0061,optimized,Normal,Fri,Thu 6,Ca1,06:45,09:25,B,3,B-0305,56,45,0.93,0.07,P1,40,0,2,100,06:15,06:45,09:25,09:55,N
SCH00210,LHP0062,baseline,Peak,Mon,Thu 2,Ca3,13:00,15:40,A2,8,A2-0809,115,72,0.86,0.16,P1,60,0,2,150,12:30,13:00,15:40,16:10,N
SCH00211,LHP0062,baseline,Worst,Mon,Thu 2,Ca3,13:00,15:40,A2,8,A2-0809,115,72,0.86,0.16,P1,60,0,2,150,12:30,13:00,15:40,16:10,N
SCH00212,LHP0062,optimized,Peak,Wed,Thu 4,Ca3,13:00,15:40,A2,10,A2-1008,115,72,0.86,0.16,P1,57,0,5,150,12:30,13:00,15:40,16:10,N
SCH00213,LHP0063,baseline,Peak,Mon,Thu 2,Ca3,13:00,15:40,A2,7,A2-0712,93,69,0.91,0.23,P1,59,0,3,150,12:30,13:00,15:40,16:10,N
SCH00214,LHP0063,baseline,Worst,Mon,Thu 2,Ca3,13:00,15:40,A2,7,A2-0712,93,69,0.91,0.23,P1,59,0,3,150,12:30,13:00,15:40,16:10,N
SCH00215,LHP0063,optimized,Normal,Tue,Thu 3,Ca3,13:00,15:40,D,2,D-0203,80,69,0.91,0.23,P2,0,55,7,180,12:30,13:00,15:40,16:10,N
SCH00216,LHP0064,baseline,Peak,Mon,Thu 2,Ca3,13:00,15:40,C,2,C-0201,58,58,0.93,0.2,P2,0,52,2,120,12:30,13:00,15:40,16:10,N
SCH00217,LHP0064,baseline,Worst,Mon,Thu 2,Ca3,13:00,15:40,C,2,C-0201,58,58,0.93,0.2,P2,0,52,2,120,12:30,13:00,15:40,16:10,N
SCH00218,LHP0064,optimized,Normal,Fri,Thu 6,Ca3,13:00,15:40,B,2,B-0207,59,58,0.93,0.2,P1,48,0,6,100,12:30,13:00,15:40,16:10,N
SCH00219,LHP0065,baseline,Peak,Wed,Thu 4,Ca3,13:00,15:40,B,5,A2-0513,103,78,0.8,0.18,P1,60,0,2,100,12:30,13:00,15:40,16:10,N
SCH00220,LHP0065,baseline,Normal,Sat,Thu 7,Ca4,15:50,18:30,A2,8,A2-0807,88,78,0.8,0.18,P1,60,0,2,150,15:20,15:50,18:30,19:00,N
SCH00221,LHP0065,optimized,Normal,Tue,Thu 3,Ca1,06:45,09:25,D,4,D-0402,78,78,0.8,0.18,P2,0,56,6,180,06:15,06:45,09:25,09:55,N
SCH00222,LHP0065,optimized,Normal,Fri,Thu 6,Ca1,06:45,09:25,D,4,D-0407,80,78,0.8,0.18,P2,0,56,6,180,06:15,06:45,09:25,09:55,N
SCH00223,LHP0066,baseline,Peak,Mon,Thu 2,Ca1,06:45,09:25,B,9,A2-0904,88,61,0.88,0.1,P1,52,0,1,100,06:15,06:45,09:25,09:55,N
SCH00224,LHP0066,baseline,Worst,Mon,Thu 2,Ca1,06:45,09:25,B,9,A2-0904,88,61,0.88,0.1,P1,52,0,1,100,06:15,06:45,09:25,09:55,N
SCH00225,LHP0066,optimized,Normal,Tue,Thu 3,Ca1,06:45,09:25,B,6,A2-0612,109,61,0.88,0.1,P1,51,0,2,100,06:15,06:45,09:25,09:55,N
SCH00226,LHP0067,baseline,Normal,Fri,Thu 6,Ca1,06:45,09:25,C,3,C-0303,45,45,0.8,0.11,P2,0,35,1,120,06:15,06:45,09:25,09:55,N
SCH00227,LHP0067,optimized,Normal,Sat,Thu 7,Ca1,06:45,09:25,B,2,B-0204,49,45,0.8,0.11,P1,34,0,2,100,06:15,06:45,09:25,09:55,N
SCH00228,LHP0068,baseline,Peak,Mon,Thu 2,Ca2,09:35,12:15,A2,7,A2-0705,83,39,0.8,0.19,P1,30,0,1,150,09:05,09:35,12:15,12:45,N
SCH00229,LHP0068,baseline,Worst,Mon,Thu 2,Ca2,09:35,12:15,A2,7,A2-0705,83,39,0.8,0.19,P1,30,0,1,150,09:05,09:35,12:15,12:45,N
SCH00230,LHP0068,baseline,Peak,Wed,Thu 4,Ca3,13:00,15:40,A2,8,A2-0801,93,39,0.8,0.19,P1,30,0,1,150,12:30,13:00,15:40,16:10,N
SCH00231,LHP0068,optimized,Normal,Thu,Thu 5,Ca3,13:00,15:40,A2,8,A2-0802,111,39,0.8,0.19,P1,28,0,3,150,12:30,13:00,15:40,16:10,N
SCH00232,LHP0068,optimized,Peak,Wed,Thu 4,Ca1,06:45,09:25,C,3,C-0304,48,39,0.8,0.19,P2,0,28,3,120,06:15,06:45,09:25,09:55,N
SCH00233,LHP0069,baseline,Normal,Fri,Thu 6,Ca3,13:00,15:40,A2,5,A2-0503,82,56,0.83,0.16,P1,45,0,1,150,12:30,13:00,15:40,16:10,N
SCH00234,LHP0069,optimized,Normal,Sat,Thu 7,Ca1,06:45,09:25,C,3,C-0305,56,56,0.83,0.16,P2,0,42,4,120,06:15,06:45,09:25,09:55,N
SCH00235,LHP0070,baseline,Peak,Wed,Thu 4,Ca3,13:00,15:40,A2,5,A2-0507,94,56,0.83,0.2,P1,44,0,2,150,12:30,13:00,15:40,16:10,N
SCH00236,LHP0070,baseline,Normal,Sat,Thu 7,Ca1,06:45,09:25,D,4,D-0404,60,56,0.83,0.2,P2,0,44,2,180,06:15,06:45,09:25,09:55,N
SCH00237,LHP0070,optimized,Normal,Thu,Thu 5,Ca2,09:35,12:15,D,1,D-0106,66,56,0.83,0.2,P2,0,42,4,180,09:05,09:35,12:15,12:45,N
SCH00238,LHP0070,optimized,Normal,Sat,Thu 7,Ca4,15:50,18:30,C,2,C-0201,58,56,0.83,0.2,P2,0,42,4,120,15:20,15:50,18:30,19:00,N
SCH00239,LHP0071,baseline,Normal,Tue,Thu 3,Ca1,06:45,09:25,A2,6,A2-0605,84,78,0.87,0.15,P1,66,0,2,150,06:15,06:45,09:25,09:55,N
SCH00240,LHP0071,baseline,Peak,Wed,Thu 4,Ca3,13:00,15:40,C,9,A2-0908,83,78,0.87,0.15,P2,0,66,2,120,12:30,13:00,15:40,16:10,N
SCH00241,LHP0071,optimized,Normal,Fri,Thu 6,Ca2,09:35,12:15,C,5,A2-0511,109,78,0.87,0.15,P2,0,63,5,120,09:05,09:35,12:15,12:45,N
SCH00242,LHP0071,optimized,Peak,Wed,Thu 4,Ca4,15:50,18:30,A2,4,A2-0410,98,78,0.87,0.15,P1,63,0,5,150,15:20,15:50,18:30,19:00,N
SCH00243,LHP0072,baseline,Peak,Wed,Thu 4,Ca3,13:00,15:40,A2,3,A2-0309,86,78,0.83,0.23,P1,62,0,3,150,12:30,13:00,15:40,16:10,N
SCH00244,LHP0072,baseline,Normal,Fri,Thu 6,Ca3,13:00,15:40,D,1,D-0107,82,78,0.83,0.23,P2,0,62,3,180,12:30,13:00,15:40,16:10,N
SCH00245,LHP0072,optimized,Peak,Wed,Thu 4,Ca4,15:50,18:30,C,6,A2-0614,97,78,0.83,0.23,P2,0,57,8,120,15:20,15:50,18:30,19:00,N
SCH00246,LHP0072,optimized,Peak,Mon,Thu 2,Ca3,13:00,15:40,C,9,A2-0903,94,78,0.83,0.23,P2,0,57,8,120,12:30,13:00,15:40,16:10,N
SCH00247,LHP0072,optimized,Worst,Mon,Thu 2,Ca3,13:00,15:40,C,9,A2-0903,94,78,0.83,0.23,P2,0,57,8,120,12:30,13:00,15:40,16:10,N
SCH00248,LHP0073,baseline,Normal,Fri,Thu 6,Ca3,13:00,15:40,A2,1,A2-0105,95,77,0.9,0.21,P1,67,0,3,150,12:30,13:00,15:40,16:10,N
SCH00249,LHP0073,baseline,Peak,Mon,Thu 2,Ca2,09:35,12:15,A2,7,A2-0703,94,77,0.9,0.21,P1,67,0,3,150,09:05,09:35,12:15,12:45,N
SCH00250,LHP0073,baseline,Worst,Mon,Thu 2,Ca2,09:35,12:15,A2,7,A2-0703,94,77,0.9,0.21,P1,67,0,3,150,09:05,09:35,12:15,12:45,N
SCH00251,LHP0073,optimized,Normal,Thu,Thu 5,Ca3,13:00,15:40,A2,8,A2-0806,96,77,0.9,0.21,P1,62,0,8,150,12:30,13:00,15:40,16:10,N
SCH00252,LHP0073,optimized,Peak,Mon,Thu 2,Ca3,13:00,15:40,A2,4,A2-0414,116,77,0.9,0.21,P1,62,0,8,150,12:30,13:00,15:40,16:10,N
SCH00253,LHP0073,optimized,Worst,Mon,Thu 2,Ca3,13:00,15:40,A2,4,A2-0414,116,77,0.9,0.21,P1,62,0,8,150,12:30,13:00,15:40,16:10,N
SCH00254,LHP0074,baseline,Normal,Thu,Thu 5,Ca3,13:00,15:40,A2,2,A2-0204,112,44,0.8,0.15,P1,34,0,1,150,12:30,13:00,15:40,16:10,N
SCH00255,LHP0074,optimized,Peak,Mon,Thu 2,Ca1,06:45,09:25,A2,2,A2-0201,85,44,0.8,0.15,P1,33,0,2,150,06:15,06:45,09:25,09:55,N
SCH00256,LHP0074,optimized,Worst,Mon,Thu 2,Ca1,06:45,09:25,A2,2,A2-0201,85,44,0.8,0.15,P1,33,0,2,150,06:15,06:45,09:25,09:55,N
SCH00257,LHP0075,baseline,Normal,Fri,Thu 6,Ca2,09:35,12:15,C,5,A2-0506,85,76,0.78,0.14,P2,0,57,2,120,09:05,09:35,12:15,12:45,N
SCH00258,LHP0075,optimized,Normal,Sat,Thu 7,Ca3,13:00,15:40,B,3,A2-0302,90,76,0.78,0.14,P1,55,0,4,100,12:30,13:00,15:40,16:10,N
SCH00259,LHP0076,baseline,Normal,Sat,Thu 7,Ca1,06:45,09:25,D,5,D-0501,67,64,0.76,0.13,P2,0,47,1,180,06:15,06:45,09:25,09:55,N
SCH00260,LHP0076,optimized,Peak,Wed,Thu 4,Ca2,09:35,12:15,D,2,D-0208,74,64,0.76,0.13,P2,0,45,3,180,09:05,09:35,12:15,12:45,N
SCH00261,LHP0077,baseline,Peak,Mon,Thu 2,Ca3,13:00,15:40,A2,4,A2-0411,120,35,0.88,0.08,P1,30,0,0,150,12:30,13:00,15:40,16:10,N
SCH00262,LHP0077,baseline,Worst,Mon,Thu 2,Ca3,13:00,15:40,A2,4,A2-0411,120,35,0.88,0.08,P1,30,0,0,150,12:30,13:00,15:40,16:10,N
SCH00263,LHP0077,optimized,Normal,Thu,Thu 5,Ca1,06:45,09:25,C,1,C-0101,55,35,0.88,0.08,P2,0,29,1,120,06:15,06:45,09:25,09:55,N
SCH00264,LHP0078,baseline,Normal,Sat,Thu 7,Ca3,13:00,15:40,B,2,B-0204,49,46,0.83,0.09,P1,37,0,1,100,12:30,13:00,15:40,16:10,N
SCH00265,LHP0078,optimized,Normal,Sat,Thu 7,Ca2,09:35,12:15,D,2,D-0203,80,46,0.83,0.09,P2,0,36,2,180,09:05,09:35,12:15,12:45,N
SCH00266,LHP0079,baseline,Peak,Mon,Thu 2,Ca1,06:45,09:25,A2,7,A2-0708,100,47,0.9,0.22,P1,40,0,2,150,06:15,06:45,09:25,09:55,N
SCH00267,LHP0079,baseline,Worst,Mon,Thu 2,Ca1,06:45,09:25,A2,7,A2-0708,100,47,0.9,0.22,P1,40,0,2,150,06:15,06:45,09:25,09:55,N
SCH00268,LHP0079,optimized,Normal,Thu,Thu 5,Ca1,06:45,09:25,B,1,B-0104,54,47,0.9,0.22,P1,38,0,4,100,06:15,06:45,09:25,09:55,N
SCH00269,LHP0080,baseline,Normal,Thu,Thu 5,Ca2,09:35,12:15,A2,3,A2-0310,85,60,0.75,0.16,P1,44,0,1,150,09:05,09:35,12:15,12:45,N
SCH00270,LHP0080,baseline,Peak,Wed,Thu 4,Ca3,13:00,15:40,B,2,B-0203,60,60,0.75,0.16,P1,44,0,1,100,12:30,13:00,15:40,16:10,N
SCH00271,LHP0080,optimized,Peak,Mon,Thu 2,Ca3,13:00,15:40,A2,6,A2-0605,84,60,0.75,0.16,P1,41,0,4,150,12:30,13:00,15:40,16:10,N
SCH00272,LHP0080,optimized,Worst,Mon,Thu 2,Ca3,13:00,15:40,A2,6,A2-0605,84,60,0.75,0.16,P1,41,0,4,150,12:30,13:00,15:40,16:10,N
SCH00273,LHP0080,optimized,Normal,Fri,Thu 6,Ca3,13:00,15:40,A2,10,A2-1005,109,60,0.75,0.16,P1,41,0,4,150,12:30,13:00,15:40,16:10,N
SCH00274,LHP0081,baseline,Peak,Wed,Thu 4,Ca2,09:35,12:15,A2,3,A2-0308,101,44,0.88,0.21,P1,37,0,2,150,09:05,09:35,12:15,12:45,N
SCH00275,LHP0081,baseline,Normal,Sat,Thu 7,Ca2,09:35,12:15,A2,2,A2-0202,93,44,0.88,0.21,P1,37,0,2,150,09:05,09:35,12:15,12:45,N
SCH00276,LHP0081,optimized,Peak,Mon,Thu 2,Ca3,13:00,15:40,A2,8,A2-0810,114,44,0.88,0.21,P1,35,0,4,150,12:30,13:00,15:40,16:10,N
SCH00277,LHP0081,optimized,Worst,Mon,Thu 2,Ca3,13:00,15:40,A2,8,A2-0810,114,44,0.88,0.21,P1,35,0,4,150,12:30,13:00,15:40,16:10,N
SCH00278,LHP0081,optimized,Normal,Sat,Thu 7,Ca1,06:45,09:25,D,4,D-0406,82,44,0.88,0.21,P2,0,35,4,180,06:15,06:45,09:25,09:55,N
SCH00279,LHP0082,baseline,Peak,Mon,Thu 2,Ca3,13:00,15:40,D,3,D-0306,60,45,0.79,0.05,P2,0,36,0,180,12:30,13:00,15:40,16:10,N
SCH00280,LHP0082,baseline,Worst,Mon,Thu 2,Ca3,13:00,15:40,D,3,D-0306,60,45,0.79,0.05,P2,0,36,0,180,12:30,13:00,15:40,16:10,N
SCH00281,LHP0082,optimized,Normal,Thu,Thu 5,Ca3,13:00,15:40,D,3,D-0303,67,45,0.79,0.05,P2,0,35,1,180,12:30,13:00,15:40,16:10,N
SCH00282,LHP0083,baseline,Peak,Wed,Thu 4,Ca3,13:00,15:40,D,2,D-0202,81,60,0.88,0.16,P2,0,50,2,180,12:30,13:00,15:40,16:10,N
SCH00283,LHP0083,optimized,Peak,Wed,Thu 4,Ca2,09:35,12:15,D,3,D-0308,77,60,0.88,0.16,P2,0,48,4,180,09:05,09:35,12:15,12:45,N
SCH00284,LHP0084,baseline,Peak,Mon,Thu 2,Ca2,09:35,12:15,A2,2,A2-0214,97,79,0.82,0.17,P1,63,0,2,150,09:05,09:35,12:15,12:45,N
SCH00285,LHP0084,baseline,Worst,Mon,Thu 2,Ca2,09:35,12:15,A2,2,A2-0214,97,79,0.82,0.17,P1,63,0,2,150,09:05,09:35,12:15,12:45,N
SCH00286,LHP0084,baseline,Normal,Fri,Thu 6,Ca1,06:45,09:25,A2,4,A2-0411,120,79,0.82,0.17,P1,63,0,2,150,06:15,06:45,09:25,09:55,N
SCH00287,LHP0084,optimized,Peak,Mon,Thu 2,Ca4,15:50,18:30,A2,2,A2-0203,94,79,0.82,0.17,P1,59,0,6,150,15:20,15:50,18:30,19:00,N
SCH00288,LHP0084,optimized,Worst,Mon,Thu 2,Ca4,15:50,18:30,A2,2,A2-0203,94,79,0.82,0.17,P1,59,0,6,150,15:20,15:50,18:30,19:00,N
SCH00289,LHP0084,optimized,Normal,Sat,Thu 7,Ca2,09:35,12:15,C,2,A2-0206,81,79,0.82,0.17,P2,0,59,6,120,09:05,09:35,12:15,12:45,N
SCH00290,LHP0085,baseline,Peak,Mon,Thu 2,Ca4,15:50,18:30,A2,5,A2-0506,85,79,0.91,0.24,P1,69,0,3,150,15:20,15:50,18:30,19:00,N
SCH00291,LHP0085,baseline,Worst,Mon,Thu 2,Ca4,15:50,18:30,A2,5,A2-0506,85,79,0.91,0.24,P1,69,0,3,150,15:20,15:50,18:30,19:00,N
SCH00292,LHP0085,optimized,Normal,Tue,Thu 3,Ca2,09:35,12:15,A2,1,A2-0105,95,79,0.91,0.24,P1,64,0,8,150,09:05,09:35,12:15,12:45,N
SCH00293,LHP0086,baseline,Normal,Sat,Thu 7,Ca1,06:45,09:25,A2,8,A2-0813,107,49,0.87,0.23,P1,41,0,2,150,06:15,06:45,09:25,09:55,N
SCH00294,LHP0086,optimized,Normal,Tue,Thu 3,Ca4,15:50,18:30,D,4,D-0406,82,49,0.87,0.23,P2,0,38,5,180,15:20,15:50,18:30,19:00,N
SCH00295,LHP0087,baseline,Peak,Mon,Thu 2,Ca1,06:45,09:25,B,1,B-0104,54,34,0.87,0.22,P1,29,0,1,100,06:15,06:45,09:25,09:55,N
SCH00296,LHP0087,baseline,Worst,Mon,Thu 2,Ca1,06:45,09:25,B,1,B-0104,54,34,0.87,0.22,P1,29,0,1,100,06:15,06:45,09:25,09:55,N
SCH00297,LHP0087,optimized,Normal,Sat,Thu 7,Ca2,09:35,12:15,C,3,C-0308,46,34,0.87,0.22,P2,0,26,4,120,09:05,09:35,12:15,12:45,N
SCH00298,LHP0088,baseline,Normal,Sat,Thu 7,Ca4,15:50,18:30,A2,7,A2-0713,116,73,0.87,0.07,P1,62,0,1,150,15:20,15:50,18:30,19:00,N
SCH00299,LHP0088,baseline,Normal,Fri,Thu 6,Ca1,06:45,09:25,A2,5,A2-0506,85,73,0.87,0.07,P1,62,0,1,150,06:15,06:45,09:25,09:55,N
SCH00300,LHP0088,optimized,Normal,Tue,Thu 3,Ca4,15:50,18:30,A2,10,A2-1010,87,73,0.87,0.07,P1,61,0,2,150,15:20,15:50,18:30,19:00,N
SCH00301,LHP0088,optimized,Peak,Mon,Thu 2,Ca1,06:45,09:25,A2,5,A2-0509,104,73,0.87,0.07,P1,61,0,2,150,06:15,06:45,09:25,09:55,N
SCH00302,LHP0088,optimized,Worst,Mon,Thu 2,Ca1,06:45,09:25,A2,5,A2-0509,104,73,0.87,0.07,P1,61,0,2,150,06:15,06:45,09:25,09:55,N
SCH00303,LHP0089,baseline,Peak,Mon,Thu 2,Ca4,15:50,18:30,A2,3,A2-0314,102,52,0.86,0.18,P1,43,0,2,150,15:20,15:50,18:30,19:00,N
SCH00304,LHP0089,baseline,Worst,Mon,Thu 2,Ca4,15:50,18:30,A2,3,A2-0314,102,52,0.86,0.18,P1,43,0,2,150,15:20,15:50,18:30,19:00,N
SCH00305,LHP0089,optimized,Normal,Fri,Thu 6,Ca2,09:35,12:15,B,1,B-0104,54,52,0.86,0.18,P1,41,0,4,100,09:05,09:35,12:15,12:45,N
SCH00306,LHP0090,baseline,Peak,Wed,Thu 4,Ca3,13:00,15:40,D,3,D-0303,67,30,0.92,0.21,P2,0,27,1,180,12:30,13:00,15:40,16:10,N
SCH00307,LHP0090,optimized,Peak,Mon,Thu 2,Ca4,15:50,18:30,D,5,D-0501,67,30,0.92,0.21,P2,0,25,3,180,15:20,15:50,18:30,19:00,N
SCH00308,LHP0090,optimized,Worst,Mon,Thu 2,Ca4,15:50,18:30,D,5,D-0501,67,30,0.92,0.21,P2,0,25,3,180,15:20,15:50,18:30,19:00,N
SCH00309,LHP0091,baseline,Normal,Tue,Thu 3,Ca2,09:35,12:15,D,4,D-0406,82,70,0.93,0.14,P2,0,63,2,180,09:05,09:35,12:15,12:45,N
SCH00310,LHP0091,optimized,Peak,Mon,Thu 2,Ca1,06:45,09:25,A2,5,A2-0508,86,70,0.93,0.14,P1,61,0,4,150,06:15,06:45,09:25,09:55,N
SCH00311,LHP0091,optimized,Worst,Mon,Thu 2,Ca1,06:45,09:25,A2,5,A2-0508,86,70,0.93,0.14,P1,61,0,4,150,06:15,06:45,09:25,09:55,N
SCH00312,LHP0092,baseline,Peak,Mon,Thu 2,Ca3,13:00,15:40,A2,8,A2-0814,117,76,0.85,0.18,P1,63,0,2,150,12:30,13:00,15:40,16:10,N
SCH00313,LHP0092,baseline,Worst,Mon,Thu 2,Ca3,13:00,15:40,A2,8,A2-0814,117,76,0.85,0.18,P1,63,0,2,150,12:30,13:00,15:40,16:10,N
SCH00314,LHP0092,baseline,Normal,Sat,Thu 7,Ca3,13:00,15:40,A2,6,A2-0601,103,76,0.85,0.18,P1,63,0,2,150,12:30,13:00,15:40,16:10,N
SCH00315,LHP0092,optimized,Normal,Thu,Thu 5,Ca3,13:00,15:40,A2,4,A2-0402,96,76,0.85,0.18,P1,59,0,6,150,12:30,13:00,15:40,16:10,N
SCH00316,LHP0092,optimized,Peak,Mon,Thu 2,Ca4,15:50,18:30,C,6,A2-0602,102,76,0.85,0.18,P2,0,59,6,120,15:20,15:50,18:30,19:00,N
SCH00317,LHP0092,optimized,Worst,Mon,Thu 2,Ca4,15:50,18:30,C,6,A2-0602,102,76,0.85,0.18,P2,0,59,6,120,15:20,15:50,18:30,19:00,N
SCH00318,LHP0093,baseline,Peak,Wed,Thu 4,Ca1,06:45,09:25,C,10,A2-1004,118,79,0.85,0.14,P2,0,65,2,120,06:15,06:45,09:25,09:55,N
SCH00319,LHP0093,baseline,Normal,Fri,Thu 6,Ca1,06:45,09:25,D,2,D-0202,81,79,0.85,0.14,P2,0,65,2,180,06:15,06:45,09:25,09:55,N
SCH00320,LHP0093,optimized,Peak,Mon,Thu 2,Ca3,13:00,15:40,A2,9,A2-0901,105,79,0.85,0.14,P1,63,0,4,150,12:30,13:00,15:40,16:10,N
SCH00321,LHP0093,optimized,Worst,Mon,Thu 2,Ca3,13:00,15:40,A2,9,A2-0901,105,79,0.85,0.14,P1,63,0,4,150,12:30,13:00,15:40,16:10,N
SCH00322,LHP0093,optimized,Normal,Fri,Thu 6,Ca2,09:35,12:15,A2,8,A2-0813,107,79,0.85,0.14,P1,63,0,4,150,09:05,09:35,12:15,12:45,N
SCH00323,LHP0094,baseline,Normal,Tue,Thu 3,Ca1,06:45,09:25,A2,10,A2-1007,96,50,0.92,0.22,P1,44,0,2,150,06:15,06:45,09:25,09:55,N
SCH00324,LHP0094,optimized,Peak,Mon,Thu 2,Ca3,13:00,15:40,C,2,C-0206,57,50,0.92,0.22,P2,0,41,5,120,12:30,13:00,15:40,16:10,N
SCH00325,LHP0094,optimized,Worst,Mon,Thu 2,Ca3,13:00,15:40,C,2,C-0206,57,50,0.92,0.22,P2,0,41,5,120,12:30,13:00,15:40,16:10,N
SCH00326,LHP0095,baseline,Normal,Fri,Thu 6,Ca3,13:00,15:40,A2,9,A2-0906,111,45,0.9,0.16,P1,39,0,1,150,12:30,13:00,15:40,16:10,N
SCH00327,LHP0095,baseline,Peak,Wed,Thu 4,Ca4,15:50,18:30,C,3,C-0306,59,45,0.9,0.16,P2,0,39,1,120,15:20,15:50,18:30,19:00,N
SCH00328,LHP0095,optimized,Normal,Thu,Thu 5,Ca2,09:35,12:15,A2,7,A2-0713,116,45,0.9,0.16,P1,37,0,3,150,09:05,09:35,12:15,12:45,N
SCH00329,LHP0095,optimized,Peak,Mon,Thu 2,Ca1,06:45,09:25,C,1,C-0108,47,45,0.9,0.16,P2,0,37,3,120,06:15,06:45,09:25,09:55,N
SCH00330,LHP0095,optimized,Worst,Mon,Thu 2,Ca1,06:45,09:25,C,1,C-0108,47,45,0.9,0.16,P2,0,37,3,120,06:15,06:45,09:25,09:55,N
SCH00331,LHP0096,baseline,Normal,Fri,Thu 6,Ca3,13:00,15:40,D,1,D-0106,66,31,0.85,0.12,P2,0,25,1,180,12:30,13:00,15:40,16:10,N
SCH00332,LHP0096,optimized,Peak,Wed,Thu 4,Ca1,06:45,09:25,C,3,C-0306,59,31,0.85,0.12,P2,0,24,2,120,06:15,06:45,09:25,09:55,N
SCH00333,LHP0097,baseline,Normal,Fri,Thu 6,Ca1,06:45,09:25,A2,8,A2-0802,111,46,0.82,0.23,P1,36,0,2,150,06:15,06:45,09:25,09:55,N
SCH00334,LHP0097,baseline,Peak,Wed,Thu 4,Ca3,13:00,15:40,A2,1,A2-0102,87,46,0.82,0.23,P1,36,0,2,150,12:30,13:00,15:40,16:10,N
SCH00335,LHP0097,optimized,Normal,Fri,Thu 6,Ca4,15:50,18:30,C,3,C-0307,53,46,0.82,0.23,P2,0,34,4,120,15:20,15:50,18:30,19:00,N
SCH00336,LHP0097,optimized,Normal,Thu,Thu 5,Ca2,09:35,12:15,B,1,B-0102,53,46,0.82,0.23,P1,34,0,4,100,09:05,09:35,12:15,12:45,N
SCH00337,LHP0098,baseline,Peak,Wed,Thu 4,Ca1,06:45,09:25,B,2,D-0202,81,65,0.75,0.24,P1,47,0,2,100,06:15,06:45,09:25,09:55,N
SCH00338,LHP0098,optimized,Normal,Sat,Thu 7,Ca4,15:50,18:30,C,2,D-0206,88,65,0.75,0.24,P2,0,43,6,120,15:20,15:50,18:30,19:00,N
SCH00339,LHP0099,baseline,Normal,Thu,Thu 5,Ca1,06:45,09:25,D,5,D-0508,76,61,0.86,0.1,P2,0,51,1,180,06:15,06:45,09:25,09:55,N
SCH00340,LHP0099,optimized,Normal,Tue,Thu 3,Ca1,06:45,09:25,B,4,A2-0407,104,61,0.86,0.1,P1,50,0,2,100,06:15,06:45,09:25,09:55,N
SCH00341,LHP0100,baseline,Peak,Wed,Thu 4,Ca1,06:45,09:25,A2,1,A2-0109,114,58,0.91,0.07,P1,52,0,1,150,06:15,06:45,09:25,09:55,N
SCH00342,LHP0100,optimized,Normal,Sat,Thu 7,Ca1,06:45,09:25,A2,5,A2-0509,104,58,0.91,0.07,P1,51,0,2,150,06:15,06:45,09:25,09:55,N
SCH00343,LHP0101,baseline,Normal,Sat,Thu 7,Ca3,13:00,15:40,A2,5,A2-0503,82,49,0.88,0.12,P1,42,0,1,150,12:30,13:00,15:40,16:10,N
SCH00344,LHP0101,optimized,Peak,Wed,Thu 4,Ca2,09:35,12:15,D,4,D-0405,62,49,0.88,0.12,P2,0,41,2,180,09:05,09:35,12:15,12:45,N
SCH00345,LHP0102,baseline,Normal,Fri,Thu 6,Ca3,13:00,15:40,D,3,D-0307,78,57,0.95,0.16,P2,0,52,2,180,12:30,13:00,15:40,16:10,N
SCH00346,LHP0102,optimized,Normal,Fri,Thu 6,Ca1,06:45,09:25,A2,8,A2-0804,109,57,0.95,0.16,P1,50,0,4,150,06:15,06:45,09:25,09:55,N
SCH00347,LHP0103,baseline,Normal,Sat,Thu 7,Ca1,06:45,09:25,C,1,C-0108,47,47,0.81,0.1,P2,0,37,1,120,06:15,06:45,09:25,09:55,N
SCH00348,LHP0103,baseline,Peak,Wed,Thu 4,Ca3,13:00,15:40,D,3,D-0307,78,47,0.81,0.1,P2,0,37,1,180,12:30,13:00,15:40,16:10,N
SCH00349,LHP0103,optimized,Normal,Thu,Thu 5,Ca1,06:45,09:25,C,1,C-0105,49,47,0.81,0.1,P2,0,36,2,120,06:15,06:45,09:25,09:55,N
SCH00350,LHP0103,optimized,Normal,Fri,Thu 6,Ca1,06:45,09:25,C,3,C-0304,48,47,0.81,0.1,P2,0,36,2,120,06:15,06:45,09:25,09:55,N
SCH00351,LHP0104,baseline,Normal,Thu,Thu 5,Ca1,06:45,09:25,A2,8,A2-0805,89,37,0.9,0.24,P1,31,0,2,150,06:15,06:45,09:25,09:55,N
SCH00352,LHP0104,baseline,Peak,Wed,Thu 4,Ca3,13:00,15:40,A2,9,A2-0912,90,37,0.9,0.24,P1,31,0,2,150,12:30,13:00,15:40,16:10,N
SCH00353,LHP0104,optimized,Normal,Fri,Thu 6,Ca4,15:50,18:30,B,1,B-0103,45,37,0.9,0.24,P1,29,0,4,100,15:20,15:50,18:30,19:00,N
SCH00354,LHP0104,optimized,Peak,Wed,Thu 4,Ca4,15:50,18:30,D,2,D-0201,72,37,0.9,0.24,P2,0,29,4,180,15:20,15:50,18:30,19:00,N
SCH00355,LHP0105,baseline,Peak,Mon,Thu 2,Ca3,13:00,15:40,D,3,D-0302,67,43,0.9,0.11,P2,0,37,1,180,12:30,13:00,15:40,16:10,N
SCH00356,LHP0105,baseline,Worst,Mon,Thu 2,Ca3,13:00,15:40,D,3,D-0302,67,43,0.9,0.11,P2,0,37,1,180,12:30,13:00,15:40,16:10,N
SCH00357,LHP0105,optimized,Normal,Fri,Thu 6,Ca3,13:00,15:40,A2,2,A2-0208,92,43,0.9,0.11,P1,36,0,2,150,12:30,13:00,15:40,16:10,N
SCH00358,LHP0106,baseline,Normal,Fri,Thu 6,Ca1,06:45,09:25,B,4,A2-0401,118,68,0.81,0.07,P1,54,0,1,100,06:15,06:45,09:25,09:55,N
SCH00359,LHP0106,optimized,Normal,Sat,Thu 7,Ca3,13:00,15:40,A2,1,A2-0108,86,68,0.81,0.07,P1,53,0,2,150,12:30,13:00,15:40,16:10,N
SCH00360,LHP0107,baseline,Peak,Wed,Thu 4,Ca2,09:35,12:15,A2,8,A2-0809,115,53,0.79,0.05,P1,42,0,0,150,09:05,09:35,12:15,12:45,N
SCH00361,LHP0107,optimized,Normal,Tue,Thu 3,Ca2,09:35,12:15,B,3,B-0304,57,53,0.79,0.05,P1,41,0,1,100,09:05,09:35,12:15,12:45,N
SCH00362,LHP0108,baseline,Peak,Mon,Thu 2,Ca1,06:45,09:25,D,3,D-0303,67,32,0.94,0.16,P2,0,29,1,180,06:15,06:45,09:25,09:55,N
SCH00363,LHP0108,baseline,Worst,Mon,Thu 2,Ca1,06:45,09:25,D,3,D-0303,67,32,0.94,0.16,P2,0,29,1,180,06:15,06:45,09:25,09:55,N
SCH00364,LHP0108,baseline,Peak,Wed,Thu 4,Ca3,13:00,15:40,A2,8,A2-0802,111,32,0.94,0.16,P1,29,0,1,150,12:30,13:00,15:40,16:10,N
SCH00365,LHP0108,optimized,Peak,Mon,Thu 2,Ca1,06:45,09:25,B,2,B-0206,56,32,0.94,0.16,P1,28,0,2,100,06:15,06:45,09:25,09:55,N
SCH00366,LHP0108,optimized,Worst,Mon,Thu 2,Ca1,06:45,09:25,B,2,B-0206,56,32,0.94,0.16,P1,28,0,2,100,06:15,06:45,09:25,09:55,N
SCH00367,LHP0108,optimized,Normal,Tue,Thu 3,Ca1,06:45,09:25,A2,6,A2-0604,97,32,0.94,0.16,P1,28,0,2,150,06:15,06:45,09:25,09:55,N
SCH00368,LHP0109,baseline,Peak,Wed,Thu 4,Ca3,13:00,15:40,A2,9,A2-0901,105,70,0.92,0.15,P1,63,0,2,150,12:30,13:00,15:40,16:10,N
SCH00369,LHP0109,baseline,Normal,Sat,Thu 7,Ca1,06:45,09:25,D,1,D-0103,84,70,0.92,0.15,P2,0,63,2,180,06:15,06:45,09:25,09:55,N
SCH00370,LHP0109,optimized,Normal,Tue,Thu 3,Ca2,09:35,12:15,A2,4,A2-0414,116,70,0.92,0.15,P1,60,0,5,150,09:05,09:35,12:15,12:45,N
SCH00371,LHP0109,optimized,Normal,Sat,Thu 7,Ca3,13:00,15:40,A2,8,A2-0813,107,70,0.92,0.15,P1,60,0,5,150,12:30,13:00,15:40,16:10,N
SCH00372,LHP0110,baseline,Peak,Mon,Thu 2,Ca4,15:50,18:30,C,3,C-0307,53,48,0.84,0.14,P2,0,40,1,120,15:20,15:50,18:30,19:00,N
SCH00373,LHP0110,baseline,Worst,Mon,Thu 2,Ca4,15:50,18:30,C,3,C-0307,53,48,0.84,0.14,P2,0,40,1,120,15:20,15:50,18:30,19:00,N
SCH00374,LHP0110,optimized,Normal,Fri,Thu 6,Ca2,09:35,12:15,C,2,C-0201,58,48,0.84,0.14,P2,0,38,3,120,09:05,09:35,12:15,12:45,N
SCH00375,LHP0111,baseline,Normal,Sat,Thu 7,Ca3,13:00,15:40,B,3,B-0307,59,46,0.94,0.15,P1,42,0,1,100,12:30,13:00,15:40,16:10,N
SCH00376,LHP0111,baseline,Peak,Wed,Thu 4,Ca1,06:45,09:25,A2,10,A2-1014,87,46,0.94,0.15,P1,42,0,1,150,06:15,06:45,09:25,09:55,N
SCH00377,LHP0111,optimized,Normal,Thu,Thu 5,Ca3,13:00,15:40,D,1,D-0102,77,46,0.94,0.15,P2,0,40,3,180,12:30,13:00,15:40,16:10,N
SCH00378,LHP0111,optimized,Normal,Tue,Thu 3,Ca2,09:35,12:15,B,1,B-0102,53,46,0.94,0.15,P1,40,0,3,100,09:05,09:35,12:15,12:45,N
SCH00379,LHP0112,baseline,Peak,Wed,Thu 4,Ca3,13:00,15:40,D,1,D-0103,84,61,0.76,0.18,P2,0,44,2,180,12:30,13:00,15:40,16:10,N
SCH00380,LHP0112,optimized,Normal,Fri,Thu 6,Ca2,09:35,12:15,A2,8,A2-0801,93,61,0.76,0.18,P1,42,0,4,150,09:05,09:35,12:15,12:45,N
SCH00381,LHP0113,baseline,Normal,Tue,Thu 3,Ca3,13:00,15:40,A2,3,A2-0306,89,66,0.94,0.07,P1,61,0,1,150,12:30,13:00,15:40,16:10,N
SCH00382,LHP0113,optimized,Normal,Fri,Thu 6,Ca4,15:50,18:30,C,8,A2-0801,93,66,0.94,0.07,P2,0,60,2,120,15:20,15:50,18:30,19:00,N
SCH00383,LHP0114,baseline,Normal,Tue,Thu 3,Ca3,13:00,15:40,C,3,A2-0301,80,78,0.83,0.17,P2,0,63,2,120,12:30,13:00,15:40,16:10,N
SCH00384,LHP0114,baseline,Normal,Thu,Thu 5,Ca1,06:45,09:25,A2,5,A2-0501,92,78,0.83,0.17,P1,63,0,2,150,06:15,06:45,09:25,09:55,N
SCH00385,LHP0114,optimized,Peak,Wed,Thu 4,Ca2,09:35,12:15,B,7,A2-0702,115,78,0.83,0.17,P1,59,0,6,100,09:05,09:35,12:15,12:45,N
SCH00386,LHP0114,optimized,Peak,Mon,Thu 2,Ca3,13:00,15:40,C,7,A2-0704,100,78,0.83,0.17,P2,0,59,6,120,12:30,13:00,15:40,16:10,N
SCH00387,LHP0114,optimized,Worst,Mon,Thu 2,Ca3,13:00,15:40,C,7,A2-0704,100,78,0.83,0.17,P2,0,59,6,120,12:30,13:00,15:40,16:10,N
SCH00388,LHP0115,baseline,Normal,Thu,Thu 5,Ca3,13:00,15:40,A2,2,A2-0202,93,54,0.84,0.14,P1,44,0,1,150,12:30,13:00,15:40,16:10,N
SCH00389,LHP0115,baseline,Normal,Fri,Thu 6,Ca1,06:45,09:25,A2,4,A2-0410,98,54,0.84,0.14,P1,44,0,1,150,06:15,06:45,09:25,09:55,N
SCH00390,LHP0115,optimized,Normal,Thu,Thu 5,Ca4,15:50,18:30,A2,3,A2-0310,85,54,0.84,0.14,P1,42,0,3,150,15:20,15:50,18:30,19:00,N
SCH00391,LHP0115,optimized,Normal,Sat,Thu 7,Ca3,13:00,15:40,D,2,D-0207,76,54,0.84,0.14,P2,0,42,3,180,12:30,13:00,15:40,16:10,N
SCH00392,LHP0116,baseline,Peak,Wed,Thu 4,Ca2,09:35,12:15,A2,9,A2-0912,90,49,0.86,0.06,P1,42,0,1,150,09:05,09:35,12:15,12:45,N
SCH00393,LHP0116,baseline,Normal,Fri,Thu 6,Ca1,06:45,09:25,C,3,C-0302,57,49,0.86,0.06,P2,0,42,1,120,06:15,06:45,09:25,09:55,N
SCH00394,LHP0116,optimized,Peak,Wed,Thu 4,Ca4,15:50,18:30,D,2,D-0203,80,49,0.86,0.06,P2,0,41,2,180,15:20,15:50,18:30,19:00,N
SCH00395,LHP0116,optimized,Normal,Thu,Thu 5,Ca2,09:35,12:15,C,3,C-0306,59,49,0.86,0.06,P2,0,41,2,120,09:05,09:35,12:15,12:45,N
SCH00396,LHP0117,baseline,Normal,Tue,Thu 3,Ca3,13:00,15:40,A2,5,A2-0505,98,78,0.79,0.09,P1,61,0,1,150,12:30,13:00,15:40,16:10,N
SCH00397,LHP0117,baseline,Peak,Mon,Thu 2,Ca2,09:35,12:15,A2,8,A2-0812,117,78,0.79,0.09,P1,61,0,1,150,09:05,09:35,12:15,12:45,N
SCH00398,LHP0117,baseline,Worst,Mon,Thu 2,Ca2,09:35,12:15,A2,8,A2-0812,117,78,0.79,0.09,P1,61,0,1,150,09:05,09:35,12:15,12:45,N
SCH00399,LHP0117,optimized,Normal,Fri,Thu 6,Ca1,06:45,09:25,A2,10,A2-1006,113,78,0.79,0.09,P1,59,0,3,150,06:15,06:45,09:25,09:55,N
SCH00400,LHP0117,optimized,Peak,Wed,Thu 4,Ca1,06:45,09:25,B,3,A2-0309,86,78,0.79,0.09,P1,59,0,3,100,06:15,06:45,09:25,09:55,N
SCH00401,LHP0118,baseline,Peak,Wed,Thu 4,Ca3,13:00,15:40,A2,7,A2-0709,105,45,0.78,0.07,P1,35,0,0,150,12:30,13:00,15:40,16:10,N
SCH00402,LHP0118,optimized,Normal,Thu,Thu 5,Ca3,13:00,15:40,D,2,D-0204,71,45,0.78,0.07,P2,0,34,1,180,12:30,13:00,15:40,16:10,N
SCH00403,LHP0119,baseline,Normal,Tue,Thu 3,Ca4,15:50,18:30,A2,9,A2-0904,88,74,0.87,0.11,P1,63,0,1,150,15:20,15:50,18:30,19:00,N
SCH00404,LHP0119,optimized,Normal,Tue,Thu 3,Ca2,09:35,12:15,D,2,D-0208,74,74,0.87,0.11,P2,0,60,4,180,09:05,09:35,12:15,12:45,N
SCH00405,LHP0120,baseline,Peak,Mon,Thu 2,Ca2,09:35,12:15,A2,10,A2-1011,114,74,0.92,0.06,P1,67,0,1,150,09:05,09:35,12:15,12:45,N
SCH00406,LHP0120,baseline,Worst,Mon,Thu 2,Ca2,09:35,12:15,A2,10,A2-1011,114,74,0.92,0.06,P1,67,0,1,150,09:05,09:35,12:15,12:45,N
SCH00407,LHP0120,optimized,Peak,Mon,Thu 2,Ca4,15:50,18:30,A2,7,A2-0706,94,74,0.92,0.06,P1,66,0,2,150,15:20,15:50,18:30,19:00,N
SCH00408,LHP0120,optimized,Worst,Mon,Thu 2,Ca4,15:50,18:30,A2,7,A2-0706,94,74,0.92,0.06,P1,66,0,2,150,15:20,15:50,18:30,19:00,N
SCH00409,LHP0121,baseline,Normal,Sat,Thu 7,Ca2,09:35,12:15,B,7,A2-0701,120,80,0.91,0.17,P1,70,0,2,100,09:05,09:35,12:15,12:45,N
SCH00410,LHP0121,baseline,Peak,Mon,Thu 2,Ca2,09:35,12:15,A2,10,A2-1009,80,80,0.91,0.17,P1,70,0,2,150,09:05,09:35,12:15,12:45,N
SCH00411,LHP0121,baseline,Worst,Mon,Thu 2,Ca2,09:35,12:15,A2,10,A2-1009,80,80,0.91,0.17,P1,70,0,2,150,09:05,09:35,12:15,12:45,N
SCH00412,LHP0121,optimized,Normal,Fri,Thu 6,Ca1,06:45,09:25,D,5,D-0505,87,80,0.91,0.17,P2,0,66,6,180,06:15,06:45,09:25,09:55,N
SCH00413,LHP0121,optimized,Normal,Tue,Thu 3,Ca2,09:35,12:15,B,5,A2-0501,92,80,0.91,0.17,P1,66,0,6,100,09:05,09:35,12:15,12:45,N
SCH00414,LHP0122,baseline,Peak,Mon,Thu 2,Ca1,06:45,09:25,D,3,D-0307,78,57,0.77,0.09,P2,0,43,1,180,06:15,06:45,09:25,09:55,N
SCH00415,LHP0122,baseline,Worst,Mon,Thu 2,Ca1,06:45,09:25,D,3,D-0307,78,57,0.77,0.09,P2,0,43,1,180,06:15,06:45,09:25,09:55,N
SCH00416,LHP0122,optimized,Normal,Tue,Thu 3,Ca1,06:45,09:25,A2,5,A2-0509,104,57,0.77,0.09,P1,42,0,2,150,06:15,06:45,09:25,09:55,N
SCH00417,LHP0123,baseline,Peak,Wed,Thu 4,Ca1,06:45,09:25,C,2,C-0203,42,39,0.76,0.08,P2,0,29,0,120,06:15,06:45,09:25,09:55,N
SCH00418,LHP0123,optimized,Normal,Fri,Thu 6,Ca2,09:35,12:15,B,2,B-0206,56,39,0.76,0.08,P1,28,0,1,100,09:05,09:35,12:15,12:45,N
SCH00419,LHP0124,baseline,Normal,Sat,Thu 7,Ca1,06:45,09:25,A2,9,A2-0910,89,48,0.84,0.14,P1,40,0,1,150,06:15,06:45,09:25,09:55,N
SCH00420,LHP0124,optimized,Normal,Sat,Thu 7,Ca1,06:45,09:25,D,3,D-0302,67,48,0.84,0.14,P2,0,38,3,180,06:15,06:45,09:25,09:55,N
SCH00421,LHP0125,baseline,Peak,Wed,Thu 4,Ca3,13:00,15:40,C,3,C-0305,56,47,0.85,0.15,P2,0,39,1,120,12:30,13:00,15:40,16:10,N
SCH00422,LHP0125,optimized,Normal,Sat,Thu 7,Ca3,13:00,15:40,D,4,D-0408,61,47,0.85,0.15,P2,0,37,3,180,12:30,13:00,15:40,16:10,N
SCH00423,LHP0126,baseline,Normal,Thu,Thu 5,Ca3,13:00,15:40,C,3,C-0306,59,57,0.9,0.17,P2,0,50,2,120,12:30,13:00,15:40,16:10,N
SCH00424,LHP0126,optimized,Normal,Tue,Thu 3,Ca1,06:45,09:25,A2,6,A2-0605,84,57,0.9,0.17,P1,48,0,4,150,06:15,06:45,09:25,09:55,N
SCH00425,LHP0127,baseline,Peak,Wed,Thu 4,Ca1,06:45,09:25,B,3,A2-0312,86,73,0.92,0.17,P1,65,0,2,100,06:15,06:45,09:25,09:55,N
SCH00426,LHP0127,baseline,Normal,Fri,Thu 6,Ca1,06:45,09:25,D,1,D-0102,77,73,0.92,0.17,P2,0,65,2,180,06:15,06:45,09:25,09:55,N
SCH00427,LHP0127,optimized,Peak,Mon,Thu 2,Ca2,09:35,12:15,C,1,D-0104,83,73,0.92,0.17,P2,0,61,6,120,09:05,09:35,12:15,12:45,N
SCH00428,LHP0127,optimized,Worst,Mon,Thu 2,Ca2,09:35,12:15,C,1,D-0104,83,73,0.92,0.17,P2,0,61,6,120,09:05,09:35,12:15,12:45,N
SCH00429,LHP0127,optimized,Normal,Fri,Thu 6,Ca3,13:00,15:40,C,8,A2-0807,88,73,0.92,0.17,P2,0,61,6,120,12:30,13:00,15:40,16:10,N
SCH00430,LHP0128,baseline,Peak,Mon,Thu 2,Ca3,13:00,15:40,D,4,D-0401,67,66,0.76,0.2,P2,0,48,2,180,12:30,13:00,15:40,16:10,N
SCH00431,LHP0128,baseline,Worst,Mon,Thu 2,Ca3,13:00,15:40,D,4,D-0401,67,66,0.76,0.2,P2,0,48,2,180,12:30,13:00,15:40,16:10,N
SCH00432,LHP0128,optimized,Normal,Tue,Thu 3,Ca4,15:50,18:30,D,1,D-0103,84,66,0.76,0.2,P2,0,45,5,180,15:20,15:50,18:30,19:00,N
SCH00433,LHP0129,baseline,Normal,Fri,Thu 6,Ca1,06:45,09:25,A2,8,A2-0808,95,47,0.79,0.17,P1,36,0,1,150,06:15,06:45,09:25,09:55,N
SCH00434,LHP0129,baseline,Normal,Tue,Thu 3,Ca2,09:35,12:15,A2,9,A2-0907,85,47,0.79,0.17,P1,36,0,1,150,09:05,09:35,12:15,12:45,N
SCH00435,LHP0129,optimized,Normal,Fri,Thu 6,Ca3,13:00,15:40,A2,8,A2-0804,109,47,0.79,0.17,P1,34,0,3,150,12:30,13:00,15:40,16:10,N
SCH00436,LHP0129,optimized,Normal,Sat,Thu 7,Ca1,06:45,09:25,C,1,C-0101,55,47,0.79,0.17,P2,0,34,3,120,06:15,06:45,09:25,09:55,N
SCH00437,LHP0130,baseline,Normal,Tue,Thu 3,Ca3,13:00,15:40,C,2,C-0207,44,35,0.84,0.13,P2,0,29,1,120,12:30,13:00,15:40,16:10,N
SCH00438,LHP0130,optimized,Normal,Tue,Thu 3,Ca4,15:50,18:30,C,1,C-0101,55,35,0.84,0.13,P2,0,28,2,120,15:20,15:50,18:30,19:00,N
SCH00439,LHP0131,baseline,Normal,Tue,Thu 3,Ca3,13:00,15:40,A2,6,A2-0601,103,40,0.82,0.19,P1,32,0,1,150,12:30,13:00,15:40,16:10,N
SCH00440,LHP0131,optimized,Normal,Sat,Thu 7,Ca1,06:45,09:25,A2,2,A2-0206,81,40,0.82,0.19,P1,30,0,3,150,06:15,06:45,09:25,09:55,N
SCH00441,LHP0132,baseline,Normal,Thu,Thu 5,Ca2,09:35,12:15,D,3,D-0307,78,78,0.86,0.14,P2,0,65,2,180,09:05,09:35,12:15,12:45,N
SCH00442,LHP0132,optimized,Normal,Sat,Thu 7,Ca1,06:45,09:25,B,4,A2-0407,104,78,0.86,0.14,P1,63,0,4,100,06:15,06:45,09:25,09:55,N
SCH00443,LHP0133,baseline,Normal,Fri,Thu 6,Ca1,06:45,09:25,A2,3,A2-0307,93,37,0.94,0.13,P1,34,0,1,150,06:15,06:45,09:25,09:55,N
SCH00444,LHP0133,optimized,Peak,Wed,Thu 4,Ca3,13:00,15:40,C,2,C-0202,42,37,0.94,0.13,P2,0,33,2,120,12:30,13:00,15:40,16:10,N
SCH00445,LHP0134,baseline,Normal,Fri,Thu 6,Ca4,15:50,18:30,A2,5,A2-0503,82,72,0.92,0.14,P1,64,0,2,150,15:20,15:50,18:30,19:00,N
SCH00446,LHP0134,optimized,Normal,Fri,Thu 6,Ca4,15:50,18:30,B,8,A2-0810,114,72,0.92,0.14,P1,62,0,4,100,15:20,15:50,18:30,19:00,N
SCH00447,LHP0135,baseline,Peak,Wed,Thu 4,Ca3,13:00,15:40,C,2,C-0201,58,53,0.87,0.15,P2,0,45,1,120,12:30,13:00,15:40,16:10,N
SCH00448,LHP0135,optimized,Normal,Tue,Thu 3,Ca1,06:45,09:25,A2,7,A2-0704,100,53,0.87,0.15,P1,42,0,4,150,06:15,06:45,09:25,09:55,N
SCH00449,LHP0136,baseline,Normal,Thu,Thu 5,Ca1,06:45,09:25,B,3,B-0308,50,43,0.8,0.08,P1,34,0,1,100,06:15,06:45,09:25,09:55,N
SCH00450,LHP0136,optimized,Peak,Mon,Thu 2,Ca2,09:35,12:15,A2,3,A2-0314,102,43,0.8,0.08,P1,33,0,2,150,09:05,09:35,12:15,12:45,N
SCH00451,LHP0136,optimized,Worst,Mon,Thu 2,Ca2,09:35,12:15,A2,3,A2-0314,102,43,0.8,0.08,P1,33,0,2,150,09:05,09:35,12:15,12:45,N
SCH00452,LHP0137,baseline,Normal,Sat,Thu 7,Ca3,13:00,15:40,A2,8,A2-0802,111,37,0.76,0.18,P1,27,0,1,150,12:30,13:00,15:40,16:10,N
SCH00453,LHP0137,baseline,Peak,Wed,Thu 4,Ca1,06:45,09:25,A2,4,A2-0413,103,37,0.76,0.18,P1,27,0,1,150,06:15,06:45,09:25,09:55,N
SCH00454,LHP0137,optimized,Normal,Thu,Thu 5,Ca1,06:45,09:25,A2,6,A2-0606,118,37,0.76,0.18,P1,26,0,2,150,06:15,06:45,09:25,09:55,N
SCH00455,LHP0137,optimized,Peak,Wed,Thu 4,Ca2,09:35,12:15,A2,1,A2-0112,107,37,0.76,0.18,P1,26,0,2,150,09:05,09:35,12:15,12:45,N
SCH00456,LHP0138,baseline,Peak,Mon,Thu 2,Ca3,13:00,15:40,A2,6,A2-0606,118,49,0.86,0.16,P1,41,0,1,150,12:30,13:00,15:40,16:10,N
SCH00457,LHP0138,baseline,Worst,Mon,Thu 2,Ca3,13:00,15:40,A2,6,A2-0606,118,49,0.86,0.16,P1,41,0,1,150,12:30,13:00,15:40,16:10,N
SCH00458,LHP0138,optimized,Peak,Mon,Thu 2,Ca2,09:35,12:15,C,1,C-0105,49,49,0.86,0.16,P2,0,38,4,120,09:05,09:35,12:15,12:45,N
SCH00459,LHP0138,optimized,Worst,Mon,Thu 2,Ca2,09:35,12:15,C,1,C-0105,49,49,0.86,0.16,P2,0,38,4,120,09:05,09:35,12:15,12:45,N
SCH00460,LHP0139,baseline,Peak,Wed,Thu 4,Ca1,06:45,09:25,A2,4,A2-0411,120,59,0.94,0.18,P1,53,0,2,150,06:15,06:45,09:25,09:55,N
SCH00461,LHP0139,optimized,Normal,Fri,Thu 6,Ca3,13:00,15:40,C,3,C-0306,59,59,0.94,0.18,P2,0,50,5,120,12:30,13:00,15:40,16:10,N
SCH00462,LHP0140,baseline,Peak,Mon,Thu 2,Ca1,06:45,09:25,A2,5,A2-0509,104,62,0.89,0.13,P1,54,0,1,150,06:15,06:45,09:25,09:55,N
SCH00463,LHP0140,baseline,Worst,Mon,Thu 2,Ca1,06:45,09:25,A2,5,A2-0509,104,62,0.89,0.13,P1,54,0,1,150,06:15,06:45,09:25,09:55,N
SCH00464,LHP0140,optimized,Peak,Mon,Thu 2,Ca2,09:35,12:15,B,8,A2-0806,96,62,0.89,0.13,P1,51,0,4,100,09:05,09:35,12:15,12:45,N
SCH00465,LHP0140,optimized,Worst,Mon,Thu 2,Ca2,09:35,12:15,B,8,A2-0806,96,62,0.89,0.13,P1,51,0,4,100,09:05,09:35,12:15,12:45,N
SCH00466,LHP0141,baseline,Peak,Mon,Thu 2,Ca3,13:00,15:40,A2,2,A2-0204,112,45,0.84,0.08,P1,37,0,1,150,12:30,13:00,15:40,16:10,N
SCH00467,LHP0141,baseline,Worst,Mon,Thu 2,Ca3,13:00,15:40,A2,2,A2-0204,112,45,0.84,0.08,P1,37,0,1,150,12:30,13:00,15:40,16:10,N
SCH00468,LHP0141,optimized,Peak,Wed,Thu 4,Ca2,09:35,12:15,A2,3,A2-0302,90,45,0.84,0.08,P1,36,0,2,150,09:05,09:35,12:15,12:45,N
SCH00469,LHP0142,baseline,Peak,Wed,Thu 4,Ca3,13:00,15:40,A2,8,A2-0806,96,62,0.9,0.08,P1,54,0,1,150,12:30,13:00,15:40,16:10,N
SCH00470,LHP0142,optimized,Peak,Mon,Thu 2,Ca1,06:45,09:25,C,2,A2-0207,115,62,0.9,0.08,P2,0,53,2,120,06:15,06:45,09:25,09:55,N
SCH00471,LHP0142,optimized,Worst,Mon,Thu 2,Ca1,06:45,09:25,C,2,A2-0207,115,62,0.9,0.08,P2,0,53,2,120,06:15,06:45,09:25,09:55,N
SCH00472,LHP0143,baseline,Peak,Wed,Thu 4,Ca3,13:00,15:40,A2,4,A2-0411,120,51,0.94,0.15,P1,47,0,1,150,12:30,13:00,15:40,16:10,N
SCH00473,LHP0143,baseline,Peak,Mon,Thu 2,Ca2,09:35,12:15,D,4,D-0401,67,51,0.94,0.15,P2,0,47,1,180,09:05,09:35,12:15,12:45,N
SCH00474,LHP0143,baseline,Worst,Mon,Thu 2,Ca2,09:35,12:15,D,4,D-0401,67,51,0.94,0.15,P2,0,47,1,180,09:05,09:35,12:15,12:45,N
SCH00475,LHP0143,optimized,Normal,Fri,Thu 6,Ca4,15:50,18:30,B,2,B-0201,56,51,0.94,0.15,P1,44,0,4,100,15:20,15:50,18:30,19:00,N
SCH00476,LHP0143,optimized,Peak,Wed,Thu 4,Ca1,06:45,09:25,C,1,C-0101,55,51,0.94,0.15,P2,0,44,4,120,06:15,06:45,09:25,09:55,N
SCH00477,LHP0144,baseline,Peak,Mon,Thu 2,Ca3,13:00,15:40,A2,1,A2-0103,81,76,0.81,0.17,P1,59,0,2,150,12:30,13:00,15:40,16:10,N
SCH00478,LHP0144,baseline,Worst,Mon,Thu 2,Ca3,13:00,15:40,A2,1,A2-0103,81,76,0.81,0.17,P1,59,0,2,150,12:30,13:00,15:40,16:10,N
SCH00479,LHP0144,baseline,Normal,Sat,Thu 7,Ca1,06:45,09:25,C,3,A2-0308,101,76,0.81,0.17,P2,0,59,2,120,06:15,06:45,09:25,09:55,N
SCH00480,LHP0144,optimized,Normal,Fri,Thu 6,Ca2,09:35,12:15,B,7,A2-0702,115,76,0.81,0.17,P1,56,0,5,100,09:05,09:35,12:15,12:45,N
SCH00481,LHP0144,optimized,Normal,Tue,Thu 3,Ca2,09:35,12:15,A2,4,A2-0411,120,76,0.81,0.17,P1,56,0,5,150,09:05,09:35,12:15,12:45,N
SCH00482,LHP0145,baseline,Peak,Wed,Thu 4,Ca3,13:00,15:40,C,2,C-0205,42,39,0.84,0.15,P2,0,32,1,120,12:30,13:00,15:40,16:10,N
SCH00483,LHP0145,optimized,Peak,Mon,Thu 2,Ca3,13:00,15:40,B,3,B-0303,45,39,0.84,0.15,P1,31,0,2,100,12:30,13:00,15:40,16:10,N
SCH00484,LHP0145,optimized,Worst,Mon,Thu 2,Ca3,13:00,15:40,B,3,B-0303,45,39,0.84,0.15,P1,31,0,2,100,12:30,13:00,15:40,16:10,N
SCH00485,LHP0146,baseline,Peak,Mon,Thu 2,Ca1,06:45,09:25,A2,10,A2-1001,84,54,0.84,0.11,P1,44,0,1,150,06:15,06:45,09:25,09:55,N
SCH00486,LHP0146,baseline,Worst,Mon,Thu 2,Ca1,06:45,09:25,A2,10,A2-1001,84,54,0.84,0.11,P1,44,0,1,150,06:15,06:45,09:25,09:55,N
SCH00487,LHP0146,optimized,Normal,Tue,Thu 3,Ca1,06:45,09:25,A2,3,A2-0303,107,54,0.84,0.11,P1,43,0,2,150,06:15,06:45,09:25,09:55,N
SCH00488,LHP0147,baseline,Normal,Tue,Thu 3,Ca3,13:00,15:40,D,2,D-0202,81,66,0.83,0.22,P2,0,53,2,180,12:30,13:00,15:40,16:10,N
SCH00489,LHP0147,optimized,Peak,Mon,Thu 2,Ca4,15:50,18:30,A2,4,A2-0402,96,66,0.83,0.22,P1,49,0,6,150,15:20,15:50,18:30,19:00,N
SCH00490,LHP0147,optimized,Worst,Mon,Thu 2,Ca4,15:50,18:30,A2,4,A2-0402,96,66,0.83,0.22,P1,49,0,6,150,15:20,15:50,18:30,19:00,N
SCH00491,LHP0148,baseline,Normal,Thu,Thu 5,Ca1,06:45,09:25,B,8,A2-0804,109,77,0.84,0.23,P1,62,0,3,100,06:15,06:45,09:25,09:55,N
SCH00492,LHP0148,optimized,Normal,Fri,Thu 6,Ca2,09:35,12:15,D,5,D-0503,88,77,0.84,0.23,P2,0,57,8,180,09:05,09:35,12:15,12:45,N
SCH00493,LHP0149,baseline,Normal,Fri,Thu 6,Ca3,13:00,15:40,C,6,A2-0601,103,61,0.94,0.08,P2,0,57,1,120,12:30,13:00,15:40,16:10,N
SCH00494,LHP0149,baseline,Peak,Mon,Thu 2,Ca3,13:00,15:40,C,5,D-0504,61,61,0.94,0.08,P2,0,57,1,120,12:30,13:00,15:40,16:10,N
SCH00495,LHP0149,baseline,Worst,Mon,Thu 2,Ca3,13:00,15:40,C,5,D-0504,61,61,0.94,0.08,P2,0,57,1,120,12:30,13:00,15:40,16:10,N
SCH00496,LHP0149,optimized,Peak,Wed,Thu 4,Ca3,13:00,15:40,B,10,A2-1005,109,61,0.94,0.08,P1,56,0,2,100,12:30,13:00,15:40,16:10,N
SCH00497,LHP0149,optimized,Normal,Sat,Thu 7,Ca4,15:50,18:30,A2,1,A2-0108,86,61,0.94,0.08,P1,56,0,2,150,15:20,15:50,18:30,19:00,N
SCH00498,LHP0150,baseline,Peak,Wed,Thu 4,Ca1,06:45,09:25,A2,10,A2-1012,97,36,0.92,0.14,P1,32,0,1,150,06:15,06:45,09:25,09:55,N
SCH00499,LHP0150,optimized,Normal,Sat,Thu 7,Ca3,13:00,15:40,B,3,B-0301,44,36,0.92,0.14,P1,31,0,2,100,12:30,13:00,15:40,16:10,N
SCH00500,LHP0151,baseline,Peak,Mon,Thu 2,Ca2,09:35,12:15,B,1,B-0103,45,30,0.89,0.13,P1,25,0,1,100,09:05,09:35,12:15,12:45,N
SCH00501,LHP0151,baseline,Worst,Mon,Thu 2,Ca2,09:35,12:15,B,1,B-0103,45,30,0.89,0.13,P1,25,0,1,100,09:05,09:35,12:15,12:45,N
SCH00502,LHP0151,baseline,Normal,Fri,Thu 6,Ca1,06:45,09:25,A2,2,A2-0213,117,30,0.89,0.13,P1,25,0,1,150,06:15,06:45,09:25,09:55,N
SCH00503,LHP0151,optimized,Normal,Fri,Thu 6,Ca1,06:45,09:25,B,1,B-0101,49,30,0.89,0.13,P1,24,0,2,100,06:15,06:45,09:25,09:55,N
SCH00504,LHP0151,optimized,Normal,Thu,Thu 5,Ca2,09:35,12:15,A2,9,A2-0903,94,30,0.89,0.13,P1,24,0,2,150,09:05,09:35,12:15,12:45,N
SCH00505,LHP0152,baseline,Peak,Wed,Thu 4,Ca1,06:45,09:25,A2,8,A2-0803,105,34,0.84,0.24,P1,28,0,1,150,06:15,06:45,09:25,09:55,N
SCH00506,LHP0152,optimized,Normal,Thu,Thu 5,Ca3,13:00,15:40,B,2,B-0206,56,34,0.84,0.24,P1,25,0,4,100,12:30,13:00,15:40,16:10,N
SCH00507,LHP0153,baseline,Peak,Mon,Thu 2,Ca1,06:45,09:25,C,4,A2-0413,103,71,0.77,0.12,P2,0,54,1,120,06:15,06:45,09:25,09:55,N
SCH00508,LHP0153,baseline,Worst,Mon,Thu 2,Ca1,06:45,09:25,C,4,A2-0413,103,71,0.77,0.12,P2,0,54,1,120,06:15,06:45,09:25,09:55,N
SCH00509,LHP0153,baseline,Normal,Fri,Thu 6,Ca3,13:00,15:40,D,5,D-0508,76,71,0.77,0.12,P2,0,54,1,180,12:30,13:00,15:40,16:10,N
SCH00510,LHP0153,optimized,Peak,Wed,Thu 4,Ca1,06:45,09:25,D,2,D-0205,74,71,0.77,0.12,P2,0,51,4,180,06:15,06:45,09:25,09:55,N
SCH00511,LHP0153,optimized,Normal,Fri,Thu 6,Ca3,13:00,15:40,D,5,D-0505,87,71,0.77,0.12,P2,0,51,4,180,12:30,13:00,15:40,16:10,N
SCH00512,LHP0154,baseline,Normal,Fri,Thu 6,Ca2,09:35,12:15,A2,2,A2-0207,115,54,0.94,0.18,P1,49,0,2,150,09:05,09:35,12:15,12:45,N
SCH00513,LHP0154,baseline,Peak,Mon,Thu 2,Ca2,09:35,12:15,A2,7,A2-0706,94,54,0.94,0.18,P1,49,0,2,150,09:05,09:35,12:15,12:45,N
SCH00514,LHP0154,baseline,Worst,Mon,Thu 2,Ca2,09:35,12:15,A2,7,A2-0706,94,54,0.94,0.18,P1,49,0,2,150,09:05,09:35,12:15,12:45,N
SCH00515,LHP0154,optimized,Peak,Mon,Thu 2,Ca1,06:45,09:25,D,2,D-0206,88,54,0.94,0.18,P2,0,47,4,180,06:15,06:45,09:25,09:55,N
SCH00516,LHP0154,optimized,Worst,Mon,Thu 2,Ca1,06:45,09:25,D,2,D-0206,88,54,0.94,0.18,P2,0,47,4,180,06:15,06:45,09:25,09:55,N
SCH00517,LHP0154,optimized,Normal,Sat,Thu 7,Ca2,09:35,12:15,D,3,D-0304,62,54,0.94,0.18,P2,0,47,4,180,09:05,09:35,12:15,12:45,N
SCH00518,LHP0155,baseline,Peak,Mon,Thu 2,Ca3,13:00,15:40,C,8,A2-0808,95,64,0.76,0.06,P2,0,48,1,120,12:30,13:00,15:40,16:10,N
SCH00519,LHP0155,baseline,Worst,Mon,Thu 2,Ca3,13:00,15:40,C,8,A2-0808,95,64,0.76,0.06,P2,0,48,1,120,12:30,13:00,15:40,16:10,N
SCH00520,LHP0155,baseline,Normal,Fri,Thu 6,Ca1,06:45,09:25,A2,4,A2-0402,96,64,0.76,0.06,P1,48,0,1,150,06:15,06:45,09:25,09:55,N
SCH00521,LHP0155,optimized,Normal,Sat,Thu 7,Ca1,06:45,09:25,D,5,D-0508,76,64,0.76,0.06,P2,0,47,2,180,06:15,06:45,09:25,09:55,N
SCH00522,LHP0155,optimized,Peak,Mon,Thu 2,Ca2,09:35,12:15,D,4,D-0407,80,64,0.76,0.06,P2,0,47,2,180,09:05,09:35,12:15,12:45,N
SCH00523,LHP0155,optimized,Worst,Mon,Thu 2,Ca2,09:35,12:15,D,4,D-0407,80,64,0.76,0.06,P2,0,47,2,180,09:05,09:35,12:15,12:45,N
SCH00524,LHP0156,baseline,Peak,Mon,Thu 2,Ca3,13:00,15:40,A2,1,A2-0113,82,44,0.9,0.14,P1,39,0,1,150,12:30,13:00,15:40,16:10,N
SCH00525,LHP0156,baseline,Worst,Mon,Thu 2,Ca3,13:00,15:40,A2,1,A2-0113,82,44,0.9,0.14,P1,39,0,1,150,12:30,13:00,15:40,16:10,N
SCH00526,LHP0156,optimized,Normal,Sat,Thu 7,Ca3,13:00,15:40,A2,10,A2-1005,109,44,0.9,0.14,P1,37,0,3,150,12:30,13:00,15:40,16:10,N
SCH00527,LHP0157,baseline,Peak,Wed,Thu 4,Ca1,06:45,09:25,A2,1,A2-0110,85,58,0.78,0.11,P1,44,0,1,150,06:15,06:45,09:25,09:55,N
SCH00528,LHP0157,optimized,Normal,Thu,Thu 5,Ca2,09:35,12:15,D,4,D-0401,67,58,0.78,0.11,P2,0,43,2,180,09:05,09:35,12:15,12:45,N
SCH00529,LHP0158,baseline,Normal,Fri,Thu 6,Ca1,06:45,09:25,C,1,D-0103,84,80,0.76,0.12,P2,0,60,1,120,06:15,06:45,09:25,09:55,N
SCH00530,LHP0158,optimized,Normal,Thu,Thu 5,Ca1,06:45,09:25,A2,7,A2-0706,94,80,0.76,0.12,P1,57,0,4,150,06:15,06:45,09:25,09:55,N
SCH00531,LHP0159,baseline,Normal,Tue,Thu 3,Ca1,06:45,09:25,A2,4,A2-0414,116,63,0.83,0.19,P1,50,0,2,150,06:15,06:45,09:25,09:55,N
SCH00532,LHP0159,optimized,Peak,Mon,Thu 2,Ca3,13:00,15:40,A2,2,A2-0202,93,63,0.83,0.19,P1,47,0,5,150,12:30,13:00,15:40,16:10,N
SCH00533,LHP0159,optimized,Worst,Mon,Thu 2,Ca3,13:00,15:40,A2,2,A2-0202,93,63,0.83,0.19,P1,47,0,5,150,12:30,13:00,15:40,16:10,N
SCH00534,LHP0160,baseline,Normal,Sat,Thu 7,Ca3,13:00,15:40,A2,4,A2-0411,120,35,0.87,0.13,P1,29,0,1,150,12:30,13:00,15:40,16:10,N
SCH00535,LHP0160,baseline,Peak,Mon,Thu 2,Ca1,06:45,09:25,B,2,B-0204,49,35,0.87,0.13,P1,29,0,1,100,06:15,06:45,09:25,09:55,N
SCH00536,LHP0160,baseline,Worst,Mon,Thu 2,Ca1,06:45,09:25,B,2,B-0204,49,35,0.87,0.13,P1,29,0,1,100,06:15,06:45,09:25,09:55,N
SCH00537,LHP0160,optimized,Normal,Sat,Thu 7,Ca3,13:00,15:40,D,1,D-0107,82,35,0.87,0.13,P2,0,28,2,180,12:30,13:00,15:40,16:10,N
SCH00538,LHP0160,optimized,Peak,Wed,Thu 4,Ca3,13:00,15:40,A2,3,A2-0305,97,35,0.87,0.13,P1,28,0,2,150,12:30,13:00,15:40,16:10,N
SCH00539,LHP0161,baseline,Normal,Sat,Thu 7,Ca4,15:50,18:30,C,5,A2-0506,85,67,0.78,0.14,P2,0,51,1,120,15:20,15:50,18:30,19:00,N
SCH00540,LHP0161,optimized,Peak,Wed,Thu 4,Ca3,13:00,15:40,C,9,A2-0909,87,67,0.78,0.14,P2,0,48,4,120,12:30,13:00,15:40,16:10,N
SCH00541,LHP0162,baseline,Normal,Thu,Thu 5,Ca1,06:45,09:25,D,1,D-0105,82,72,0.75,0.21,P2,0,52,2,180,06:15,06:45,09:25,09:55,N
SCH00542,LHP0162,baseline,Peak,Wed,Thu 4,Ca1,06:45,09:25,B,2,A2-0212,108,72,0.75,0.21,P1,52,0,2,100,06:15,06:45,09:25,09:55,N
SCH00543,LHP0162,optimized,Normal,Fri,Thu 6,Ca3,13:00,15:40,C,10,A2-1013,101,72,0.75,0.21,P2,0,48,6,120,12:30,13:00,15:40,16:10,N
SCH00544,LHP0162,optimized,Peak,Mon,Thu 2,Ca4,15:50,18:30,C,5,A2-0503,82,72,0.75,0.21,P2,0,48,6,120,15:20,15:50,18:30,19:00,N
SCH00545,LHP0162,optimized,Worst,Mon,Thu 2,Ca4,15:50,18:30,C,5,A2-0503,82,72,0.75,0.21,P2,0,48,6,120,15:20,15:50,18:30,19:00,N
SCH00546,LHP0163,baseline,Peak,Mon,Thu 2,Ca3,13:00,15:40,D,4,D-0402,78,40,0.76,0.24,P2,0,29,1,180,12:30,13:00,15:40,16:10,N
SCH00547,LHP0163,baseline,Worst,Mon,Thu 2,Ca3,13:00,15:40,D,4,D-0402,78,40,0.76,0.24,P2,0,29,1,180,12:30,13:00,15:40,16:10,N
SCH00548,LHP0163,baseline,Peak,Wed,Thu 4,Ca1,06:45,09:25,A2,6,A2-0609,114,40,0.76,0.24,P1,29,0,1,150,06:15,06:45,09:25,09:55,N
SCH00549,LHP0163,optimized,Peak,Mon,Thu 2,Ca2,09:35,12:15,A2,5,A2-0503,82,40,0.76,0.24,P1,26,0,4,150,09:05,09:35,12:15,12:45,N
SCH00550,LHP0163,optimized,Worst,Mon,Thu 2,Ca2,09:35,12:15,A2,5,A2-0503,82,40,0.76,0.24,P1,26,0,4,150,09:05,09:35,12:15,12:45,N
SCH00551,LHP0163,optimized,Peak,Wed,Thu 4,Ca4,15:50,18:30,C,1,C-0108,47,40,0.76,0.24,P2,0,26,4,120,15:20,15:50,18:30,19:00,N
SCH00552,LHP0164,baseline,Peak,Wed,Thu 4,Ca1,06:45,09:25,C,7,A2-0704,100,70,0.94,0.19,P2,0,63,3,120,06:15,06:45,09:25,09:55,N
SCH00553,LHP0164,optimized,Normal,Fri,Thu 6,Ca2,09:35,12:15,A2,2,A2-0207,115,70,0.94,0.19,P1,60,0,6,150,09:05,09:35,12:15,12:45,N
SCH00554,LHP0165,baseline,Peak,Mon,Thu 2,Ca1,06:45,09:25,A2,4,A2-0406,87,42,0.95,0.22,P1,38,0,2,150,06:15,06:45,09:25,09:55,N
SCH00555,LHP0165,baseline,Worst,Mon,Thu 2,Ca1,06:45,09:25,A2,4,A2-0406,87,42,0.95,0.22,P1,38,0,2,150,06:15,06:45,09:25,09:55,N
SCH00556,LHP0165,optimized,Peak,Wed,Thu 4,Ca2,09:35,12:15,C,2,C-0202,42,42,0.95,0.22,P2,0,36,4,120,09:05,09:35,12:15,12:45,N
SCH00557,LHP0166,baseline,Normal,Thu,Thu 5,Ca2,09:35,12:15,C,5,D-0501,67,66,0.82,0.11,P2,0,53,1,120,09:05,09:35,12:15,12:45,N
SCH00558,LHP0166,baseline,Normal,Fri,Thu 6,Ca3,13:00,15:40,B,4,D-0406,82,66,0.82,0.11,P1,53,0,1,100,12:30,13:00,15:40,16:10,N
SCH00559,LHP0166,optimized,Peak,Wed,Thu 4,Ca4,15:50,18:30,C,5,A2-0501,92,66,0.82,0.11,P2,0,51,3,120,15:20,15:50,18:30,19:00,N
SCH00560,LHP0166,optimized,Normal,Fri,Thu 6,Ca1,06:45,09:25,A2,9,A2-0912,90,66,0.82,0.11,P1,51,0,3,150,06:15,06:45,09:25,09:55,N
SCH00561,LHP0167,baseline,Peak,Wed,Thu 4,Ca3,13:00,15:40,C,3,A2-0304,101,72,0.83,0.05,P2,0,59,1,120,12:30,13:00,15:40,16:10,N
SCH00562,LHP0167,baseline,Normal,Sat,Thu 7,Ca3,13:00,15:40,D,4,D-0407,80,72,0.83,0.05,P2,0,59,1,180,12:30,13:00,15:40,16:10,N
SCH00563,LHP0167,optimized,Normal,Sat,Thu 7,Ca4,15:50,18:30,D,2,D-0203,80,72,0.83,0.05,P2,0,58,2,180,15:20,15:50,18:30,19:00,N
SCH00564,LHP0167,optimized,Peak,Mon,Thu 2,Ca2,09:35,12:15,D,1,D-0103,84,72,0.83,0.05,P2,0,58,2,180,09:05,09:35,12:15,12:45,N
SCH00565,LHP0167,optimized,Worst,Mon,Thu 2,Ca2,09:35,12:15,D,1,D-0103,84,72,0.83,0.05,P2,0,58,2,180,09:05,09:35,12:15,12:45,N
SCH00566,LHP0168,baseline,Peak,Mon,Thu 2,Ca1,06:45,09:25,D,2,D-0208,74,68,0.9,0.22,P2,0,58,3,180,06:15,06:45,09:25,09:55,N
SCH00567,LHP0168,baseline,Worst,Mon,Thu 2,Ca1,06:45,09:25,D,2,D-0208,74,68,0.9,0.22,P2,0,58,3,180,06:15,06:45,09:25,09:55,N
SCH00568,LHP0168,baseline,Normal,Fri,Thu 6,Ca1,06:45,09:25,D,4,D-0406,82,68,0.9,0.22,P2,0,58,3,180,06:15,06:45,09:25,09:55,N
SCH00569,LHP0168,optimized,Peak,Mon,Thu 2,Ca2,09:35,12:15,C,4,A2-0401,118,68,0.9,0.22,P2,0,55,6,120,09:05,09:35,12:15,12:45,N
SCH00570,LHP0168,optimized,Worst,Mon,Thu 2,Ca2,09:35,12:15,C,4,A2-0401,118,68,0.9,0.22,P2,0,55,6,120,09:05,09:35,12:15,12:45,N
SCH00571,LHP0168,optimized,Normal,Thu,Thu 5,Ca2,09:35,12:15,C,2,A2-0214,97,68,0.9,0.22,P2,0,55,6,120,09:05,09:35,12:15,12:45,N
SCH00572,LHP0169,baseline,Peak,Wed,Thu 4,Ca1,06:45,09:25,D,1,D-0105,82,68,0.91,0.09,P2,0,61,1,180,06:15,06:45,09:25,09:55,N
SCH00573,LHP0169,optimized,Normal,Tue,Thu 3,Ca3,13:00,15:40,A2,7,A2-0712,93,68,0.91,0.09,P1,59,0,3,150,12:30,13:00,15:40,16:10,N
SCH00574,LHP0170,baseline,Normal,Fri,Thu 6,Ca2,09:35,12:15,D,5,D-0508,76,73,0.9,0.2,P2,0,63,3,180,09:05,09:35,12:15,12:45,N
SCH00575,LHP0170,baseline,Peak,Mon,Thu 2,Ca3,13:00,15:40,A2,5,A2-0512,120,73,0.9,0.2,P1,63,0,3,150,12:30,13:00,15:40,16:10,N
SCH00576,LHP0170,baseline,Worst,Mon,Thu 2,Ca3,13:00,15:40,A2,5,A2-0512,120,73,0.9,0.2,P1,63,0,3,150,12:30,13:00,15:40,16:10,N
SCH00577,LHP0170,optimized,Normal,Fri,Thu 6,Ca4,15:50,18:30,A2,4,A2-0411,120,73,0.9,0.2,P1,60,0,6,150,15:20,15:50,18:30,19:00,N
SCH00578,LHP0170,optimized,Peak,Mon,Thu 2,Ca2,09:35,12:15,C,5,D-0505,87,73,0.9,0.2,P2,0,60,6,120,09:05,09:35,12:15,12:45,N
SCH00579,LHP0170,optimized,Worst,Mon,Thu 2,Ca2,09:35,12:15,C,5,D-0505,87,73,0.9,0.2,P2,0,60,6,120,09:05,09:35,12:15,12:45,N
SCH00580,LHP0171,baseline,Normal,Fri,Thu 6,Ca3,13:00,15:40,B,3,A2-0314,102,70,0.77,0.18,P1,52,0,2,100,12:30,13:00,15:40,16:10,N
SCH00581,LHP0171,optimized,Peak,Wed,Thu 4,Ca1,06:45,09:25,A2,10,A2-1002,104,70,0.77,0.18,P1,49,0,5,150,06:15,06:45,09:25,09:55,N
SCH00582,LHP0172,baseline,Normal,Thu,Thu 5,Ca3,13:00,15:40,A2,5,A2-0514,90,32,0.87,0.2,P1,27,0,1,150,12:30,13:00,15:40,16:10,N
SCH00583,LHP0172,optimized,Normal,Tue,Thu 3,Ca4,15:50,18:30,C,2,C-0201,58,32,0.87,0.2,P2,0,25,3,120,15:20,15:50,18:30,19:00,N
SCH00584,LHP0173,baseline,Peak,Wed,Thu 4,Ca2,09:35,12:15,B,2,B-0206,56,50,0.9,0.09,P1,44,0,1,100,09:05,09:35,12:15,12:45,N
SCH00585,LHP0173,optimized,Normal,Tue,Thu 3,Ca4,15:50,18:30,A2,10,A2-1011,114,50,0.9,0.09,P1,43,0,2,150,15:20,15:50,18:30,19:00,N
SCH00586,LHP0174,baseline,Peak,Mon,Thu 2,Ca3,13:00,15:40,A2,5,A2-0506,85,53,0.86,0.23,P1,43,0,2,150,12:30,13:00,15:40,16:10,N
SCH00587,LHP0174,baseline,Worst,Mon,Thu 2,Ca3,13:00,15:40,A2,5,A2-0506,85,53,0.86,0.23,P1,43,0,2,150,12:30,13:00,15:40,16:10,N
SCH00588,LHP0174,baseline,Normal,Thu,Thu 5,Ca4,15:50,18:30,A2,10,A2-1003,104,53,0.86,0.23,P1,43,0,2,150,15:20,15:50,18:30,19:00,N
SCH00589,LHP0174,optimized,Normal,Fri,Thu 6,Ca3,13:00,15:40,B,1,B-0104,54,53,0.86,0.23,P1,40,0,5,100,12:30,13:00,15:40,16:10,N
SCH00590,LHP0174,optimized,Normal,Thu,Thu 5,Ca3,13:00,15:40,D,4,D-0402,78,53,0.86,0.23,P2,0,40,5,180,12:30,13:00,15:40,16:10,N
SCH00591,LHP0175,baseline,Normal,Sat,Thu 7,Ca2,09:35,12:15,A2,8,A2-0813,107,60,0.94,0.11,P1,55,0,1,150,09:05,09:35,12:15,12:45,N
SCH00592,LHP0175,baseline,Peak,Mon,Thu 2,Ca1,06:45,09:25,B,2,B-0203,60,60,0.94,0.11,P1,55,0,1,100,06:15,06:45,09:25,09:55,N
SCH00593,LHP0175,baseline,Worst,Mon,Thu 2,Ca1,06:45,09:25,B,2,B-0203,60,60,0.94,0.11,P1,55,0,1,100,06:15,06:45,09:25,09:55,N
SCH00594,LHP0175,optimized,Normal,Tue,Thu 3,Ca2,09:35,12:15,D,3,D-0308,77,60,0.94,0.11,P2,0,53,3,180,09:05,09:35,12:15,12:45,N
SCH00595,LHP0175,optimized,Normal,Fri,Thu 6,Ca1,06:45,09:25,A2,7,A2-0704,100,60,0.94,0.11,P1,53,0,3,150,06:15,06:45,09:25,09:55,N
SCH00596,LHP0176,baseline,Normal,Sat,Thu 7,Ca3,13:00,15:40,C,3,C-0306,59,59,0.94,0.08,P2,0,54,1,120,12:30,13:00,15:40,16:10,N
SCH00597,LHP0176,baseline,Peak,Mon,Thu 2,Ca3,13:00,15:40,C,3,C-0306,59,59,0.94,0.08,P2,0,54,1,120,12:30,13:00,15:40,16:10,N
SCH00598,LHP0176,baseline,Worst,Mon,Thu 2,Ca3,13:00,15:40,C,3,C-0306,59,59,0.94,0.08,P2,0,54,1,120,12:30,13:00,15:40,16:10,N
SCH00599,LHP0176,optimized,Normal,Fri,Thu 6,Ca3,13:00,15:40,D,4,D-0404,60,59,0.94,0.08,P2,0,53,2,180,12:30,13:00,15:40,16:10,N
SCH00600,LHP0176,optimized,Peak,Wed,Thu 4,Ca2,09:35,12:15,D,3,D-0307,78,59,0.94,0.08,P2,0,53,2,180,09:05,09:35,12:15,12:45,N
SCH00601,LHP0177,baseline,Peak,Wed,Thu 4,Ca1,06:45,09:25,C,2,A2-0210,106,65,0.82,0.21,P2,0,51,2,120,06:15,06:45,09:25,09:55,N
SCH00602,LHP0177,optimized,Normal,Tue,Thu 3,Ca2,09:35,12:15,A2,3,A2-0311,104,65,0.82,0.21,P1,47,0,6,150,09:05,09:35,12:15,12:45,N
SCH00603,LHP0178,baseline,Normal,Fri,Thu 6,Ca3,13:00,15:40,D,3,D-0302,67,37,0.84,0.18,P2,0,30,1,180,12:30,13:00,15:40,16:10,N
SCH00604,LHP0178,baseline,Peak,Wed,Thu 4,Ca4,15:50,18:30,A2,10,A2-1010,87,37,0.84,0.18,P1,30,0,1,150,15:20,15:50,18:30,19:00,N
SCH00605,LHP0178,optimized,Normal,Fri,Thu 6,Ca3,13:00,15:40,A2,1,A2-0106,94,37,0.84,0.18,P1,28,0,3,150,12:30,13:00,15:40,16:10,N
SCH00606,LHP0178,optimized,Normal,Tue,Thu 3,Ca1,06:45,09:25,A2,5,A2-0508,86,37,0.84,0.18,P1,28,0,3,150,06:15,06:45,09:25,09:55,N
SCH00607,LHP0179,baseline,Peak,Mon,Thu 2,Ca1,06:45,09:25,A2,8,A2-0811,96,54,0.91,0.24,P1,47,0,2,150,06:15,06:45,09:25,09:55,N
SCH00608,LHP0179,baseline,Worst,Mon,Thu 2,Ca1,06:45,09:25,A2,8,A2-0811,96,54,0.91,0.24,P1,47,0,2,150,06:15,06:45,09:25,09:55,N
SCH00609,LHP0179,optimized,Normal,Sat,Thu 7,Ca3,13:00,15:40,A2,6,A2-0608,90,54,0.91,0.24,P1,43,0,6,150,12:30,13:00,15:40,16:10,N
SCH00610,LHP0180,baseline,Normal,Sat,Thu 7,Ca3,13:00,15:40,A2,1,A2-0102,87,60,0.76,0.23,P1,43,0,2,150,12:30,13:00,15:40,16:10,N
SCH00611,LHP0180,optimized,Normal,Sat,Thu 7,Ca1,06:45,09:25,C,5,D-0505,87,60,0.76,0.23,P2,0,40,5,120,06:15,06:45,09:25,09:55,N
SCH00612,LHP0181,baseline,Peak,Wed,Thu 4,Ca1,06:45,09:25,A2,1,A2-0111,117,44,0.88,0.18,P1,38,0,1,150,06:15,06:45,09:25,09:55,N
SCH00613,LHP0181,optimized,Normal,Thu,Thu 5,Ca2,09:35,12:15,D,3,D-0307,78,44,0.88,0.18,P2,0,35,4,180,09:05,09:35,12:15,12:45,N
SCH00614,LHP0182,baseline,Normal,Fri,Thu 6,Ca1,06:45,09:25,C,8,A2-0810,114,71,0.83,0.08,P2,0,58,1,120,06:15,06:45,09:25,09:55,N
SCH00615,LHP0182,baseline,Peak,Mon,Thu 2,Ca1,06:45,09:25,C,4,A2-0410,98,71,0.83,0.08,P2,0,58,1,120,06:15,06:45,09:25,09:55,N
SCH00616,LHP0182,baseline,Worst,Mon,Thu 2,Ca1,06:45,09:25,C,4,A2-0410,98,71,0.83,0.08,P2,0,58,1,120,06:15,06:45,09:25,09:55,N
SCH00617,LHP0182,optimized,Normal,Tue,Thu 3,Ca3,13:00,15:40,C,5,D-0505,87,71,0.83,0.08,P2,0,57,2,120,12:30,13:00,15:40,16:10,N
SCH00618,LHP0182,optimized,Normal,Fri,Thu 6,Ca2,09:35,12:15,C,7,A2-0712,93,71,0.83,0.08,P2,0,57,2,120,09:05,09:35,12:15,12:45,N
SCH00619,LHP0183,baseline,Normal,Fri,Thu 6,Ca3,13:00,15:40,A2,6,A2-0605,84,61,0.77,0.1,P1,46,0,1,150,12:30,13:00,15:40,16:10,N
SCH00620,LHP0183,optimized,Normal,Tue,Thu 3,Ca1,06:45,09:25,D,1,D-0107,82,61,0.77,0.1,P2,0,45,2,180,06:15,06:45,09:25,09:55,N
SCH00621,LHP0184,baseline,Peak,Mon,Thu 2,Ca1,06:45,09:25,A2,2,A2-0209,114,59,0.82,0.24,P1,47,0,2,150,06:15,06:45,09:25,09:55,N
SCH00622,LHP0184,baseline,Worst,Mon,Thu 2,Ca1,06:45,09:25,A2,2,A2-0209,114,59,0.82,0.24,P1,47,0,2,150,06:15,06:45,09:25,09:55,N
SCH00623,LHP0184,baseline,Peak,Wed,Thu 4,Ca3,13:00,15:40,C,3,C-0306,59,59,0.82,0.24,P2,0,47,2,120,12:30,13:00,15:40,16:10,N
SCH00624,LHP0184,optimized,Normal,Tue,Thu 3,Ca2,09:35,12:15,A2,8,A2-0806,96,59,0.82,0.24,P1,43,0,6,150,09:05,09:35,12:15,12:45,N
SCH00625,LHP0184,optimized,Peak,Mon,Thu 2,Ca4,15:50,18:30,C,3,C-0306,59,59,0.82,0.24,P2,0,43,6,120,15:20,15:50,18:30,19:00,N
SCH00626,LHP0184,optimized,Worst,Mon,Thu 2,Ca4,15:50,18:30,C,3,C-0306,59,59,0.82,0.24,P2,0,43,6,120,15:20,15:50,18:30,19:00,N
SCH00627,LHP0185,baseline,Peak,Mon,Thu 2,Ca3,13:00,15:40,C,3,C-0305,56,56,0.87,0.2,P2,0,47,2,120,12:30,13:00,15:40,16:10,N
SCH00628,LHP0185,baseline,Worst,Mon,Thu 2,Ca3,13:00,15:40,C,3,C-0305,56,56,0.87,0.2,P2,0,47,2,120,12:30,13:00,15:40,16:10,N
SCH00629,LHP0185,baseline,Peak,Wed,Thu 4,Ca3,13:00,15:40,D,5,D-0502,62,56,0.87,0.2,P2,0,47,2,180,12:30,13:00,15:40,16:10,N
SCH00630,LHP0185,optimized,Normal,Thu,Thu 5,Ca2,09:35,12:15,C,2,C-0201,58,56,0.87,0.2,P2,0,44,5,120,09:05,09:35,12:15,12:45,N
SCH00631,LHP0185,optimized,Peak,Mon,Thu 2,Ca3,13:00,15:40,B,2,B-0206,56,56,0.87,0.2,P1,44,0,5,100,12:30,13:00,15:40,16:10,N
SCH00632,LHP0185,optimized,Worst,Mon,Thu 2,Ca3,13:00,15:40,B,2,B-0206,56,56,0.87,0.2,P1,44,0,5,100,12:30,13:00,15:40,16:10,N
SCH00633,LHP0186,baseline,Normal,Sat,Thu 7,Ca3,13:00,15:40,A2,6,A2-0605,84,61,0.87,0.24,P1,50,0,3,150,12:30,13:00,15:40,16:10,N
SCH00634,LHP0186,optimized,Normal,Tue,Thu 3,Ca3,13:00,15:40,C,2,D-0202,81,61,0.87,0.24,P2,0,47,6,120,12:30,13:00,15:40,16:10,N
SCH00635,LHP0187,baseline,Peak,Mon,Thu 2,Ca1,06:45,09:25,C,3,C-0307,53,43,0.84,0.24,P2,0,34,2,120,06:15,06:45,09:25,09:55,N
SCH00636,LHP0187,baseline,Worst,Mon,Thu 2,Ca1,06:45,09:25,C,3,C-0307,53,43,0.84,0.24,P2,0,34,2,120,06:15,06:45,09:25,09:55,N
SCH00637,LHP0187,baseline,Normal,Sat,Thu 7,Ca2,09:35,12:15,A2,10,A2-1009,80,43,0.84,0.24,P1,34,0,2,150,09:05,09:35,12:15,12:45,N
SCH00638,LHP0187,optimized,Normal,Tue,Thu 3,Ca3,13:00,15:40,A2,3,A2-0305,97,43,0.84,0.24,P1,32,0,4,150,12:30,13:00,15:40,16:10,N
SCH00639,LHP0187,optimized,Normal,Sat,Thu 7,Ca2,09:35,12:15,D,5,D-0508,76,43,0.84,0.24,P2,0,32,4,180,09:05,09:35,12:15,12:45,N
SCH00640,LHP0188,baseline,Peak,Wed,Thu 4,Ca1,06:45,09:25,D,2,D-0205,74,73,0.82,0.23,P2,0,57,3,180,06:15,06:45,09:25,09:55,N
SCH00641,LHP0188,baseline,Peak,Mon,Thu 2,Ca3,13:00,15:40,A2,2,A2-0206,81,73,0.82,0.23,P1,57,0,3,150,12:30,13:00,15:40,16:10,N
SCH00642,LHP0188,baseline,Worst,Mon,Thu 2,Ca3,13:00,15:40,A2,2,A2-0206,81,73,0.82,0.23,P1,57,0,3,150,12:30,13:00,15:40,16:10,N
SCH00643,LHP0188,optimized,Normal,Tue,Thu 3,Ca1,06:45,09:25,A2,9,A2-0905,112,73,0.82,0.23,P1,53,0,7,150,06:15,06:45,09:25,09:55,N
SCH00644,LHP0188,optimized,Normal,Thu,Thu 5,Ca3,13:00,15:40,D,1,D-0103,84,73,0.82,0.23,P2,0,53,7,180,12:30,13:00,15:40,16:10,N
SCH00645,LHP0189,baseline,Normal,Fri,Thu 6,Ca1,06:45,09:25,D,5,D-0506,70,55,0.81,0.24,P2,0,43,2,180,06:15,06:45,09:25,09:55,N
SCH00646,LHP0189,baseline,Peak,Wed,Thu 4,Ca4,15:50,18:30,D,5,D-0508,76,55,0.81,0.24,P2,0,43,2,180,15:20,15:50,18:30,19:00,N
SCH00647,LHP0189,optimized,Peak,Mon,Thu 2,Ca3,13:00,15:40,A2,10,A2-1007,96,55,0.81,0.24,P1,39,0,6,150,12:30,13:00,15:40,16:10,N
SCH00648,LHP0189,optimized,Worst,Mon,Thu 2,Ca3,13:00,15:40,A2,10,A2-1007,96,55,0.81,0.24,P1,39,0,6,150,12:30,13:00,15:40,16:10,N
SCH00649,LHP0189,optimized,Normal,Thu,Thu 5,Ca4,15:50,18:30,A2,4,A2-0409,115,55,0.81,0.24,P1,39,0,6,150,15:20,15:50,18:30,19:00,N
SCH00650,LHP0190,baseline,Normal,Tue,Thu 3,Ca3,13:00,15:40,B,3,B-0306,40,35,0.88,0.18,P1,30,0,1,100,12:30,13:00,15:40,16:10,N
SCH00651,LHP0190,optimized,Normal,Tue,Thu 3,Ca3,13:00,15:40,C,1,C-0106,47,35,0.88,0.18,P2,0,28,3,120,12:30,13:00,15:40,16:10,N
SCH00652,LHP0191,baseline,Normal,Tue,Thu 3,Ca1,06:45,09:25,A2,1,A2-0102,87,33,0.91,0.1,P1,29,0,1,150,06:15,06:45,09:25,09:55,N
SCH00653,LHP0191,optimized,Peak,Wed,Thu 4,Ca3,13:00,15:40,C,1,C-0104,51,33,0.91,0.1,P2,0,28,2,120,12:30,13:00,15:40,16:10,N
SCH00654,LHP0192,baseline,Normal,Fri,Thu 6,Ca1,06:45,09:25,B,2,B-0208,46,43,0.76,0.2,P1,32,0,1,100,06:15,06:45,09:25,09:55,N
SCH00655,LHP0192,optimized,Normal,Tue,Thu 3,Ca4,15:50,18:30,C,3,C-0302,57,43,0.76,0.2,P2,0,29,4,120,15:20,15:50,18:30,19:00,N
SCH00656,LHP0193,baseline,Normal,Fri,Thu 6,Ca1,06:45,09:25,A2,6,A2-0613,104,44,0.82,0.08,P1,35,0,1,150,06:15,06:45,09:25,09:55,N
SCH00657,LHP0193,baseline,Peak,Wed,Thu 4,Ca3,13:00,15:40,A2,6,A2-0609,114,44,0.82,0.08,P1,35,0,1,150,12:30,13:00,15:40,16:10,N
SCH00658,LHP0193,optimized,Normal,Fri,Thu 6,Ca4,15:50,18:30,D,1,D-0102,77,44,0.82,0.08,P2,0,34,2,180,15:20,15:50,18:30,19:00,N
SCH00659,LHP0193,optimized,Normal,Thu,Thu 5,Ca4,15:50,18:30,C,3,C-0303,45,44,0.82,0.08,P2,0,34,2,120,15:20,15:50,18:30,19:00,N
SCH00660,LHP0194,baseline,Normal,Thu,Thu 5,Ca4,15:50,18:30,C,3,C-0302,57,47,0.92,0.08,P2,0,42,1,120,15:20,15:50,18:30,19:00,N
SCH00661,LHP0194,optimized,Normal,Sat,Thu 7,Ca2,09:35,12:15,A2,8,A2-0810,114,47,0.92,0.08,P1,41,0,2,150,09:05,09:35,12:15,12:45,N
SCH00662,LHP0195,baseline,Peak,Wed,Thu 4,Ca3,13:00,15:40,C,1,C-0107,41,41,0.77,0.22,P2,0,31,1,120,12:30,13:00,15:40,16:10,N
SCH00663,LHP0195,optimized,Peak,Wed,Thu 4,Ca1,06:45,09:25,D,3,D-0302,67,41,0.77,0.22,P2,0,28,4,180,06:15,06:45,09:25,09:55,N
SCH00664,LHP0196,baseline,Normal,Sat,Thu 7,Ca2,09:35,12:15,A2,7,A2-0714,100,80,0.91,0.17,P1,70,0,2,150,09:05,09:35,12:15,12:45,N
SCH00665,LHP0196,optimized,Peak,Mon,Thu 2,Ca3,13:00,15:40,D,1,D-0103,84,80,0.91,0.17,P2,0,66,6,180,12:30,13:00,15:40,16:10,N
SCH00666,LHP0196,optimized,Worst,Mon,Thu 2,Ca3,13:00,15:40,D,1,D-0103,84,80,0.91,0.17,P2,0,66,6,180,12:30,13:00,15:40,16:10,N
SCH00667,LHP0197,baseline,Normal,Fri,Thu 6,Ca2,09:35,12:15,A2,5,A2-0502,84,33,0.78,0.13,P1,24,0,1,150,09:05,09:35,12:15,12:45,N
SCH00668,LHP0197,optimized,Peak,Wed,Thu 4,Ca4,15:50,18:30,B,2,B-0208,46,33,0.78,0.13,P1,23,0,2,100,15:20,15:50,18:30,19:00,N
SCH00669,LHP0198,baseline,Peak,Mon,Thu 2,Ca1,06:45,09:25,A2,10,A2-1003,104,60,0.84,0.12,P1,49,0,1,150,06:15,06:45,09:25,09:55,N
SCH00670,LHP0198,baseline,Worst,Mon,Thu 2,Ca1,06:45,09:25,A2,10,A2-1003,104,60,0.84,0.12,P1,49,0,1,150,06:15,06:45,09:25,09:55,N
SCH00671,LHP0198,optimized,Peak,Wed,Thu 4,Ca4,15:50,18:30,C,9,A2-0902,103,60,0.84,0.12,P2,0,47,3,120,15:20,15:50,18:30,19:00,N
SCH00672,LHP0199,baseline,Peak,Mon,Thu 2,Ca3,13:00,15:40,A2,1,A2-0106,94,62,0.79,0.17,P1,47,0,2,150,12:30,13:00,15:40,16:10,N
SCH00673,LHP0199,baseline,Worst,Mon,Thu 2,Ca3,13:00,15:40,A2,1,A2-0106,94,62,0.79,0.17,P1,47,0,2,150,12:30,13:00,15:40,16:10,N
SCH00674,LHP0199,baseline,Peak,Wed,Thu 4,Ca3,13:00,15:40,D,5,D-0503,88,62,0.79,0.17,P2,0,47,2,180,12:30,13:00,15:40,16:10,N
SCH00675,LHP0199,optimized,Peak,Wed,Thu 4,Ca2,09:35,12:15,C,8,A2-0807,88,62,0.79,0.17,P2,0,45,4,120,09:05,09:35,12:15,12:45,N
SCH00676,LHP0199,optimized,Normal,Sat,Thu 7,Ca1,06:45,09:25,D,5,D-0506,70,62,0.79,0.17,P2,0,45,4,180,06:15,06:45,09:25,09:55,N
SCH00677,LHP0200,baseline,Peak,Wed,Thu 4,Ca1,06:45,09:25,C,1,C-0105,49,49,0.84,0.24,P2,0,39,2,120,06:15,06:45,09:25,09:55,N
SCH00678,LHP0200,optimized,Normal,Fri,Thu 6,Ca4,15:50,18:30,C,1,C-0101,55,49,0.84,0.24,P2,0,36,5,120,15:20,15:50,18:30,19:00,N
SCH00679,LHP0201,baseline,Peak,Wed,Thu 4,Ca3,13:00,15:40,B,3,B-0307,59,55,0.84,0.07,P1,45,0,1,100,12:30,13:00,15:40,16:10,N
SCH00680,LHP0201,baseline,Normal,Sat,Thu 7,Ca2,09:35,12:15,D,2,D-0203,80,55,0.84,0.07,P2,0,45,1,180,09:05,09:35,12:15,12:45,N
SCH00681,LHP0201,optimized,Peak,Mon,Thu 2,Ca3,13:00,15:40,A2,7,A2-0705,83,55,0.84,0.07,P1,44,0,2,150,12:30,13:00,15:40,16:10,N
SCH00682,LHP0201,optimized,Worst,Mon,Thu 2,Ca3,13:00,15:40,A2,7,A2-0705,83,55,0.84,0.07,P1,44,0,2,150,12:30,13:00,15:40,16:10,N
SCH00683,LHP0201,optimized,Normal,Tue,Thu 3,Ca4,15:50,18:30,A2,2,A2-0206,81,55,0.84,0.07,P1,44,0,2,150,15:20,15:50,18:30,19:00,N
SCH00684,LHP0202,baseline,Normal,Thu,Thu 5,Ca1,06:45,09:25,D,5,D-0506,70,34,0.93,0.11,P2,0,30,1,180,06:15,06:45,09:25,09:55,N
SCH00685,LHP0202,optimized,Normal,Fri,Thu 6,Ca3,13:00,15:40,C,1,C-0108,47,34,0.93,0.11,P2,0,29,2,120,12:30,13:00,15:40,16:10,N
SCH00686,LHP0203,baseline,Normal,Fri,Thu 6,Ca3,13:00,15:40,A2,10,A2-1012,97,47,0.87,0.17,P1,40,0,1,150,12:30,13:00,15:40,16:10,N
SCH00687,LHP0203,baseline,Normal,Tue,Thu 3,Ca1,06:45,09:25,A2,5,A2-0509,104,47,0.87,0.17,P1,40,0,1,150,06:15,06:45,09:25,09:55,N
SCH00688,LHP0203,optimized,Normal,Sat,Thu 7,Ca1,06:45,09:25,A2,4,A2-0402,96,47,0.87,0.17,P1,37,0,4,150,06:15,06:45,09:25,09:55,N
SCH00689,LHP0203,optimized,Peak,Mon,Thu 2,Ca3,13:00,15:40,C,1,C-0101,55,47,0.87,0.17,P2,0,37,4,120,12:30,13:00,15:40,16:10,N
SCH00690,LHP0203,optimized,Worst,Mon,Thu 2,Ca3,13:00,15:40,C,1,C-0101,55,47,0.87,0.17,P2,0,37,4,120,12:30,13:00,15:40,16:10,N
SCH00691,LHP0204,baseline,Peak,Mon,Thu 2,Ca3,13:00,15:40,A2,3,A2-0314,102,68,0.86,0.14,P1,56,0,2,150,12:30,13:00,15:40,16:10,N
SCH00692,LHP0204,baseline,Worst,Mon,Thu 2,Ca3,13:00,15:40,A2,3,A2-0314,102,68,0.86,0.14,P1,56,0,2,150,12:30,13:00,15:40,16:10,N
SCH00693,LHP0204,baseline,Peak,Wed,Thu 4,Ca3,13:00,15:40,A2,4,A2-0407,104,68,0.86,0.14,P1,56,0,2,150,12:30,13:00,15:40,16:10,N
SCH00694,LHP0204,optimized,Peak,Mon,Thu 2,Ca1,06:45,09:25,A2,9,A2-0912,90,68,0.86,0.14,P1,54,0,4,150,06:15,06:45,09:25,09:55,N
SCH00695,LHP0204,optimized,Worst,Mon,Thu 2,Ca1,06:45,09:25,A2,9,A2-0912,90,68,0.86,0.14,P1,54,0,4,150,06:15,06:45,09:25,09:55,N
SCH00696,LHP0204,optimized,Normal,Tue,Thu 3,Ca1,06:45,09:25,D,5,D-0503,88,68,0.86,0.14,P2,0,54,4,180,06:15,06:45,09:25,09:55,N
SCH00697,LHP0205,baseline,Normal,Tue,Thu 3,Ca3,13:00,15:40,A2,1,A2-0110,85,80,0.89,0.22,P1,69,0,3,150,12:30,13:00,15:40,16:10,N
SCH00698,LHP0205,baseline,Normal,Fri,Thu 6,Ca4,15:50,18:30,A2,10,A2-1008,115,80,0.89,0.22,P1,69,0,3,150,15:20,15:50,18:30,19:00,N
SCH00699,LHP0205,optimized,Normal,Thu,Thu 5,Ca3,13:00,15:40,D,1,D-0104,83,80,0.89,0.22,P2,0,64,8,180,12:30,13:00,15:40,16:10,N
SCH00700,LHP0205,optimized,Peak,Mon,Thu 2,Ca1,06:45,09:25,D,2,D-0202,81,80,0.89,0.22,P2,0,64,8,180,06:15,06:45,09:25,09:55,N
SCH00701,LHP0205,optimized,Worst,Mon,Thu 2,Ca1,06:45,09:25,D,2,D-0202,81,80,0.89,0.22,P2,0,64,8,180,06:15,06:45,09:25,09:55,N
SCH00702,LHP0206,baseline,Normal,Fri,Thu 6,Ca3,13:00,15:40,B,1,A2-0103,81,76,0.92,0.14,P1,68,0,2,100,12:30,13:00,15:40,16:10,N
SCH00703,LHP0206,baseline,Peak,Mon,Thu 2,Ca3,13:00,15:40,A2,6,A2-0603,93,76,0.92,0.14,P1,68,0,2,150,12:30,13:00,15:40,16:10,N
SCH00704,LHP0206,baseline,Worst,Mon,Thu 2,Ca3,13:00,15:40,A2,6,A2-0603,93,76,0.92,0.14,P1,68,0,2,150,12:30,13:00,15:40,16:10,N
SCH00705,LHP0206,optimized,Peak,Mon,Thu 2,Ca4,15:50,18:30,A2,3,A2-0314,102,76,0.92,0.14,P1,65,0,5,150,15:20,15:50,18:30,19:00,N
SCH00706,LHP0206,optimized,Worst,Mon,Thu 2,Ca4,15:50,18:30,A2,3,A2-0314,102,76,0.92,0.14,P1,65,0,5,150,15:20,15:50,18:30,19:00,N
SCH00707,LHP0206,optimized,Normal,Thu,Thu 5,Ca3,13:00,15:40,C,3,A2-0312,86,76,0.92,0.14,P2,0,65,5,120,12:30,13:00,15:40,16:10,N
SCH00708,LHP0207,baseline,Peak,Mon,Thu 2,Ca1,06:45,09:25,B,2,B-0207,59,51,0.92,0.13,P1,46,0,1,100,06:15,06:45,09:25,09:55,N
SCH00709,LHP0207,baseline,Worst,Mon,Thu 2,Ca1,06:45,09:25,B,2,B-0207,59,51,0.92,0.13,P1,46,0,1,100,06:15,06:45,09:25,09:55,N
SCH00710,LHP0207,baseline,Normal,Sat,Thu 7,Ca1,06:45,09:25,A2,5,A2-0506,85,51,0.92,0.13,P1,46,0,1,150,06:15,06:45,09:25,09:55,N
SCH00711,LHP0207,optimized,Peak,Mon,Thu 2,Ca1,06:45,09:25,B,2,B-0207,59,51,0.92,0.13,P1,44,0,3,100,06:15,06:45,09:25,09:55,N
SCH00712,LHP0207,optimized,Worst,Mon,Thu 2,Ca1,06:45,09:25,B,2,B-0207,59,51,0.92,0.13,P1,44,0,3,100,06:15,06:45,09:25,09:55,N
SCH00713,LHP0207,optimized,Normal,Tue,Thu 3,Ca4,15:50,18:30,A2,10,A2-1013,101,51,0.92,0.13,P1,44,0,3,150,15:20,15:50,18:30,19:00,N
SCH00714,LHP0208,baseline,Peak,Mon,Thu 2,Ca1,06:45,09:25,A2,1,A2-0107,88,57,0.81,0.1,P1,46,0,1,150,06:15,06:45,09:25,09:55,N
SCH00715,LHP0208,baseline,Worst,Mon,Thu 2,Ca1,06:45,09:25,A2,1,A2-0107,88,57,0.81,0.1,P1,46,0,1,150,06:15,06:45,09:25,09:55,N
SCH00716,LHP0208,baseline,Normal,Fri,Thu 6,Ca1,06:45,09:25,A2,2,A2-0207,115,57,0.81,0.1,P1,46,0,1,150,06:15,06:45,09:25,09:55,N
SCH00717,LHP0208,optimized,Normal,Tue,Thu 3,Ca4,15:50,18:30,A2,8,A2-0810,114,57,0.81,0.1,P1,45,0,2,150,15:20,15:50,18:30,19:00,N
SCH00718,LHP0208,optimized,Normal,Thu,Thu 5,Ca3,13:00,15:40,D,3,D-0306,60,57,0.81,0.1,P2,0,45,2,180,12:30,13:00,15:40,16:10,N
SCH00719,LHP0209,baseline,Peak,Wed,Thu 4,Ca4,15:50,18:30,B,1,B-0101,49,34,0.77,0.07,P1,26,0,0,100,15:20,15:50,18:30,19:00,N
SCH00720,LHP0209,optimized,Peak,Mon,Thu 2,Ca1,06:45,09:25,A2,1,A2-0113,82,34,0.77,0.07,P1,25,0,1,150,06:15,06:45,09:25,09:55,N
SCH00721,LHP0209,optimized,Worst,Mon,Thu 2,Ca1,06:45,09:25,A2,1,A2-0113,82,34,0.77,0.07,P1,25,0,1,150,06:15,06:45,09:25,09:55,N
SCH00722,LHP0210,baseline,Normal,Fri,Thu 6,Ca1,06:45,09:25,A2,3,A2-0311,104,38,0.86,0.17,P1,32,0,1,150,06:15,06:45,09:25,09:55,N
SCH00723,LHP0210,optimized,Normal,Fri,Thu 6,Ca1,06:45,09:25,D,1,D-0108,69,38,0.86,0.17,P2,0,30,3,180,06:15,06:45,09:25,09:55,N
SCH00724,LHP0211,baseline,Normal,Thu,Thu 5,Ca3,13:00,15:40,A2,2,A2-0213,117,72,0.77,0.12,P1,55,0,1,150,12:30,13:00,15:40,16:10,N
SCH00725,LHP0211,baseline,Peak,Mon,Thu 2,Ca1,06:45,09:25,D,2,D-0207,76,72,0.77,0.12,P2,0,55,1,180,06:15,06:45,09:25,09:55,N
SCH00726,LHP0211,baseline,Worst,Mon,Thu 2,Ca1,06:45,09:25,D,2,D-0207,76,72,0.77,0.12,P2,0,55,1,180,06:15,06:45,09:25,09:55,N
SCH00727,LHP0211,optimized,Peak,Mon,Thu 2,Ca1,06:45,09:25,A2,2,A2-0214,97,72,0.77,0.12,P1,52,0,4,150,06:15,06:45,09:25,09:55,N
SCH00728,LHP0211,optimized,Worst,Mon,Thu 2,Ca1,06:45,09:25,A2,2,A2-0214,97,72,0.77,0.12,P1,52,0,4,150,06:15,06:45,09:25,09:55,N
SCH00729,LHP0211,optimized,Normal,Thu,Thu 5,Ca3,13:00,15:40,D,2,D-0205,74,72,0.77,0.12,P2,0,52,4,180,12:30,13:00,15:40,16:10,N
SCH00730,LHP0212,baseline,Peak,Mon,Thu 2,Ca4,15:50,18:30,C,9,A2-0908,83,76,0.76,0.11,P2,0,56,1,120,15:20,15:50,18:30,19:00,N
SCH00731,LHP0212,baseline,Worst,Mon,Thu 2,Ca4,15:50,18:30,C,9,A2-0908,83,76,0.76,0.11,P2,0,56,1,120,15:20,15:50,18:30,19:00,N
SCH00732,LHP0212,optimized,Normal,Fri,Thu 6,Ca3,13:00,15:40,A2,4,A2-0402,96,76,0.76,0.11,P1,54,0,3,150,12:30,13:00,15:40,16:10,N
SCH00733,LHP0213,baseline,Normal,Fri,Thu 6,Ca1,06:45,09:25,C,8,A2-0813,107,66,0.85,0.08,P2,0,55,1,120,06:15,06:45,09:25,09:55,N
SCH00734,LHP0213,optimized,Normal,Thu,Thu 5,Ca1,06:45,09:25,D,1,D-0107,82,66,0.85,0.08,P2,0,54,2,180,06:15,06:45,09:25,09:55,N
SCH00735,LHP0214,baseline,Peak,Mon,Thu 2,Ca3,13:00,15:40,A2,1,A2-0104,97,52,0.92,0.12,P1,47,0,1,150,12:30,13:00,15:40,16:10,N
SCH00736,LHP0214,baseline,Worst,Mon,Thu 2,Ca3,13:00,15:40,A2,1,A2-0104,97,52,0.92,0.12,P1,47,0,1,150,12:30,13:00,15:40,16:10,N
SCH00737,LHP0214,baseline,Normal,Fri,Thu 6,Ca3,13:00,15:40,A2,8,A2-0801,93,52,0.92,0.12,P1,47,0,1,150,12:30,13:00,15:40,16:10,N
SCH00738,LHP0214,optimized,Peak,Wed,Thu 4,Ca1,06:45,09:25,A2,4,A2-0412,119,52,0.92,0.12,P1,45,0,3,150,06:15,06:45,09:25,09:55,N
SCH00739,LHP0214,optimized,Peak,Mon,Thu 2,Ca1,06:45,09:25,D,1,D-0107,82,52,0.92,0.12,P2,0,45,3,180,06:15,06:45,09:25,09:55,N
SCH00740,LHP0214,optimized,Worst,Mon,Thu 2,Ca1,06:45,09:25,D,1,D-0107,82,52,0.92,0.12,P2,0,45,3,180,06:15,06:45,09:25,09:55,N
SCH00741,LHP0215,baseline,Peak,Wed,Thu 4,Ca1,06:45,09:25,A2,1,A2-0104,97,44,0.91,0.22,P1,38,0,2,150,06:15,06:45,09:25,09:55,N
SCH00742,LHP0215,baseline,Normal,Fri,Thu 6,Ca1,06:45,09:25,A2,5,A2-0501,92,44,0.91,0.22,P1,38,0,2,150,06:15,06:45,09:25,09:55,N
SCH00743,LHP0215,optimized,Normal,Thu,Thu 5,Ca2,09:35,12:15,A2,4,A2-0401,118,44,0.91,0.22,P1,36,0,4,150,09:05,09:35,12:15,12:45,N
SCH00744,LHP0215,optimized,Normal,Tue,Thu 3,Ca2,09:35,12:15,A2,3,A2-0313,102,44,0.91,0.22,P1,36,0,4,150,09:05,09:35,12:15,12:45,N
SCH00745,LHP0216,baseline,Peak,Wed,Thu 4,Ca2,09:35,12:15,D,5,D-0506,70,69,0.88,0.16,P2,0,59,2,180,09:05,09:35,12:15,12:45,N
SCH00746,LHP0216,baseline,Normal,Fri,Thu 6,Ca3,13:00,15:40,A2,6,A2-0614,97,69,0.88,0.16,P1,59,0,2,150,12:30,13:00,15:40,16:10,N
SCH00747,LHP0216,optimized,Normal,Sat,Thu 7,Ca4,15:50,18:30,A2,3,A2-0306,89,69,0.88,0.16,P1,56,0,5,150,15:20,15:50,18:30,19:00,N
SCH00748,LHP0216,optimized,Normal,Tue,Thu 3,Ca3,13:00,15:40,A2,7,A2-0705,83,69,0.88,0.16,P1,56,0,5,150,12:30,13:00,15:40,16:10,N
SCH00749,LHP0217,baseline,Peak,Wed,Thu 4,Ca1,06:45,09:25,C,1,C-0103,43,31,0.79,0.19,P2,0,24,1,120,06:15,06:45,09:25,09:55,N
SCH00750,LHP0217,optimized,Normal,Thu,Thu 5,Ca3,13:00,15:40,A2,5,A2-0505,98,31,0.79,0.19,P1,23,0,2,150,12:30,13:00,15:40,16:10,N
SCH00751,LHP0218,baseline,Peak,Mon,Thu 2,Ca1,06:45,09:25,B,2,B-0206,56,52,0.75,0.22,P1,37,0,2,100,06:15,06:45,09:25,09:55,N
SCH00752,LHP0218,baseline,Worst,Mon,Thu 2,Ca1,06:45,09:25,B,2,B-0206,56,52,0.75,0.22,P1,37,0,2,100,06:15,06:45,09:25,09:55,N
SCH00753,LHP0218,optimized,Normal,Sat,Thu 7,Ca3,13:00,15:40,B,1,B-0104,54,52,0.75,0.22,P1,35,0,4,100,12:30,13:00,15:40,16:10,N
SCH00754,LHP0219,baseline,Normal,Tue,Thu 3,Ca2,09:35,12:15,A2,6,A2-0608,90,34,0.78,0.18,P1,26,0,1,150,09:05,09:35,12:15,12:45,N
SCH00755,LHP0219,optimized,Normal,Thu,Thu 5,Ca1,06:45,09:25,D,1,D-0104,83,34,0.78,0.18,P2,0,25,2,180,06:15,06:45,09:25,09:55,N
SCH00756,LHP0220,baseline,Normal,Tue,Thu 3,Ca1,06:45,09:25,D,2,D-0205,74,43,0.83,0.14,P2,0,35,1,180,06:15,06:45,09:25,09:55,N
SCH00757,LHP0220,optimized,Peak,Mon,Thu 2,Ca3,13:00,15:40,C,3,C-0301,55,43,0.83,0.14,P2,0,34,2,120,12:30,13:00,15:40,16:10,N
SCH00758,LHP0220,optimized,Worst,Mon,Thu 2,Ca3,13:00,15:40,C,3,C-0301,55,43,0.83,0.14,P2,0,34,2,120,12:30,13:00,15:40,16:10,N
SCH00759,LHP0221,baseline,Normal,Tue,Thu 3,Ca1,06:45,09:25,A2,1,A2-0103,81,76,0.81,0.24,P1,59,0,3,150,06:15,06:45,09:25,09:55,N
SCH00760,LHP0221,optimized,Peak,Wed,Thu 4,Ca2,09:35,12:15,A2,4,A2-0412,119,76,0.81,0.24,P1,54,0,8,150,09:05,09:35,12:15,12:45,N
SCH00761,LHP0222,baseline,Peak,Mon,Thu 2,Ca1,06:45,09:25,A2,2,A2-0208,92,39,0.78,0.17,P1,29,0,1,150,06:15,06:45,09:25,09:55,N
SCH00762,LHP0222,baseline,Worst,Mon,Thu 2,Ca1,06:45,09:25,A2,2,A2-0208,92,39,0.78,0.17,P1,29,0,1,150,06:15,06:45,09:25,09:55,N
SCH00763,LHP0222,baseline,Peak,Wed,Thu 4,Ca1,06:45,09:25,A2,4,A2-0405,114,39,0.78,0.17,P1,29,0,1,150,06:15,06:45,09:25,09:55,N
SCH00764,LHP0222,optimized,Normal,Fri,Thu 6,Ca4,15:50,18:30,A2,10,A2-1001,84,39,0.78,0.17,P1,28,0,2,150,15:20,15:50,18:30,19:00,N
SCH00765,LHP0222,optimized,Normal,Tue,Thu 3,Ca2,09:35,12:15,A2,5,A2-0511,109,39,0.78,0.17,P1,28,0,2,150,09:05,09:35,12:15,12:45,N
SCH00766,LHP0223,baseline,Peak,Mon,Thu 2,Ca1,06:45,09:25,D,5,D-0505,87,58,0.88,0.15,P2,0,49,2,180,06:15,06:45,09:25,09:55,N
SCH00767,LHP0223,baseline,Worst,Mon,Thu 2,Ca1,06:45,09:25,D,5,D-0505,87,58,0.88,0.15,P2,0,49,2,180,06:15,06:45,09:25,09:55,N
SCH00768,LHP0223,optimized,Normal,Sat,Thu 7,Ca1,06:45,09:25,A2,5,A2-0501,92,58,0.88,0.15,P1,47,0,4,150,06:15,06:45,09:25,09:55,N
SCH00769,LHP0224,baseline,Normal,Sat,Thu 7,Ca1,06:45,09:25,B,2,B-0207,59,43,0.9,0.07,P1,38,0,1,100,06:15,06:45,09:25,09:55,N
SCH00770,LHP0224,optimized,Peak,Mon,Thu 2,Ca3,13:00,15:40,A2,3,A2-0302,90,43,0.9,0.07,P1,37,0,2,150,12:30,13:00,15:40,16:10,N
SCH00771,LHP0224,optimized,Worst,Mon,Thu 2,Ca3,13:00,15:40,A2,3,A2-0302,90,43,0.9,0.07,P1,37,0,2,150,12:30,13:00,15:40,16:10,N
SCH00772,LHP0225,baseline,Normal,Fri,Thu 6,Ca2,09:35,12:15,C,4,D-0402,78,73,0.89,0.15,P2,0,63,2,120,09:05,09:35,12:15,12:45,N
SCH00773,LHP0225,baseline,Peak,Mon,Thu 2,Ca1,06:45,09:25,D,1,D-0102,77,73,0.89,0.15,P2,0,63,2,180,06:15,06:45,09:25,09:55,N
SCH00774,LHP0225,baseline,Worst,Mon,Thu 2,Ca1,06:45,09:25,D,1,D-0102,77,73,0.89,0.15,P2,0,63,2,180,06:15,06:45,09:25,09:55,N
SCH00775,LHP0225,optimized,Normal,Tue,Thu 3,Ca3,13:00,15:40,C,5,A2-0506,85,73,0.89,0.15,P2,0,60,5,120,12:30,13:00,15:40,16:10,N
SCH00776,LHP0225,optimized,Normal,Sat,Thu 7,Ca3,13:00,15:40,D,1,D-0102,77,73,0.89,0.15,P2,0,60,5,180,12:30,13:00,15:40,16:10,N
SCH00777,LHP0226,baseline,Peak,Wed,Thu 4,Ca4,15:50,18:30,D,1,D-0108,69,44,0.83,0.17,P2,0,35,1,180,15:20,15:50,18:30,19:00,N
SCH00778,LHP0226,optimized,Peak,Mon,Thu 2,Ca2,09:35,12:15,A2,9,A2-0903,94,44,0.83,0.17,P1,33,0,3,150,09:05,09:35,12:15,12:45,N
SCH00779,LHP0226,optimized,Worst,Mon,Thu 2,Ca2,09:35,12:15,A2,9,A2-0903,94,44,0.83,0.17,P1,33,0,3,150,09:05,09:35,12:15,12:45,N
SCH00780,LHP0227,baseline,Peak,Wed,Thu 4,Ca1,06:45,09:25,B,2,B-0204,49,43,0.9,0.2,P1,37,0,2,100,06:15,06:45,09:25,09:55,N
SCH00781,LHP0227,optimized,Normal,Fri,Thu 6,Ca4,15:50,18:30,A2,2,A2-0213,117,43,0.9,0.2,P1,35,0,4,150,15:20,15:50,18:30,19:00,N
SCH00782,LHP0228,baseline,Peak,Mon,Thu 2,Ca2,09:35,12:15,D,2,D-0207,76,30,0.85,0.14,P2,0,25,1,180,09:05,09:35,12:15,12:45,N
SCH00783,LHP0228,baseline,Worst,Mon,Thu 2,Ca2,09:35,12:15,D,2,D-0207,76,30,0.85,0.14,P2,0,25,1,180,09:05,09:35,12:15,12:45,N
SCH00784,LHP0228,optimized,Normal,Fri,Thu 6,Ca1,06:45,09:25,B,2,B-0208,46,30,0.85,0.14,P1,24,0,2,100,06:15,06:45,09:25,09:55,N
SCH00785,LHP0229,baseline,Peak,Mon,Thu 2,Ca3,13:00,15:40,A2,3,A2-0304,101,75,0.8,0.16,P1,58,0,2,150,12:30,13:00,15:40,16:10,N
SCH00786,LHP0229,baseline,Worst,Mon,Thu 2,Ca3,13:00,15:40,A2,3,A2-0304,101,75,0.8,0.16,P1,58,0,2,150,12:30,13:00,15:40,16:10,N
SCH00787,LHP0229,baseline,Normal,Sat,Thu 7,Ca1,06:45,09:25,A2,8,A2-0806,96,75,0.8,0.16,P1,58,0,2,150,06:15,06:45,09:25,09:55,N
SCH00788,LHP0229,optimized,Normal,Fri,Thu 6,Ca2,09:35,12:15,D,4,D-0407,80,75,0.8,0.16,P2,0,55,5,180,09:05,09:35,12:15,12:45,N
SCH00789,LHP0229,optimized,Normal,Sat,Thu 7,Ca1,06:45,09:25,A2,1,A2-0102,87,75,0.8,0.16,P1,55,0,5,150,06:15,06:45,09:25,09:55,N
SCH00790,LHP0230,baseline,Normal,Tue,Thu 3,Ca1,06:45,09:25,C,1,C-0105,49,34,0.83,0.2,P2,0,28,1,120,06:15,06:45,09:25,09:55,N
SCH00791,LHP0230,optimized,Peak,Wed,Thu 4,Ca1,06:45,09:25,D,2,D-0208,74,34,0.83,0.2,P2,0,26,3,180,06:15,06:45,09:25,09:55,N
SCH00792,LHP0231,baseline,Peak,Mon,Thu 2,Ca2,09:35,12:15,A2,8,A2-0803,105,34,0.92,0.17,P1,30,0,1,150,09:05,09:35,12:15,12:45,N
SCH00793,LHP0231,baseline,Worst,Mon,Thu 2,Ca2,09:35,12:15,A2,8,A2-0803,105,34,0.92,0.17,P1,30,0,1,150,09:05,09:35,12:15,12:45,N
SCH00794,LHP0231,optimized,Normal,Fri,Thu 6,Ca1,06:45,09:25,D,5,D-0504,61,34,0.92,0.17,P2,0,29,2,180,06:15,06:45,09:25,09:55,N
SCH00795,LHP0232,baseline,Peak,Wed,Thu 4,Ca4,15:50,18:30,A2,10,A2-1004,118,48,0.77,0.05,P1,37,0,0,150,15:20,15:50,18:30,19:00,N
SCH00796,LHP0232,optimized,Normal,Thu,Thu 5,Ca4,15:50,18:30,B,2,B-0203,60,48,0.77,0.05,P1,36,0,1,100,15:20,15:50,18:30,19:00,N
SCH00797,LHP0233,baseline,Peak,Wed,Thu 4,Ca1,06:45,09:25,A2,4,A2-0410,98,59,0.92,0.23,P1,52,0,2,150,06:15,06:45,09:25,09:55,N
SCH00798,LHP0233,optimized,Normal,Thu,Thu 5,Ca1,06:45,09:25,A2,5,A2-0511,109,59,0.92,0.23,P1,48,0,6,150,06:15,06:45,09:25,09:55,N
SCH00799,LHP0234,baseline,Peak,Wed,Thu 4,Ca1,06:45,09:25,A2,1,A2-0103,81,45,0.84,0.13,P1,37,0,1,150,06:15,06:45,09:25,09:55,N
SCH00800,LHP0234,optimized,Peak,Wed,Thu 4,Ca4,15:50,18:30,A2,5,A2-0506,85,45,0.84,0.13,P1,36,0,2,150,15:20,15:50,18:30,19:00,N
SCH00801,LHP0235,baseline,Peak,Mon,Thu 2,Ca1,06:45,09:25,D,4,D-0406,82,77,0.82,0.12,P2,0,62,2,180,06:15,06:45,09:25,09:55,N
SCH00802,LHP0235,baseline,Worst,Mon,Thu 2,Ca1,06:45,09:25,D,4,D-0406,82,77,0.82,0.12,P2,0,62,2,180,06:15,06:45,09:25,09:55,N
SCH00803,LHP0235,optimized,Peak,Wed,Thu 4,Ca3,13:00,15:40,D,2,D-0203,80,77,0.82,0.12,P2,0,60,4,180,12:30,13:00,15:40,16:10,N
SCH00804,LHP0236,baseline,Peak,Mon,Thu 2,Ca3,13:00,15:40,B,8,A2-0803,105,70,0.77,0.15,P1,52,0,2,100,12:30,13:00,15:40,16:10,N
SCH00805,LHP0236,baseline,Worst,Mon,Thu 2,Ca3,13:00,15:40,B,8,A2-0803,105,70,0.77,0.15,P1,52,0,2,100,12:30,13:00,15:40,16:10,N
SCH00806,LHP0236,baseline,Normal,Tue,Thu 3,Ca2,09:35,12:15,B,7,A2-0712,93,70,0.77,0.15,P1,52,0,2,100,09:05,09:35,12:15,12:45,N
SCH00807,LHP0236,optimized,Normal,Fri,Thu 6,Ca3,13:00,15:40,D,1,D-0107,82,70,0.77,0.15,P2,0,50,4,180,12:30,13:00,15:40,16:10,N
SCH00808,LHP0236,optimized,Peak,Wed,Thu 4,Ca1,06:45,09:25,A2,2,A2-0207,115,70,0.77,0.15,P1,50,0,4,150,06:15,06:45,09:25,09:55,N
SCH00809,LHP0237,baseline,Normal,Sat,Thu 7,Ca4,15:50,18:30,C,3,C-0301,55,52,0.9,0.21,P2,0,45,2,120,15:20,15:50,18:30,19:00,N
SCH00810,LHP0237,baseline,Normal,Fri,Thu 6,Ca1,06:45,09:25,C,3,C-0305,56,52,0.9,0.21,P2,0,45,2,120,06:15,06:45,09:25,09:55,N
SCH00811,LHP0237,optimized,Peak,Wed,Thu 4,Ca3,13:00,15:40,A2,8,A2-0813,107,52,0.9,0.21,P1,42,0,5,150,12:30,13:00,15:40,16:10,N
SCH00812,LHP0237,optimized,Normal,Thu,Thu 5,Ca2,09:35,12:15,B,1,B-0107,56,52,0.9,0.21,P1,42,0,5,100,09:05,09:35,12:15,12:45,N
SCH00813,LHP0238,baseline,Peak,Wed,Thu 4,Ca2,09:35,12:15,A2,10,A2-1009,80,36,0.78,0.09,P1,28,0,1,150,09:05,09:35,12:15,12:45,N
SCH00814,LHP0238,baseline,Peak,Mon,Thu 2,Ca2,09:35,12:15,A2,6,A2-0603,93,36,0.78,0.09,P1,28,0,1,150,09:05,09:35,12:15,12:45,N
SCH00815,LHP0238,baseline,Worst,Mon,Thu 2,Ca2,09:35,12:15,A2,6,A2-0603,93,36,0.78,0.09,P1,28,0,1,150,09:05,09:35,12:15,12:45,N
SCH00816,LHP0238,optimized,Normal,Thu,Thu 5,Ca2,09:35,12:15,A2,9,A2-0901,105,36,0.78,0.09,P1,27,0,2,150,09:05,09:35,12:15,12:45,N
SCH00817,LHP0238,optimized,Peak,Wed,Thu 4,Ca3,13:00,15:40,C,3,C-0301,55,36,0.78,0.09,P2,0,27,2,120,12:30,13:00,15:40,16:10,N
SCH00818,LHP0239,baseline,Normal,Sat,Thu 7,Ca1,06:45,09:25,B,2,B-0208,46,41,0.94,0.18,P1,38,0,1,100,06:15,06:45,09:25,09:55,N
SCH00819,LHP0239,optimized,Peak,Wed,Thu 4,Ca2,09:35,12:15,B,2,B-0203,60,41,0.94,0.18,P1,35,0,4,100,09:05,09:35,12:15,12:45,N
SCH00820,LHP0240,baseline,Normal,Thu,Thu 5,Ca2,09:35,12:15,D,4,D-0407,80,78,0.87,0.19,P2,0,65,3,180,09:05,09:35,12:15,12:45,N
SCH00821,LHP0240,baseline,Peak,Wed,Thu 4,Ca3,13:00,15:40,A2,8,A2-0810,114,78,0.87,0.19,P1,65,0,3,150,12:30,13:00,15:40,16:10,N
SCH00822,LHP0240,optimized,Normal,Fri,Thu 6,Ca1,06:45,09:25,C,7,A2-0705,83,78,0.87,0.19,P2,0,62,6,120,06:15,06:45,09:25,09:55,N
SCH00823,LHP0240,optimized,Normal,Thu,Thu 5,Ca1,06:45,09:25,C,3,A2-0312,86,78,0.87,0.19,P2,0,62,6,120,06:15,06:45,09:25,09:55,N
SCH00824,LHP0241,baseline,Peak,Mon,Thu 2,Ca2,09:35,12:15,D,2,D-0201,72,50,0.92,0.18,P2,0,44,2,180,09:05,09:35,12:15,12:45,N
SCH00825,LHP0241,baseline,Worst,Mon,Thu 2,Ca2,09:35,12:15,D,2,D-0201,72,50,0.92,0.18,P2,0,44,2,180,09:05,09:35,12:15,12:45,N
SCH00826,LHP0241,optimized,Normal,Sat,Thu 7,Ca2,09:35,12:15,C,3,C-0302,57,50,0.92,0.18,P2,0,42,4,120,09:05,09:35,12:15,12:45,N
SCH00827,LHP0242,baseline,Peak,Wed,Thu 4,Ca1,06:45,09:25,A2,8,A2-0810,114,60,0.84,0.11,P1,50,0,1,150,06:15,06:45,09:25,09:55,N
SCH00828,LHP0242,optimized,Normal,Thu,Thu 5,Ca3,13:00,15:40,A2,4,A2-0412,119,60,0.84,0.11,P1,48,0,3,150,12:30,13:00,15:40,16:10,N
SCH00829,LHP0243,baseline,Peak,Mon,Thu 2,Ca1,06:45,09:25,A2,10,A2-1012,97,52,0.85,0.11,P1,43,0,1,150,06:15,06:45,09:25,09:55,N
SCH00830,LHP0243,baseline,Worst,Mon,Thu 2,Ca1,06:45,09:25,A2,10,A2-1012,97,52,0.85,0.11,P1,43,0,1,150,06:15,06:45,09:25,09:55,N
SCH00831,LHP0243,optimized,Normal,Tue,Thu 3,Ca1,06:45,09:25,A2,3,A2-0302,90,52,0.85,0.11,P1,42,0,2,150,06:15,06:45,09:25,09:55,N
SCH00832,LHP0244,baseline,Peak,Mon,Thu 2,Ca3,13:00,15:40,A2,4,A2-0405,114,53,0.92,0.07,P1,47,0,1,150,12:30,13:00,15:40,16:10,N
SCH00833,LHP0244,baseline,Worst,Mon,Thu 2,Ca3,13:00,15:40,A2,4,A2-0405,114,53,0.92,0.07,P1,47,0,1,150,12:30,13:00,15:40,16:10,N
SCH00834,LHP0244,baseline,Normal,Tue,Thu 3,Ca4,15:50,18:30,C,1,C-0101,55,53,0.92,0.07,P2,0,47,1,120,15:20,15:50,18:30,19:00,N
SCH00835,LHP0244,optimized,Peak,Wed,Thu 4,Ca2,09:35,12:15,C,3,C-0306,59,53,0.92,0.07,P2,0,46,2,120,09:05,09:35,12:15,12:45,N
SCH00836,LHP0244,optimized,Normal,Sat,Thu 7,Ca3,13:00,15:40,C,2,C-0206,57,53,0.92,0.07,P2,0,46,2,120,12:30,13:00,15:40,16:10,N
SCH00837,LHP0245,baseline,Peak,Mon,Thu 2,Ca3,13:00,15:40,A2,10,A2-1007,96,69,0.87,0.13,P1,58,0,2,150,12:30,13:00,15:40,16:10,N
SCH00838,LHP0245,baseline,Worst,Mon,Thu 2,Ca3,13:00,15:40,A2,10,A2-1007,96,69,0.87,0.13,P1,58,0,2,150,12:30,13:00,15:40,16:10,N
SCH00839,LHP0245,optimized,Normal,Fri,Thu 6,Ca1,06:45,09:25,B,8,A2-0811,96,69,0.87,0.13,P1,56,0,4,100,06:15,06:45,09:25,09:55,N
SCH00840,LHP0246,baseline,Normal,Thu,Thu 5,Ca3,13:00,15:40,A2,7,A2-0710,97,58,0.93,0.16,P1,52,0,2,150,12:30,13:00,15:40,16:10,N
SCH00841,LHP0246,optimized,Normal,Thu,Thu 5,Ca1,06:45,09:25,C,2,C-0201,58,58,0.93,0.16,P2,0,50,4,120,06:15,06:45,09:25,09:55,N
SCH00842,LHP0247,baseline,Normal,Tue,Thu 3,Ca1,06:45,09:25,C,3,A2-0308,101,60,0.85,0.24,P2,0,49,2,120,06:15,06:45,09:25,09:55,N
SCH00843,LHP0247,optimized,Normal,Sat,Thu 7,Ca3,13:00,15:40,D,3,D-0307,78,60,0.85,0.24,P2,0,45,6,180,12:30,13:00,15:40,16:10,N
SCH00844,LHP0248,baseline,Normal,Sat,Thu 7,Ca2,09:35,12:15,A2,5,A2-0501,92,75,0.77,0.18,P1,55,0,2,150,09:05,09:35,12:15,12:45,N
SCH00845,LHP0248,optimized,Normal,Tue,Thu 3,Ca2,09:35,12:15,A2,2,A2-0207,115,75,0.77,0.18,P1,52,0,5,150,09:05,09:35,12:15,12:45,N
SCH00846,LHP0249,baseline,Normal,Fri,Thu 6,Ca1,06:45,09:25,A2,10,A2-1012,97,58,0.85,0.17,P1,47,0,2,150,06:15,06:45,09:25,09:55,N
SCH00847,LHP0249,optimized,Normal,Thu,Thu 5,Ca3,13:00,15:40,A2,9,A2-0911,120,58,0.85,0.17,P1,45,0,4,150,12:30,13:00,15:40,16:10,N
SCH00848,LHP0250,baseline,Peak,Wed,Thu 4,Ca1,06:45,09:25,B,2,B-0206,56,54,0.83,0.12,P1,43,0,1,100,06:15,06:45,09:25,09:55,N
SCH00849,LHP0250,optimized,Peak,Mon,Thu 2,Ca1,06:45,09:25,B,3,B-0305,56,54,0.83,0.12,P1,42,0,2,100,06:15,06:45,09:25,09:55,N
SCH00850,LHP0250,optimized,Worst,Mon,Thu 2,Ca1,06:45,09:25,B,3,B-0305,56,54,0.83,0.12,P1,42,0,2,100,06:15,06:45,09:25,09:55,N
SCH00851,LHP0251,baseline,Normal,Tue,Thu 3,Ca3,13:00,15:40,A2,6,A2-0605,84,34,0.82,0.16,P1,26,0,1,150,12:30,13:00,15:40,16:10,N
SCH00852,LHP0251,optimized,Peak,Wed,Thu 4,Ca2,09:35,12:15,D,4,D-0403,67,34,0.82,0.16,P2,0,25,2,180,09:05,09:35,12:15,12:45,N
SCH00853,LHP0252,baseline,Peak,Mon,Thu 2,Ca1,06:45,09:25,A2,8,A2-0814,117,76,0.92,0.24,P1,67,0,3,150,06:15,06:45,09:25,09:55,N
SCH00854,LHP0252,baseline,Worst,Mon,Thu 2,Ca1,06:45,09:25,A2,8,A2-0814,117,76,0.92,0.24,P1,67,0,3,150,06:15,06:45,09:25,09:55,N
SCH00855,LHP0252,baseline,Peak,Wed,Thu 4,Ca1,06:45,09:25,A2,5,A2-0506,85,76,0.92,0.24,P1,67,0,3,150,06:15,06:45,09:25,09:55,N
SCH00856,LHP0252,optimized,Normal,Fri,Thu 6,Ca1,06:45,09:25,D,2,D-0206,88,76,0.92,0.24,P2,0,62,8,180,06:15,06:45,09:25,09:55,N
SCH00857,LHP0252,optimized,Peak,Mon,Thu 2,Ca2,09:35,12:15,A2,8,A2-0803,105,76,0.92,0.24,P1,62,0,8,150,09:05,09:35,12:15,12:45,N
SCH00858,LHP0252,optimized,Worst,Mon,Thu 2,Ca2,09:35,12:15,A2,8,A2-0803,105,76,0.92,0.24,P1,62,0,8,150,09:05,09:35,12:15,12:45,N
SCH00859,LHP0253,baseline,Peak,Wed,Thu 4,Ca1,06:45,09:25,D,1,D-0108,69,51,0.77,0.18,P2,0,38,1,180,06:15,06:45,09:25,09:55,N
SCH00860,LHP0253,baseline,Peak,Mon,Thu 2,Ca2,09:35,12:15,C,1,C-0104,51,51,0.77,0.18,P2,0,38,1,120,09:05,09:35,12:15,12:45,N
SCH00861,LHP0253,baseline,Worst,Mon,Thu 2,Ca2,09:35,12:15,C,1,C-0104,51,51,0.77,0.18,P2,0,38,1,120,09:05,09:35,12:15,12:45,N
SCH00862,LHP0253,optimized,Peak,Wed,Thu 4,Ca4,15:50,18:30,D,2,D-0204,71,51,0.77,0.18,P2,0,35,4,180,15:20,15:50,18:30,19:00,N
SCH00863,LHP0253,optimized,Peak,Mon,Thu 2,Ca3,13:00,15:40,C,3,C-0305,56,51,0.77,0.18,P2,0,35,4,120,12:30,13:00,15:40,16:10,N
SCH00864,LHP0253,optimized,Worst,Mon,Thu 2,Ca3,13:00,15:40,C,3,C-0305,56,51,0.77,0.18,P2,0,35,4,120,12:30,13:00,15:40,16:10,N
SCH00865,LHP0254,baseline,Normal,Tue,Thu 3,Ca2,09:35,12:15,A2,10,A2-1006,113,71,0.89,0.13,P1,61,0,2,150,09:05,09:35,12:15,12:45,N
SCH00866,LHP0254,optimized,Normal,Fri,Thu 6,Ca2,09:35,12:15,D,1,D-0102,77,71,0.89,0.13,P2,0,59,4,180,09:05,09:35,12:15,12:45,N
SCH00867,LHP0255,baseline,Peak,Wed,Thu 4,Ca2,09:35,12:15,A2,1,A2-0114,81,49,0.86,0.18,P1,41,0,2,150,09:05,09:35,12:15,12:45,N
SCH00868,LHP0255,optimized,Normal,Fri,Thu 6,Ca3,13:00,15:40,A2,7,A2-0706,94,49,0.86,0.18,P1,39,0,4,150,12:30,13:00,15:40,16:10,N
SCH00869,LHP0256,baseline,Normal,Fri,Thu 6,Ca3,13:00,15:40,A2,3,A2-0309,86,72,0.89,0.24,P1,61,0,3,150,12:30,13:00,15:40,16:10,N
SCH00870,LHP0256,baseline,Normal,Tue,Thu 3,Ca4,15:50,18:30,C,8,A2-0803,105,72,0.89,0.24,P2,0,61,3,120,15:20,15:50,18:30,19:00,N
SCH00871,LHP0256,optimized,Peak,Wed,Thu 4,Ca3,13:00,15:40,C,6,A2-0606,118,72,0.89,0.24,P2,0,56,8,120,12:30,13:00,15:40,16:10,N
SCH00872,LHP0256,optimized,Normal,Sat,Thu 7,Ca3,13:00,15:40,C,3,A2-0311,104,72,0.89,0.24,P2,0,56,8,120,12:30,13:00,15:40,16:10,N
SCH00873,LHP0257,baseline,Normal,Fri,Thu 6,Ca1,06:45,09:25,A2,4,A2-0404,109,35,0.88,0.13,P1,30,0,1,150,06:15,06:45,09:25,09:55,N
SCH00874,LHP0257,optimized,Normal,Tue,Thu 3,Ca1,06:45,09:25,D,3,D-0303,67,35,0.88,0.13,P2,0,29,2,180,06:15,06:45,09:25,09:55,N
SCH00875,LHP0258,baseline,Peak,Wed,Thu 4,Ca2,09:35,12:15,A2,7,A2-0709,105,49,0.79,0.09,P1,37,0,1,150,09:05,09:35,12:15,12:45,N
SCH00876,LHP0258,baseline,Peak,Mon,Thu 2,Ca3,13:00,15:40,C,2,C-0206,57,49,0.79,0.09,P2,0,37,1,120,12:30,13:00,15:40,16:10,N
SCH00877,LHP0258,baseline,Worst,Mon,Thu 2,Ca3,13:00,15:40,C,2,C-0206,57,49,0.79,0.09,P2,0,37,1,120,12:30,13:00,15:40,16:10,N
SCH00878,LHP0258,optimized,Normal,Thu,Thu 5,Ca4,15:50,18:30,C,3,C-0305,56,49,0.79,0.09,P2,0,36,2,120,15:20,15:50,18:30,19:00,N
SCH00879,LHP0258,optimized,Peak,Wed,Thu 4,Ca2,09:35,12:15,D,5,D-0503,88,49,0.79,0.09,P2,0,36,2,180,09:05,09:35,12:15,12:45,N
SCH00880,LHP0259,baseline,Peak,Mon,Thu 2,Ca3,13:00,15:40,A2,2,A2-0214,97,42,0.8,0.08,P1,33,0,1,150,12:30,13:00,15:40,16:10,N
SCH00881,LHP0259,baseline,Worst,Mon,Thu 2,Ca3,13:00,15:40,A2,2,A2-0214,97,42,0.8,0.08,P1,33,0,1,150,12:30,13:00,15:40,16:10,N
SCH00882,LHP0259,optimized,Peak,Wed,Thu 4,Ca3,13:00,15:40,C,1,C-0106,47,42,0.8,0.08,P2,0,32,2,120,12:30,13:00,15:40,16:10,N
SCH00883,LHP0260,baseline,Peak,Wed,Thu 4,Ca4,15:50,18:30,A2,9,A2-0905,112,62,0.9,0.22,P1,54,0,2,150,15:20,15:50,18:30,19:00,N
SCH00884,LHP0260,baseline,Normal,Thu,Thu 5,Ca3,13:00,15:40,B,3,A2-0304,101,62,0.9,0.22,P1,54,0,2,100,12:30,13:00,15:40,16:10,N
SCH00885,LHP0260,optimized,Normal,Fri,Thu 6,Ca1,06:45,09:25,D,2,D-0208,74,62,0.9,0.22,P2,0,50,6,180,06:15,06:45,09:25,09:55,N
SCH00886,LHP0260,optimized,Normal,Tue,Thu 3,Ca2,09:35,12:15,A2,7,A2-0702,115,62,0.9,0.22,P1,50,0,6,150,09:05,09:35,12:15,12:45,N
SCH00887,LHP0261,baseline,Normal,Fri,Thu 6,Ca3,13:00,15:40,B,8,A2-0813,107,72,0.82,0.2,P1,57,0,2,100,12:30,13:00,15:40,16:10,N
SCH00888,LHP0261,optimized,Normal,Thu,Thu 5,Ca1,06:45,09:25,B,3,A2-0304,101,72,0.82,0.2,P1,53,0,6,100,06:15,06:45,09:25,09:55,N
SCH00889,LHP0262,baseline,Normal,Fri,Thu 6,Ca1,06:45,09:25,A2,9,A2-0908,83,39,0.78,0.22,P1,30,0,1,150,06:15,06:45,09:25,09:55,N
SCH00890,LHP0262,baseline,Peak,Wed,Thu 4,Ca1,06:45,09:25,B,2,B-0205,60,39,0.78,0.22,P1,30,0,1,100,06:15,06:45,09:25,09:55,N
SCH00891,LHP0262,optimized,Normal,Fri,Thu 6,Ca4,15:50,18:30,A2,7,A2-0706,94,39,0.78,0.22,P1,27,0,4,150,15:20,15:50,18:30,19:00,N
SCH00892,LHP0262,optimized,Normal,Thu,Thu 5,Ca1,06:45,09:25,D,2,D-0201,72,39,0.78,0.22,P2,0,27,4,180,06:15,06:45,09:25,09:55,N
SCH00893,LHP0263,baseline,Normal,Thu,Thu 5,Ca2,09:35,12:15,C,1,A2-0112,107,76,0.84,0.13,P2,0,62,2,120,09:05,09:35,12:15,12:45,N
SCH00894,LHP0263,baseline,Peak,Mon,Thu 2,Ca3,13:00,15:40,A2,9,A2-0911,120,76,0.84,0.13,P1,62,0,2,150,12:30,13:00,15:40,16:10,N
SCH00895,LHP0263,baseline,Worst,Mon,Thu 2,Ca3,13:00,15:40,A2,9,A2-0911,120,76,0.84,0.13,P1,62,0,2,150,12:30,13:00,15:40,16:10,N
SCH00896,LHP0263,optimized,Normal,Tue,Thu 3,Ca2,09:35,12:15,C,1,D-0102,77,76,0.84,0.13,P2,0,60,4,120,09:05,09:35,12:15,12:45,N
SCH00897,LHP0263,optimized,Normal,Thu,Thu 5,Ca4,15:50,18:30,C,8,A2-0811,96,76,0.84,0.13,P2,0,60,4,120,15:20,15:50,18:30,19:00,N
SCH00898,LHP0264,baseline,Peak,Mon,Thu 2,Ca3,13:00,15:40,A2,6,A2-0602,102,58,0.87,0.2,P1,48,0,2,150,12:30,13:00,15:40,16:10,N
SCH00899,LHP0264,baseline,Worst,Mon,Thu 2,Ca3,13:00,15:40,A2,6,A2-0602,102,58,0.87,0.2,P1,48,0,2,150,12:30,13:00,15:40,16:10,N
SCH00900,LHP0264,baseline,Peak,Wed,Thu 4,Ca1,06:45,09:25,A2,10,A2-1010,87,58,0.87,0.2,P1,48,0,2,150,06:15,06:45,09:25,09:55,N
SCH00901,LHP0264,optimized,Normal,Tue,Thu 3,Ca3,13:00,15:40,A2,2,A2-0209,114,58,0.87,0.2,P1,45,0,5,150,12:30,13:00,15:40,16:10,N
SCH00902,LHP0264,optimized,Normal,Fri,Thu 6,Ca2,09:35,12:15,C,3,C-0306,59,58,0.87,0.2,P2,0,45,5,120,09:05,09:35,12:15,12:45,N
SCH00903,LHP0265,baseline,Peak,Wed,Thu 4,Ca2,09:35,12:15,A2,3,A2-0310,85,64,0.8,0.24,P1,49,0,2,150,09:05,09:35,12:15,12:45,N
SCH00904,LHP0265,baseline,Peak,Mon,Thu 2,Ca1,06:45,09:25,C,3,A2-0311,104,64,0.8,0.24,P2,0,49,2,120,06:15,06:45,09:25,09:55,N
SCH00905,LHP0265,baseline,Worst,Mon,Thu 2,Ca1,06:45,09:25,C,3,A2-0311,104,64,0.8,0.24,P2,0,49,2,120,06:15,06:45,09:25,09:55,N
SCH00906,LHP0265,optimized,Normal,Tue,Thu 3,Ca2,09:35,12:15,A2,2,A2-0202,93,64,0.8,0.24,P1,45,0,6,150,09:05,09:35,12:15,12:45,N
SCH00907,LHP0265,optimized,Normal,Thu,Thu 5,Ca4,15:50,18:30,A2,10,A2-1003,104,64,0.8,0.24,P1,45,0,6,150,15:20,15:50,18:30,19:00,N
SCH00908,LHP0266,baseline,Peak,Mon,Thu 2,Ca3,13:00,15:40,B,3,B-0304,57,53,0.89,0.16,P1,46,0,2,100,12:30,13:00,15:40,16:10,N
SCH00909,LHP0266,baseline,Worst,Mon,Thu 2,Ca3,13:00,15:40,B,3,B-0304,57,53,0.89,0.16,P1,46,0,2,100,12:30,13:00,15:40,16:10,N
SCH00910,LHP0266,optimized,Normal,Tue,Thu 3,Ca4,15:50,18:30,D,3,D-0301,63,53,0.89,0.16,P2,0,44,4,180,15:20,15:50,18:30,19:00,N
SCH00911,LHP0267,baseline,Normal,Sat,Thu 7,Ca2,09:35,12:15,C,5,A2-0504,94,79,0.83,0.16,P2,0,63,2,120,09:05,09:35,12:15,12:45,N
SCH00912,LHP0267,baseline,Normal,Fri,Thu 6,Ca2,09:35,12:15,A2,4,A2-0401,118,79,0.83,0.16,P1,63,0,2,150,09:05,09:35,12:15,12:45,N
SCH00913,LHP0267,optimized,Normal,Thu,Thu 5,Ca2,09:35,12:15,D,5,D-0503,88,79,0.83,0.16,P2,0,60,5,180,09:05,09:35,12:15,12:45,N
SCH00914,LHP0267,optimized,Normal,Tue,Thu 3,Ca4,15:50,18:30,A2,4,A2-0405,114,79,0.83,0.16,P1,60,0,5,150,15:20,15:50,18:30,19:00,N
SCH00915,LHP0268,baseline,Normal,Sat,Thu 7,Ca3,13:00,15:40,A2,4,A2-0401,118,68,0.78,0.1,P1,52,0,1,150,12:30,13:00,15:40,16:10,N
SCH00916,LHP0268,baseline,Normal,Tue,Thu 3,Ca1,06:45,09:25,A2,2,A2-0203,94,68,0.78,0.1,P1,52,0,1,150,06:15,06:45,09:25,09:55,N
SCH00917,LHP0268,optimized,Peak,Mon,Thu 2,Ca2,09:35,12:15,A2,3,A2-0307,93,68,0.78,0.1,P1,51,0,2,150,09:05,09:35,12:15,12:45,N
SCH00918,LHP0268,optimized,Worst,Mon,Thu 2,Ca2,09:35,12:15,A2,3,A2-0307,93,68,0.78,0.1,P1,51,0,2,150,09:05,09:35,12:15,12:45,N
SCH00919,LHP0268,optimized,Normal,Sat,Thu 7,Ca2,09:35,12:15,D,3,D-0308,77,68,0.78,0.1,P2,0,51,2,180,09:05,09:35,12:15,12:45,N
SCH00920,LHP0269,baseline,Peak,Wed,Thu 4,Ca3,13:00,15:40,C,10,A2-1010,87,65,0.94,0.19,P2,0,59,2,120,12:30,13:00,15:40,16:10,N
SCH00921,LHP0269,optimized,Normal,Sat,Thu 7,Ca2,09:35,12:15,A2,9,A2-0906,111,65,0.94,0.19,P1,55,0,6,150,09:05,09:35,12:15,12:45,N
SCH00922,LHP0270,baseline,Normal,Tue,Thu 3,Ca2,09:35,12:15,B,1,B-0102,53,48,0.77,0.08,P1,36,0,1,100,09:05,09:35,12:15,12:45,N
SCH00923,LHP0270,optimized,Normal,Sat,Thu 7,Ca3,13:00,15:40,C,1,C-0104,51,48,0.77,0.08,P2,0,35,2,120,12:30,13:00,15:40,16:10,N
SCH00924,LHP0271,baseline,Normal,Sat,Thu 7,Ca1,06:45,09:25,A2,3,A2-0312,86,39,0.92,0.07,P1,35,0,1,150,06:15,06:45,09:25,09:55,N
SCH00925,LHP0271,baseline,Peak,Mon,Thu 2,Ca1,06:45,09:25,C,3,C-0308,46,39,0.92,0.07,P2,0,35,1,120,06:15,06:45,09:25,09:55,N
SCH00926,LHP0271,baseline,Worst,Mon,Thu 2,Ca1,06:45,09:25,C,3,C-0308,46,39,0.92,0.07,P2,0,35,1,120,06:15,06:45,09:25,09:55,N
SCH00927,LHP0271,optimized,Peak,Mon,Thu 2,Ca3,13:00,15:40,C,1,C-0104,51,39,0.92,0.07,P2,0,34,2,120,12:30,13:00,15:40,16:10,N
SCH00928,LHP0271,optimized,Worst,Mon,Thu 2,Ca3,13:00,15:40,C,1,C-0104,51,39,0.92,0.07,P2,0,34,2,120,12:30,13:00,15:40,16:10,N
SCH00929,LHP0271,optimized,Normal,Tue,Thu 3,Ca1,06:45,09:25,C,3,C-0302,57,39,0.92,0.07,P2,0,34,2,120,06:15,06:45,09:25,09:55,N
SCH00930,LHP0272,baseline,Peak,Mon,Thu 2,Ca3,13:00,15:40,D,2,D-0208,74,52,0.94,0.13,P2,0,48,1,180,12:30,13:00,15:40,16:10,N
SCH00931,LHP0272,baseline,Worst,Mon,Thu 2,Ca3,13:00,15:40,D,2,D-0208,74,52,0.94,0.13,P2,0,48,1,180,12:30,13:00,15:40,16:10,N
SCH00932,LHP0272,optimized,Normal,Sat,Thu 7,Ca3,13:00,15:40,C,2,C-0201,58,52,0.94,0.13,P2,0,46,3,120,12:30,13:00,15:40,16:10,N
SCH00933,LHP0273,baseline,Peak,Mon,Thu 2,Ca1,06:45,09:25,C,2,C-0201,58,45,0.83,0.07,P2,0,37,1,120,06:15,06:45,09:25,09:55,N
SCH00934,LHP0273,baseline,Worst,Mon,Thu 2,Ca1,06:45,09:25,C,2,C-0201,58,45,0.83,0.07,P2,0,37,1,120,06:15,06:45,09:25,09:55,N
SCH00935,LHP0273,optimized,Normal,Fri,Thu 6,Ca4,15:50,18:30,A2,5,A2-0514,90,45,0.83,0.07,P1,36,0,2,150,15:20,15:50,18:30,19:00,N
SCH00936,LHP0274,baseline,Peak,Mon,Thu 2,Ca4,15:50,18:30,D,3,D-0303,67,36,0.92,0.18,P2,0,32,1,180,15:20,15:50,18:30,19:00,N
SCH00937,LHP0274,baseline,Worst,Mon,Thu 2,Ca4,15:50,18:30,D,3,D-0303,67,36,0.92,0.18,P2,0,32,1,180,15:20,15:50,18:30,19:00,N
SCH00938,LHP0274,baseline,Peak,Wed,Thu 4,Ca2,09:35,12:15,C,3,C-0304,48,36,0.92,0.18,P2,0,32,1,120,09:05,09:35,12:15,12:45,N
SCH00939,LHP0274,optimized,Normal,Thu,Thu 5,Ca4,15:50,18:30,A2,1,A2-0113,82,36,0.92,0.18,P1,30,0,3,150,15:20,15:50,18:30,19:00,N
SCH00940,LHP0274,optimized,Normal,Sat,Thu 7,Ca4,15:50,18:30,D,3,D-0303,67,36,0.92,0.18,P2,0,30,3,180,15:20,15:50,18:30,19:00,N
SCH00941,LHP0275,baseline,Peak,Wed,Thu 4,Ca4,15:50,18:30,C,3,C-0304,48,32,0.81,0.22,P2,0,25,1,120,15:20,15:50,18:30,19:00,N
SCH00942,LHP0275,baseline,Normal,Thu,Thu 5,Ca3,13:00,15:40,A2,9,A2-0914,118,32,0.81,0.22,P1,25,0,1,150,12:30,13:00,15:40,16:10,N
SCH00943,LHP0275,optimized,Normal,Thu,Thu 5,Ca2,09:35,12:15,D,3,D-0303,67,32,0.81,0.22,P2,0,23,3,180,09:05,09:35,12:15,12:45,N
SCH00944,LHP0275,optimized,Peak,Mon,Thu 2,Ca4,15:50,18:30,C,1,C-0108,47,32,0.81,0.22,P2,0,23,3,120,15:20,15:50,18:30,19:00,N
SCH00945,LHP0275,optimized,Worst,Mon,Thu 2,Ca4,15:50,18:30,C,1,C-0108,47,32,0.81,0.22,P2,0,23,3,120,15:20,15:50,18:30,19:00,N
SCH00946,LHP0276,baseline,Normal,Sat,Thu 7,Ca3,13:00,15:40,A2,10,A2-1007,96,78,0.89,0.14,P1,68,0,2,150,12:30,13:00,15:40,16:10,N
SCH00947,LHP0276,optimized,Peak,Mon,Thu 2,Ca1,06:45,09:25,A2,6,A2-0614,97,78,0.89,0.14,P1,65,0,5,150,06:15,06:45,09:25,09:55,N
SCH00948,LHP0276,optimized,Worst,Mon,Thu 2,Ca1,06:45,09:25,A2,6,A2-0614,97,78,0.89,0.14,P1,65,0,5,150,06:15,06:45,09:25,09:55,N
SCH00949,LHP0277,baseline,Normal,Thu,Thu 5,Ca1,06:45,09:25,C,2,C-0203,42,31,0.8,0.22,P2,0,23,1,120,06:15,06:45,09:25,09:55,N
SCH00950,LHP0277,optimized,Peak,Wed,Thu 4,Ca1,06:45,09:25,A2,8,A2-0810,114,31,0.8,0.22,P1,22,0,2,150,06:15,06:45,09:25,09:55,N
SCH00951,LHP0278,baseline,Normal,Fri,Thu 6,Ca1,06:45,09:25,A2,10,A2-1004,118,63,0.83,0.21,P1,50,0,2,150,06:15,06:45,09:25,09:55,N
SCH00952,LHP0278,optimized,Normal,Fri,Thu 6,Ca2,09:35,12:15,C,9,A2-0908,83,63,0.83,0.21,P2,0,46,6,120,09:05,09:35,12:15,12:45,N
SCH00953,LHP0279,baseline,Peak,Wed,Thu 4,Ca3,13:00,15:40,C,3,C-0308,46,33,0.8,0.18,P2,0,26,1,120,12:30,13:00,15:40,16:10,N
SCH00954,LHP0279,baseline,Peak,Mon,Thu 2,Ca1,06:45,09:25,A2,1,A2-0110,85,33,0.8,0.18,P1,26,0,1,150,06:15,06:45,09:25,09:55,N
SCH00955,LHP0279,baseline,Worst,Mon,Thu 2,Ca1,06:45,09:25,A2,1,A2-0110,85,33,0.8,0.18,P1,26,0,1,150,06:15,06:45,09:25,09:55,N
SCH00956,LHP0279,optimized,Normal,Sat,Thu 7,Ca4,15:50,18:30,C,3,C-0301,55,33,0.8,0.18,P2,0,25,2,120,15:20,15:50,18:30,19:00,N
SCH00957,LHP0279,optimized,Normal,Thu,Thu 5,Ca1,06:45,09:25,D,3,D-0302,67,33,0.8,0.18,P2,0,25,2,180,06:15,06:45,09:25,09:55,N
SCH00958,LHP0280,baseline,Normal,Fri,Thu 6,Ca1,06:45,09:25,D,1,D-0105,82,37,0.92,0.15,P2,0,33,1,180,06:15,06:45,09:25,09:55,N
SCH00959,LHP0280,optimized,Normal,Thu,Thu 5,Ca3,13:00,15:40,D,4,D-0405,62,37,0.92,0.15,P2,0,32,2,180,12:30,13:00,15:40,16:10,N
SCH00960,LHP0281,baseline,Normal,Fri,Thu 6,Ca1,06:45,09:25,A2,5,A2-0508,86,66,0.8,0.08,P1,52,0,1,150,06:15,06:45,09:25,09:55,N
SCH00961,LHP0281,optimized,Normal,Thu,Thu 5,Ca1,06:45,09:25,D,3,D-0303,67,66,0.8,0.08,P2,0,51,2,180,06:15,06:45,09:25,09:55,N
SCH00962,LHP0282,baseline,Normal,Fri,Thu 6,Ca2,09:35,12:15,A2,9,A2-0913,107,52,0.8,0.13,P1,40,0,1,150,09:05,09:35,12:15,12:45,N
SCH00963,LHP0282,baseline,Normal,Thu,Thu 5,Ca1,06:45,09:25,D,3,D-0304,62,52,0.8,0.13,P2,0,40,1,180,06:15,06:45,09:25,09:55,N
SCH00964,LHP0282,optimized,Normal,Fri,Thu 6,Ca3,13:00,15:40,A2,3,A2-0302,90,52,0.8,0.13,P1,39,0,2,150,12:30,13:00,15:40,16:10,N
SCH00965,LHP0282,optimized,Peak,Mon,Thu 2,Ca2,09:35,12:15,D,1,D-0102,77,52,0.8,0.13,P2,0,39,2,180,09:05,09:35,12:15,12:45,N
SCH00966,LHP0282,optimized,Worst,Mon,Thu 2,Ca2,09:35,12:15,D,1,D-0102,77,52,0.8,0.13,P2,0,39,2,180,09:05,09:35,12:15,12:45,N
SCH00967,LHP0283,baseline,Normal,Sat,Thu 7,Ca2,09:35,12:15,A2,7,A2-0711,84,63,0.94,0.06,P1,59,0,1,150,09:05,09:35,12:15,12:45,N
SCH00968,LHP0283,optimized,Peak,Wed,Thu 4,Ca3,13:00,15:40,A2,9,A2-0903,94,63,0.94,0.06,P1,58,0,2,150,12:30,13:00,15:40,16:10,N
SCH00969,LHP0284,baseline,Normal,Sat,Thu 7,Ca1,06:45,09:25,A2,5,A2-0505,98,80,0.95,0.16,P1,74,0,2,150,06:15,06:45,09:25,09:55,N
SCH00970,LHP0284,optimized,Peak,Wed,Thu 4,Ca4,15:50,18:30,B,1,A2-0106,94,80,0.95,0.16,P1,70,0,6,100,15:20,15:50,18:30,19:00,N
SCH00971,LHP0285,baseline,Normal,Fri,Thu 6,Ca1,06:45,09:25,A2,5,A2-0507,94,32,0.88,0.25,P1,27,0,1,150,06:15,06:45,09:25,09:55,N
SCH00972,LHP0285,optimized,Normal,Fri,Thu 6,Ca3,13:00,15:40,C,1,C-0101,55,32,0.88,0.25,P2,0,24,4,120,12:30,13:00,15:40,16:10,N
SCH00973,LHP0286,baseline,Normal,Tue,Thu 3,Ca2,09:35,12:15,A2,1,A2-0111,117,52,0.91,0.12,P1,47,0,1,150,09:05,09:35,12:15,12:45,N
SCH00974,LHP0286,baseline,Peak,Mon,Thu 2,Ca2,09:35,12:15,A2,1,A2-0114,81,52,0.91,0.12,P1,47,0,1,150,09:05,09:35,12:15,12:45,N
SCH00975,LHP0286,baseline,Worst,Mon,Thu 2,Ca2,09:35,12:15,A2,1,A2-0114,81,52,0.91,0.12,P1,47,0,1,150,09:05,09:35,12:15,12:45,N
SCH00976,LHP0286,optimized,Normal,Sat,Thu 7,Ca3,13:00,15:40,C,3,C-0306,59,52,0.91,0.12,P2,0,45,3,120,12:30,13:00,15:40,16:10,N
SCH00977,LHP0286,optimized,Normal,Fri,Thu 6,Ca1,06:45,09:25,A2,7,A2-0702,115,52,0.91,0.12,P1,45,0,3,150,06:15,06:45,09:25,09:55,N
SCH00978,LHP0287,baseline,Normal,Fri,Thu 6,Ca1,06:45,09:25,B,2,A2-0202,93,79,0.87,0.2,P1,66,0,3,100,06:15,06:45,09:25,09:55,N
SCH00979,LHP0287,optimized,Peak,Mon,Thu 2,Ca4,15:50,18:30,B,6,A2-0612,109,79,0.87,0.2,P1,62,0,7,100,15:20,15:50,18:30,19:00,N
SCH00980,LHP0287,optimized,Worst,Mon,Thu 2,Ca4,15:50,18:30,B,6,A2-0612,109,79,0.87,0.2,P1,62,0,7,100,15:20,15:50,18:30,19:00,N
SCH00981,LHP0288,baseline,Normal,Thu,Thu 5,Ca2,09:35,12:15,A2,6,A2-0603,93,64,0.82,0.18,P1,50,0,2,150,09:05,09:35,12:15,12:45,N
SCH00982,LHP0288,baseline,Peak,Wed,Thu 4,Ca3,13:00,15:40,A2,5,A2-0501,92,64,0.82,0.18,P1,50,0,2,150,12:30,13:00,15:40,16:10,N
SCH00983,LHP0288,optimized,Normal,Sat,Thu 7,Ca4,15:50,18:30,D,2,D-0204,71,64,0.82,0.18,P2,0,48,4,180,15:20,15:50,18:30,19:00,N
SCH00984,LHP0288,optimized,Peak,Wed,Thu 4,Ca3,13:00,15:40,D,4,D-0407,80,64,0.82,0.18,P2,0,48,4,180,12:30,13:00,15:40,16:10,N
SCH00985,LHP0289,baseline,Normal,Thu,Thu 5,Ca1,06:45,09:25,D,2,D-0202,81,74,0.85,0.09,P2,0,62,1,180,06:15,06:45,09:25,09:55,N
SCH00986,LHP0289,optimized,Normal,Tue,Thu 3,Ca1,06:45,09:25,A2,2,A2-0209,114,74,0.85,0.09,P1,60,0,3,150,06:15,06:45,09:25,09:55,N
SCH00987,LHP0290,baseline,Peak,Wed,Thu 4,Ca3,13:00,15:40,A2,2,A2-0208,92,32,0.81,0.06,P1,26,0,0,150,12:30,13:00,15:40,16:10,N
SCH00988,LHP0290,optimized,Normal,Sat,Thu 7,Ca2,09:35,12:15,C,1,C-0103,43,32,0.81,0.06,P2,0,25,1,120,09:05,09:35,12:15,12:45,N
SCH00989,LHP0291,baseline,Peak,Wed,Thu 4,Ca2,09:35,12:15,C,3,C-0306,59,50,0.94,0.15,P2,0,46,1,120,09:05,09:35,12:15,12:45,N
SCH00990,LHP0291,baseline,Peak,Mon,Thu 2,Ca4,15:50,18:30,C,3,C-0306,59,50,0.94,0.15,P2,0,46,1,120,15:20,15:50,18:30,19:00,N
SCH00991,LHP0291,baseline,Worst,Mon,Thu 2,Ca4,15:50,18:30,C,3,C-0306,59,50,0.94,0.15,P2,0,46,1,120,15:20,15:50,18:30,19:00,N
SCH00992,LHP0291,optimized,Normal,Sat,Thu 7,Ca4,15:50,18:30,D,5,D-0503,88,50,0.94,0.15,P2,0,43,4,180,15:20,15:50,18:30,19:00,N
SCH00993,LHP0291,optimized,Normal,Fri,Thu 6,Ca1,06:45,09:25,B,2,B-0205,60,50,0.94,0.15,P1,43,0,4,100,06:15,06:45,09:25,09:55,N
SCH00994,LHP0292,baseline,Peak,Wed,Thu 4,Ca1,06:45,09:25,D,5,D-0507,62,60,0.8,0.2,P2,0,46,2,180,06:15,06:45,09:25,09:55,N
SCH00995,LHP0292,optimized,Normal,Thu,Thu 5,Ca3,13:00,15:40,A2,5,A2-0503,82,60,0.8,0.2,P1,43,0,5,150,12:30,13:00,15:40,16:10,N
SCH00996,LHP0293,baseline,Normal,Tue,Thu 3,Ca1,06:45,09:25,A2,9,A2-0914,118,79,0.76,0.18,P1,58,0,2,150,06:15,06:45,09:25,09:55,N
SCH00997,LHP0293,optimized,Normal,Fri,Thu 6,Ca3,13:00,15:40,B,9,A2-0903,94,79,0.76,0.18,P1,54,0,6,100,12:30,13:00,15:40,16:10,N
SCH00998,LHP0294,baseline,Peak,Wed,Thu 4,Ca1,06:45,09:25,A2,5,A2-0508,86,57,0.93,0.2,P1,51,0,2,150,06:15,06:45,09:25,09:55,N
SCH00999,LHP0294,baseline,Peak,Mon,Thu 2,Ca4,15:50,18:30,A2,3,A2-0307,93,57,0.93,0.2,P1,51,0,2,150,15:20,15:50,18:30,19:00,N
SCH01000,LHP0294,baseline,Worst,Mon,Thu 2,Ca4,15:50,18:30,A2,3,A2-0307,93,57,0.93,0.2,P1,51,0,2,150,15:20,15:50,18:30,19:00,N
SCH01001,LHP0294,optimized,Normal,Thu,Thu 5,Ca1,06:45,09:25,C,2,C-0206,57,57,0.93,0.2,P2,0,47,6,120,06:15,06:45,09:25,09:55,N
SCH01002,LHP0294,optimized,Peak,Mon,Thu 2,Ca2,09:35,12:15,B,3,B-0307,59,57,0.93,0.2,P1,47,0,6,100,09:05,09:35,12:15,12:45,N
SCH01003,LHP0294,optimized,Worst,Mon,Thu 2,Ca2,09:35,12:15,B,3,B-0307,59,57,0.93,0.2,P1,47,0,6,100,09:05,09:35,12:15,12:45,N
SCH01004,LHP0295,baseline,Normal,Fri,Thu 6,Ca1,06:45,09:25,A2,7,A2-0701,120,51,0.94,0.15,P1,47,0,1,150,06:15,06:45,09:25,09:55,N
SCH01005,LHP0295,optimized,Normal,Thu,Thu 5,Ca4,15:50,18:30,A2,3,A2-0307,93,51,0.94,0.15,P1,44,0,4,150,15:20,15:50,18:30,19:00,N
SCH01006,LHP0296,baseline,Normal,Fri,Thu 6,Ca1,06:45,09:25,A2,10,A2-1011,114,47,0.91,0.2,P1,41,0,2,150,06:15,06:45,09:25,09:55,N
SCH01007,LHP0296,optimized,Normal,Sat,Thu 7,Ca2,09:35,12:15,A2,6,A2-0603,93,47,0.91,0.2,P1,39,0,4,150,09:05,09:35,12:15,12:45,N
SCH01008,LHP0297,baseline,Normal,Tue,Thu 3,Ca2,09:35,12:15,A2,5,A2-0506,85,41,0.86,0.11,P1,34,0,1,150,09:05,09:35,12:15,12:45,N
SCH01009,LHP0297,optimized,Normal,Tue,Thu 3,Ca2,09:35,12:15,C,3,C-0305,56,41,0.86,0.11,P2,0,33,2,120,09:05,09:35,12:15,12:45,N
SCH01010,LHP0298,baseline,Peak,Wed,Thu 4,Ca1,06:45,09:25,D,3,D-0301,63,49,0.84,0.19,P2,0,39,2,180,06:15,06:45,09:25,09:55,N
SCH01011,LHP0298,optimized,Peak,Mon,Thu 2,Ca1,06:45,09:25,D,1,D-0102,77,49,0.84,0.19,P2,0,37,4,180,06:15,06:45,09:25,09:55,N
SCH01012,LHP0298,optimized,Worst,Mon,Thu 2,Ca1,06:45,09:25,D,1,D-0102,77,49,0.84,0.19,P2,0,37,4,180,06:15,06:45,09:25,09:55,N
SCH01013,LHP0299,baseline,Normal,Sat,Thu 7,Ca2,09:35,12:15,B,2,B-0206,56,52,0.84,0.2,P1,42,0,2,100,09:05,09:35,12:15,12:45,N
SCH01014,LHP0299,baseline,Normal,Tue,Thu 3,Ca1,06:45,09:25,C,3,C-0305,56,52,0.84,0.2,P2,0,42,2,120,06:15,06:45,09:25,09:55,N
SCH01015,LHP0299,optimized,Normal,Tue,Thu 3,Ca1,06:45,09:25,A2,3,A2-0304,101,52,0.84,0.2,P1,40,0,4,150,06:15,06:45,09:25,09:55,N
SCH01016,LHP0299,optimized,Peak,Mon,Thu 2,Ca1,06:45,09:25,B,1,B-0107,56,52,0.84,0.2,P1,40,0,4,100,06:15,06:45,09:25,09:55,N
SCH01017,LHP0299,optimized,Worst,Mon,Thu 2,Ca1,06:45,09:25,B,1,B-0107,56,52,0.84,0.2,P1,40,0,4,100,06:15,06:45,09:25,09:55,N
SCH01018,LHP0300,baseline,Peak,Wed,Thu 4,Ca3,13:00,15:40,A2,5,A2-0510,97,57,0.8,0.25,P1,43,0,2,150,12:30,13:00,15:40,16:10,N
SCH01019,LHP0300,baseline,Normal,Thu,Thu 5,Ca3,13:00,15:40,A2,10,A2-1007,96,57,0.8,0.25,P1,43,0,2,150,12:30,13:00,15:40,16:10,N
SCH01020,LHP0300,optimized,Normal,Tue,Thu 3,Ca1,06:45,09:25,D,3,D-0307,78,57,0.8,0.25,P2,0,39,6,180,06:15,06:45,09:25,09:55,N
SCH01021,LHP0300,optimized,Peak,Wed,Thu 4,Ca3,13:00,15:40,C,2,C-0201,58,57,0.8,0.25,P2,0,39,6,120,12:30,13:00,15:40,16:10,N
SCH01022,LHP0301,baseline,Peak,Mon,Thu 2,Ca2,09:35,12:15,A2,2,A2-0212,108,72,0.88,0.12,P1,62,0,2,150,09:05,09:35,12:15,12:45,N
SCH01023,LHP0301,baseline,Worst,Mon,Thu 2,Ca2,09:35,12:15,A2,2,A2-0212,108,72,0.88,0.12,P1,62,0,2,150,09:05,09:35,12:15,12:45,N
SCH01024,LHP0301,baseline,Normal,Fri,Thu 6,Ca3,13:00,15:40,A2,10,A2-1011,114,72,0.88,0.12,P1,62,0,2,150,12:30,13:00,15:40,16:10,N
SCH01025,LHP0301,optimized,Normal,Sat,Thu 7,Ca3,13:00,15:40,C,10,A2-1008,115,72,0.88,0.12,P2,0,60,4,120,12:30,13:00,15:40,16:10,N
SCH01026,LHP0301,optimized,Normal,Tue,Thu 3,Ca3,13:00,15:40,D,1,D-0103,84,72,0.88,0.12,P2,0,60,4,180,12:30,13:00,15:40,16:10,N
SCH01027,LHP0302,baseline,Peak,Mon,Thu 2,Ca4,15:50,18:30,A2,6,A2-0607,120,31,0.78,0.17,P1,23,0,1,150,15:20,15:50,18:30,19:00,N
SCH01028,LHP0302,baseline,Worst,Mon,Thu 2,Ca4,15:50,18:30,A2,6,A2-0607,120,31,0.78,0.17,P1,23,0,1,150,15:20,15:50,18:30,19:00,N
SCH01029,LHP0302,baseline,Normal,Fri,Thu 6,Ca2,09:35,12:15,A2,3,A2-0304,101,31,0.78,0.17,P1,23,0,1,150,09:05,09:35,12:15,12:45,N
SCH01030,LHP0302,optimized,Normal,Tue,Thu 3,Ca1,06:45,09:25,C,2,C-0208,44,31,0.78,0.17,P2,0,22,2,120,06:15,06:45,09:25,09:55,N
SCH01031,LHP0302,optimized,Normal,Fri,Thu 6,Ca1,06:45,09:25,C,3,C-0302,57,31,0.78,0.17,P2,0,22,2,120,06:15,06:45,09:25,09:55,N
SCH01032,LHP0303,baseline,Peak,Mon,Thu 2,Ca4,15:50,18:30,D,5,D-0507,62,38,0.76,0.21,P2,0,28,1,180,15:20,15:50,18:30,19:00,N
SCH01033,LHP0303,baseline,Worst,Mon,Thu 2,Ca4,15:50,18:30,D,5,D-0507,62,38,0.76,0.21,P2,0,28,1,180,15:20,15:50,18:30,19:00,N
SCH01034,LHP0303,optimized,Peak,Mon,Thu 2,Ca3,13:00,15:40,A2,8,A2-0809,115,38,0.76,0.21,P1,26,0,3,150,12:30,13:00,15:40,16:10,N
SCH01035,LHP0303,optimized,Worst,Mon,Thu 2,Ca3,13:00,15:40,A2,8,A2-0809,115,38,0.76,0.21,P1,26,0,3,150,12:30,13:00,15:40,16:10,N
SCH01036,LHP0304,baseline,Peak,Mon,Thu 2,Ca3,13:00,15:40,C,1,D-0108,69,66,0.76,0.08,P2,0,49,1,120,12:30,13:00,15:40,16:10,N
SCH01037,LHP0304,baseline,Worst,Mon,Thu 2,Ca3,13:00,15:40,C,1,D-0108,69,66,0.76,0.08,P2,0,49,1,120,12:30,13:00,15:40,16:10,N
SCH01038,LHP0304,optimized,Normal,Fri,Thu 6,Ca4,15:50,18:30,A2,9,A2-0912,90,66,0.76,0.08,P1,48,0,2,150,15:20,15:50,18:30,19:00,N
SCH01039,LHP0305,baseline,Normal,Tue,Thu 3,Ca2,09:35,12:15,C,2,C-0201,58,53,0.84,0.07,P2,0,43,1,120,09:05,09:35,12:15,12:45,N
SCH01040,LHP0305,optimized,Normal,Fri,Thu 6,Ca2,09:35,12:15,A2,9,A2-0903,94,53,0.84,0.07,P1,42,0,2,150,09:05,09:35,12:15,12:45,N
SCH01041,LHP0306,baseline,Peak,Wed,Thu 4,Ca3,13:00,15:40,B,2,B-0205,60,55,0.81,0.11,P1,44,0,1,100,12:30,13:00,15:40,16:10,N
SCH01042,LHP0306,baseline,Peak,Mon,Thu 2,Ca1,06:45,09:25,C,2,C-0206,57,55,0.81,0.11,P2,0,44,1,120,06:15,06:45,09:25,09:55,N
SCH01043,LHP0306,baseline,Worst,Mon,Thu 2,Ca1,06:45,09:25,C,2,C-0206,57,55,0.81,0.11,P2,0,44,1,120,06:15,06:45,09:25,09:55,N
SCH01044,LHP0306,optimized,Normal,Sat,Thu 7,Ca2,09:35,12:15,A2,2,A2-0203,94,55,0.81,0.11,P1,43,0,2,150,09:05,09:35,12:15,12:45,N
SCH01045,LHP0306,optimized,Peak,Mon,Thu 2,Ca2,09:35,12:15,A2,5,A2-0510,97,55,0.81,0.11,P1,43,0,2,150,09:05,09:35,12:15,12:45,N
SCH01046,LHP0306,optimized,Worst,Mon,Thu 2,Ca2,09:35,12:15,A2,5,A2-0510,97,55,0.81,0.11,P1,43,0,2,150,09:05,09:35,12:15,12:45,N
SCH01047,LHP0307,baseline,Peak,Mon,Thu 2,Ca3,13:00,15:40,C,9,A2-0902,103,77,0.79,0.15,P2,0,59,2,120,12:30,13:00,15:40,16:10,N
SCH01048,LHP0307,baseline,Worst,Mon,Thu 2,Ca3,13:00,15:40,C,9,A2-0902,103,77,0.79,0.15,P2,0,59,2,120,12:30,13:00,15:40,16:10,N
SCH01049,LHP0307,baseline,Peak,Wed,Thu 4,Ca3,13:00,15:40,B,6,A2-0610,95,77,0.79,0.15,P1,59,0,2,100,12:30,13:00,15:40,16:10,N
SCH01050,LHP0307,optimized,Normal,Fri,Thu 6,Ca4,15:50,18:30,C,4,A2-0403,82,77,0.79,0.15,P2,0,57,4,120,15:20,15:50,18:30,19:00,N
SCH01051,LHP0307,optimized,Peak,Wed,Thu 4,Ca2,09:35,12:15,D,1,D-0105,82,77,0.79,0.15,P2,0,57,4,180,09:05,09:35,12:15,12:45,N
SCH01052,LHP0308,baseline,Peak,Mon,Thu 2,Ca3,13:00,15:40,B,2,B-0205,60,46,0.9,0.19,P1,40,0,2,100,12:30,13:00,15:40,16:10,N
SCH01053,LHP0308,baseline,Worst,Mon,Thu 2,Ca3,13:00,15:40,B,2,B-0205,60,46,0.9,0.19,P1,40,0,2,100,12:30,13:00,15:40,16:10,N
SCH01054,LHP0308,optimized,Peak,Mon,Thu 2,Ca4,15:50,18:30,A2,9,A2-0907,85,46,0.9,0.19,P1,38,0,4,150,15:20,15:50,18:30,19:00,N
SCH01055,LHP0308,optimized,Worst,Mon,Thu 2,Ca4,15:50,18:30,A2,9,A2-0907,85,46,0.9,0.19,P1,38,0,4,150,15:20,15:50,18:30,19:00,N
SCH01056,LHP0309,baseline,Normal,Fri,Thu 6,Ca2,09:35,12:15,A2,3,A2-0309,86,48,0.89,0.25,P1,41,0,2,150,09:05,09:35,12:15,12:45,N
SCH01057,LHP0309,optimized,Normal,Sat,Thu 7,Ca1,06:45,09:25,C,2,C-0206,57,48,0.89,0.25,P2,0,37,6,120,06:15,06:45,09:25,09:55,N
SCH01058,LHP0310,baseline,Normal,Tue,Thu 3,Ca2,09:35,12:15,A2,4,A2-0411,120,34,0.84,0.23,P1,28,0,1,150,09:05,09:35,12:15,12:45,N
SCH01059,LHP0310,optimized,Normal,Thu,Thu 5,Ca4,15:50,18:30,A2,7,A2-0710,97,34,0.84,0.23,P1,25,0,4,150,15:20,15:50,18:30,19:00,N
SCH01060,LHP0311,baseline,Peak,Wed,Thu 4,Ca1,06:45,09:25,C,4,A2-0407,104,73,0.94,0.25,P2,0,65,3,120,06:15,06:45,09:25,09:55,N
SCH01061,LHP0311,baseline,Peak,Mon,Thu 2,Ca1,06:45,09:25,A2,4,A2-0414,116,73,0.94,0.25,P1,65,0,3,150,06:15,06:45,09:25,09:55,N
SCH01062,LHP0311,baseline,Worst,Mon,Thu 2,Ca1,06:45,09:25,A2,4,A2-0414,116,73,0.94,0.25,P1,65,0,3,150,06:15,06:45,09:25,09:55,N
SCH01063,LHP0311,optimized,Normal,Thu,Thu 5,Ca2,09:35,12:15,D,4,D-0402,78,73,0.94,0.25,P2,0,60,8,180,09:05,09:35,12:15,12:45,N
SCH01064,LHP0311,optimized,Peak,Wed,Thu 4,Ca3,13:00,15:40,D,3,D-0307,78,73,0.94,0.25,P2,0,60,8,180,12:30,13:00,15:40,16:10,N
SCH01065,LHP0312,baseline,Peak,Wed,Thu 4,Ca1,06:45,09:25,B,8,A2-0802,111,65,0.86,0.23,P1,53,0,3,100,06:15,06:45,09:25,09:55,N
SCH01066,LHP0312,baseline,Peak,Mon,Thu 2,Ca4,15:50,18:30,B,6,A2-0614,97,65,0.86,0.23,P1,53,0,3,100,15:20,15:50,18:30,19:00,N
SCH01067,LHP0312,baseline,Worst,Mon,Thu 2,Ca4,15:50,18:30,B,6,A2-0614,97,65,0.86,0.23,P1,53,0,3,100,15:20,15:50,18:30,19:00,N
SCH01068,LHP0312,optimized,Normal,Tue,Thu 3,Ca4,15:50,18:30,C,1,A2-0113,82,65,0.86,0.23,P2,0,50,6,120,15:20,15:50,18:30,19:00,N
SCH01069,LHP0312,optimized,Peak,Mon,Thu 2,Ca1,06:45,09:25,D,4,D-0402,78,65,0.86,0.23,P2,0,50,6,180,06:15,06:45,09:25,09:55,N
SCH01070,LHP0312,optimized,Worst,Mon,Thu 2,Ca1,06:45,09:25,D,4,D-0402,78,65,0.86,0.23,P2,0,50,6,180,06:15,06:45,09:25,09:55,N
SCH01071,LHP0313,baseline,Peak,Mon,Thu 2,Ca4,15:50,18:30,D,2,D-0203,80,80,0.82,0.09,P2,0,65,1,180,15:20,15:50,18:30,19:00,N
SCH01072,LHP0313,baseline,Worst,Mon,Thu 2,Ca4,15:50,18:30,D,2,D-0203,80,80,0.82,0.09,P2,0,65,1,180,15:20,15:50,18:30,19:00,N
SCH01073,LHP0313,baseline,Normal,Fri,Thu 6,Ca3,13:00,15:40,C,4,A2-0411,120,80,0.82,0.09,P2,0,65,1,120,12:30,13:00,15:40,16:10,N
SCH01074,LHP0313,optimized,Peak,Wed,Thu 4,Ca1,06:45,09:25,A2,4,A2-0407,104,80,0.82,0.09,P1,63,0,3,150,06:15,06:45,09:25,09:55,N
SCH01075,LHP0313,optimized,Normal,Thu,Thu 5,Ca2,09:35,12:15,D,4,D-0406,82,80,0.82,0.09,P2,0,63,3,180,09:05,09:35,12:15,12:45,N
SCH01076,LHP0314,baseline,Peak,Wed,Thu 4,Ca1,06:45,09:25,D,4,D-0402,78,45,0.91,0.06,P2,0,40,0,180,06:15,06:45,09:25,09:55,N
SCH01077,LHP0314,optimized,Normal,Tue,Thu 3,Ca1,06:45,09:25,D,2,D-0207,76,45,0.91,0.06,P2,0,39,1,180,06:15,06:45,09:25,09:55,N
SCH01078,LHP0315,baseline,Normal,Tue,Thu 3,Ca4,15:50,18:30,D,3,D-0305,70,59,0.91,0.16,P2,0,52,2,180,15:20,15:50,18:30,19:00,N
SCH01079,LHP0315,baseline,Normal,Thu,Thu 5,Ca4,15:50,18:30,A2,2,A2-0206,81,59,0.91,0.16,P1,52,0,2,150,15:20,15:50,18:30,19:00,N
SCH01080,LHP0315,optimized,Peak,Mon,Thu 2,Ca3,13:00,15:40,C,8,A2-0804,109,59,0.91,0.16,P2,0,50,4,120,12:30,13:00,15:40,16:10,N
SCH01081,LHP0315,optimized,Worst,Mon,Thu 2,Ca3,13:00,15:40,C,8,A2-0804,109,59,0.91,0.16,P2,0,50,4,120,12:30,13:00,15:40,16:10,N
SCH01082,LHP0315,optimized,Peak,Wed,Thu 4,Ca3,13:00,15:40,A2,4,A2-0408,85,59,0.91,0.16,P1,50,0,4,150,12:30,13:00,15:40,16:10,N
SCH01083,LHP0316,baseline,Normal,Fri,Thu 6,Ca3,13:00,15:40,D,3,D-0306,60,34,0.81,0.25,P2,0,27,1,180,12:30,13:00,15:40,16:10,N
SCH01084,LHP0316,baseline,Normal,Tue,Thu 3,Ca3,13:00,15:40,A2,4,A2-0413,103,34,0.81,0.25,P1,27,0,1,150,12:30,13:00,15:40,16:10,N
SCH01085,LHP0316,optimized,Normal,Sat,Thu 7,Ca4,15:50,18:30,B,2,B-0201,56,34,0.81,0.25,P1,24,0,4,100,15:20,15:50,18:30,19:00,N
SCH01086,LHP0316,optimized,Peak,Mon,Thu 2,Ca2,09:35,12:15,D,4,D-0401,67,34,0.81,0.25,P2,0,24,4,180,09:05,09:35,12:15,12:45,N
SCH01087,LHP0316,optimized,Worst,Mon,Thu 2,Ca2,09:35,12:15,D,4,D-0401,67,34,0.81,0.25,P2,0,24,4,180,09:05,09:35,12:15,12:45,N
SCH01088,LHP0317,baseline,Normal,Tue,Thu 3,Ca2,09:35,12:15,A2,5,A2-0509,104,56,0.9,0.21,P1,49,0,2,150,09:05,09:35,12:15,12:45,N
SCH01089,LHP0317,optimized,Peak,Wed,Thu 4,Ca2,09:35,12:15,C,2,C-0201,58,56,0.9,0.21,P2,0,45,6,120,09:05,09:35,12:15,12:45,N
SCH01090,LHP0318,baseline,Normal,Fri,Thu 6,Ca1,06:45,09:25,B,4,D-0407,80,71,0.76,0.14,P1,52,0,2,100,06:15,06:45,09:25,09:55,N
SCH01091,LHP0318,optimized,Normal,Sat,Thu 7,Ca3,13:00,15:40,A2,7,A2-0710,97,71,0.76,0.14,P1,50,0,4,150,12:30,13:00,15:40,16:10,N
SCH01092,LHP0319,baseline,Peak,Wed,Thu 4,Ca2,09:35,12:15,A2,6,A2-0611,90,79,0.86,0.17,P1,66,0,2,150,09:05,09:35,12:15,12:45,N
SCH01093,LHP0319,baseline,Peak,Mon,Thu 2,Ca4,15:50,18:30,A2,2,A2-0210,106,79,0.86,0.17,P1,66,0,2,150,15:20,15:50,18:30,19:00,N
SCH01094,LHP0319,baseline,Worst,Mon,Thu 2,Ca4,15:50,18:30,A2,2,A2-0210,106,79,0.86,0.17,P1,66,0,2,150,15:20,15:50,18:30,19:00,N
SCH01095,LHP0319,optimized,Peak,Wed,Thu 4,Ca4,15:50,18:30,A2,3,A2-0307,93,79,0.86,0.17,P1,62,0,6,150,15:20,15:50,18:30,19:00,N
SCH01096,LHP0319,optimized,Normal,Thu,Thu 5,Ca3,13:00,15:40,A2,6,A2-0604,97,79,0.86,0.17,P1,62,0,6,150,12:30,13:00,15:40,16:10,N
SCH01097,LHP0320,baseline,Normal,Fri,Thu 6,Ca4,15:50,18:30,B,3,B-0307,59,57,0.85,0.22,P1,47,0,2,100,15:20,15:50,18:30,19:00,N
SCH01098,LHP0320,baseline,Peak,Wed,Thu 4,Ca4,15:50,18:30,A2,4,A2-0402,96,57,0.85,0.22,P1,47,0,2,150,15:20,15:50,18:30,19:00,N
SCH01099,LHP0320,optimized,Normal,Fri,Thu 6,Ca1,06:45,09:25,D,3,D-0301,63,57,0.85,0.22,P2,0,43,6,180,06:15,06:45,09:25,09:55,N
SCH01100,LHP0320,optimized,Peak,Mon,Thu 2,Ca2,09:35,12:15,A2,2,A2-0206,81,57,0.85,0.22,P1,43,0,6,150,09:05,09:35,12:15,12:45,N
SCH01101,LHP0320,optimized,Worst,Mon,Thu 2,Ca2,09:35,12:15,A2,2,A2-0206,81,57,0.85,0.22,P1,43,0,6,150,09:05,09:35,12:15,12:45,N
SCH01102,LHP0321,baseline,Peak,Mon,Thu 2,Ca3,13:00,15:40,A2,2,A2-0207,115,39,0.81,0.08,P1,31,0,1,150,12:30,13:00,15:40,16:10,N
SCH01103,LHP0321,baseline,Worst,Mon,Thu 2,Ca3,13:00,15:40,A2,2,A2-0207,115,39,0.81,0.08,P1,31,0,1,150,12:30,13:00,15:40,16:10,N
SCH01104,LHP0321,baseline,Normal,Fri,Thu 6,Ca1,06:45,09:25,C,2,C-0204,55,39,0.81,0.08,P2,0,31,1,120,06:15,06:45,09:25,09:55,N
SCH01105,LHP0321,optimized,Normal,Sat,Thu 7,Ca1,06:45,09:25,C,3,C-0306,59,39,0.81,0.08,P2,0,30,2,120,06:15,06:45,09:25,09:55,N
SCH01106,LHP0321,optimized,Peak,Mon,Thu 2,Ca4,15:50,18:30,A2,5,A2-0505,98,39,0.81,0.08,P1,30,0,2,150,15:20,15:50,18:30,19:00,N
SCH01107,LHP0321,optimized,Worst,Mon,Thu 2,Ca4,15:50,18:30,A2,5,A2-0505,98,39,0.81,0.08,P1,30,0,2,150,15:20,15:50,18:30,19:00,N
SCH01108,LHP0322,baseline,Normal,Tue,Thu 3,Ca3,13:00,15:40,B,3,B-0305,56,52,0.94,0.15,P1,48,0,1,100,12:30,13:00,15:40,16:10,N
SCH01109,LHP0322,optimized,Normal,Thu,Thu 5,Ca2,09:35,12:15,D,5,D-0505,87,52,0.94,0.15,P2,0,45,4,180,09:05,09:35,12:15,12:45,N
SCH01110,LHP0323,baseline,Normal,Sat,Thu 7,Ca4,15:50,18:30,C,1,C-0106,47,46,0.79,0.24,P2,0,35,2,120,15:20,15:50,18:30,19:00,N
SCH01111,LHP0323,optimized,Normal,Thu,Thu 5,Ca1,06:45,09:25,D,5,D-0506,70,46,0.79,0.24,P2,0,33,4,180,06:15,06:45,09:25,09:55,N
SCH01112,LHP0324,baseline,Normal,Thu,Thu 5,Ca3,13:00,15:40,A2,6,A2-0612,109,69,0.86,0.15,P1,57,0,2,150,12:30,13:00,15:40,16:10,N
SCH01113,LHP0324,optimized,Normal,Fri,Thu 6,Ca2,09:35,12:15,B,2,D-0207,76,69,0.86,0.15,P1,55,0,4,100,09:05,09:35,12:15,12:45,N
SCH01114,LHP0325,baseline,Normal,Thu,Thu 5,Ca3,13:00,15:40,A2,6,A2-0601,103,39,0.78,0.17,P1,29,0,1,150,12:30,13:00,15:40,16:10,N
SCH01115,LHP0325,baseline,Peak,Mon,Thu 2,Ca3,13:00,15:40,B,1,B-0106,48,39,0.78,0.17,P1,29,0,1,100,12:30,13:00,15:40,16:10,N
SCH01116,LHP0325,baseline,Worst,Mon,Thu 2,Ca3,13:00,15:40,B,1,B-0106,48,39,0.78,0.17,P1,29,0,1,100,12:30,13:00,15:40,16:10,N
SCH01117,LHP0325,optimized,Normal,Thu,Thu 5,Ca2,09:35,12:15,A2,10,A2-1009,80,39,0.78,0.17,P1,28,0,2,150,09:05,09:35,12:15,12:45,N
SCH01118,LHP0325,optimized,Normal,Tue,Thu 3,Ca3,13:00,15:40,C,3,C-0307,53,39,0.78,0.17,P2,0,28,2,120,12:30,13:00,15:40,16:10,N
SCH01119,LHP0326,baseline,Normal,Thu,Thu 5,Ca4,15:50,18:30,A2,6,A2-0611,90,66,0.76,0.22,P1,48,0,2,150,15:20,15:50,18:30,19:00,N
SCH01120,LHP0326,optimized,Normal,Fri,Thu 6,Ca3,13:00,15:40,A2,1,A2-0101,120,66,0.76,0.22,P1,44,0,6,150,12:30,13:00,15:40,16:10,N
SCH01121,LHP0327,baseline,Peak,Wed,Thu 4,Ca3,13:00,15:40,A2,3,A2-0303,107,46,0.88,0.2,P1,38,0,2,150,12:30,13:00,15:40,16:10,N
SCH01122,LHP0327,optimized,Normal,Fri,Thu 6,Ca4,15:50,18:30,C,1,C-0104,51,46,0.88,0.2,P2,0,36,4,120,15:20,15:50,18:30,19:00,N
SCH01123,LHP0328,baseline,Normal,Fri,Thu 6,Ca2,09:35,12:15,C,4,A2-0412,119,61,0.93,0.16,P2,0,55,2,120,09:05,09:35,12:15,12:45,N
SCH01124,LHP0328,baseline,Normal,Tue,Thu 3,Ca1,06:45,09:25,C,8,A2-0811,96,61,0.93,0.16,P2,0,55,2,120,06:15,06:45,09:25,09:55,N
SCH01125,LHP0328,optimized,Normal,Fri,Thu 6,Ca3,13:00,15:40,D,4,D-0401,67,61,0.93,0.16,P2,0,53,4,180,12:30,13:00,15:40,16:10,N
SCH01126,LHP0328,optimized,Normal,Thu,Thu 5,Ca3,13:00,15:40,A2,2,A2-0211,94,61,0.93,0.16,P1,53,0,4,150,12:30,13:00,15:40,16:10,N
SCH01127,LHP0329,baseline,Normal,Sat,Thu 7,Ca1,06:45,09:25,A2,2,A2-0206,81,60,0.8,0.21,P1,46,0,2,150,06:15,06:45,09:25,09:55,N
SCH01128,LHP0329,optimized,Normal,Tue,Thu 3,Ca2,09:35,12:15,A2,9,A2-0905,112,60,0.8,0.21,P1,43,0,5,150,09:05,09:35,12:15,12:45,N
SCH01129,LHP0330,baseline,Peak,Wed,Thu 4,Ca4,15:50,18:30,B,3,B-0305,56,34,0.89,0.08,P1,30,0,0,100,15:20,15:50,18:30,19:00,N
SCH01130,LHP0330,optimized,Normal,Thu,Thu 5,Ca4,15:50,18:30,A2,7,A2-0714,100,34,0.89,0.08,P1,29,0,1,150,15:20,15:50,18:30,19:00,N
SCH01131,LHP0331,baseline,Normal,Sat,Thu 7,Ca4,15:50,18:30,C,3,C-0307,53,43,0.82,0.08,P2,0,34,1,120,15:20,15:50,18:30,19:00,N
SCH01132,LHP0331,baseline,Peak,Mon,Thu 2,Ca3,13:00,15:40,C,1,C-0106,47,43,0.82,0.08,P2,0,34,1,120,12:30,13:00,15:40,16:10,N
SCH01133,LHP0331,baseline,Worst,Mon,Thu 2,Ca3,13:00,15:40,C,1,C-0106,47,43,0.82,0.08,P2,0,34,1,120,12:30,13:00,15:40,16:10,N
SCH01134,LHP0331,optimized,Normal,Sat,Thu 7,Ca3,13:00,15:40,A2,4,A2-0408,85,43,0.82,0.08,P1,33,0,2,150,12:30,13:00,15:40,16:10,N
SCH01135,LHP0331,optimized,Peak,Mon,Thu 2,Ca3,13:00,15:40,A2,2,A2-0211,94,43,0.82,0.08,P1,33,0,2,150,12:30,13:00,15:40,16:10,N
SCH01136,LHP0331,optimized,Worst,Mon,Thu 2,Ca3,13:00,15:40,A2,2,A2-0211,94,43,0.82,0.08,P1,33,0,2,150,12:30,13:00,15:40,16:10,N
SCH01137,LHP0332,baseline,Peak,Wed,Thu 4,Ca3,13:00,15:40,A2,7,A2-0701,120,76,0.95,0.12,P1,71,0,2,150,12:30,13:00,15:40,16:10,N
SCH01138,LHP0332,optimized,Normal,Fri,Thu 6,Ca1,06:45,09:25,A2,9,A2-0913,107,76,0.95,0.12,P1,69,0,4,150,06:15,06:45,09:25,09:55,N
SCH01139,LHP0333,baseline,Peak,Wed,Thu 4,Ca1,06:45,09:25,A2,8,A2-0804,109,62,0.86,0.11,P1,52,0,1,150,06:15,06:45,09:25,09:55,N
SCH01140,LHP0333,optimized,Normal,Sat,Thu 7,Ca4,15:50,18:30,D,1,D-0101,89,62,0.86,0.11,P2,0,50,3,180,15:20,15:50,18:30,19:00,N
SCH01141,LHP0334,baseline,Normal,Sat,Thu 7,Ca2,09:35,12:15,A2,4,A2-0404,109,58,0.8,0.07,P1,45,0,1,150,09:05,09:35,12:15,12:45,N
SCH01142,LHP0334,optimized,Normal,Fri,Thu 6,Ca2,09:35,12:15,A2,7,A2-0711,84,58,0.8,0.07,P1,44,0,2,150,09:05,09:35,12:15,12:45,N
SCH01143,LHP0335,baseline,Normal,Sat,Thu 7,Ca4,15:50,18:30,B,7,A2-0714,100,69,0.83,0.24,P1,55,0,3,100,15:20,15:50,18:30,19:00,N
SCH01144,LHP0335,baseline,Normal,Tue,Thu 3,Ca1,06:45,09:25,A2,9,A2-0910,89,69,0.83,0.24,P1,55,0,3,150,06:15,06:45,09:25,09:55,N
SCH01145,LHP0335,optimized,Normal,Fri,Thu 6,Ca2,09:35,12:15,A2,5,A2-0506,85,69,0.83,0.24,P1,51,0,7,150,09:05,09:35,12:15,12:45,N
SCH01146,LHP0335,optimized,Normal,Tue,Thu 3,Ca2,09:35,12:15,A2,1,A2-0111,117,69,0.83,0.24,P1,51,0,7,150,09:05,09:35,12:15,12:45,N
SCH01147,LHP0336,baseline,Normal,Thu,Thu 5,Ca1,06:45,09:25,D,5,D-0505,87,66,0.89,0.09,P2,0,57,1,180,06:15,06:45,09:25,09:55,N
SCH01148,LHP0336,optimized,Normal,Tue,Thu 3,Ca1,06:45,09:25,D,2,D-0203,80,66,0.89,0.09,P2,0,56,2,180,06:15,06:45,09:25,09:55,N
SCH01149,LHP0337,baseline,Normal,Sat,Thu 7,Ca3,13:00,15:40,A2,3,A2-0308,101,59,0.85,0.11,P1,50,0,1,150,12:30,13:00,15:40,16:10,N
SCH01150,LHP0337,optimized,Peak,Wed,Thu 4,Ca2,09:35,12:15,A2,6,A2-0606,118,59,0.85,0.11,P1,48,0,3,150,09:05,09:35,12:15,12:45,N
SCH01151,LHP0338,baseline,Peak,Mon,Thu 2,Ca2,09:35,12:15,A2,2,A2-0208,92,62,0.84,0.1,P1,51,0,1,150,09:05,09:35,12:15,12:45,N
SCH01152,LHP0338,baseline,Worst,Mon,Thu 2,Ca2,09:35,12:15,A2,2,A2-0208,92,62,0.84,0.1,P1,51,0,1,150,09:05,09:35,12:15,12:45,N
SCH01153,LHP0338,optimized,Normal,Fri,Thu 6,Ca3,13:00,15:40,B,6,A2-0612,109,62,0.84,0.1,P1,50,0,2,100,12:30,13:00,15:40,16:10,N
SCH01154,LHP0339,baseline,Normal,Thu,Thu 5,Ca1,06:45,09:25,A2,8,A2-0813,107,33,0.81,0.17,P1,26,0,1,150,06:15,06:45,09:25,09:55,N
SCH01155,LHP0339,baseline,Normal,Sat,Thu 7,Ca3,13:00,15:40,D,1,D-0108,69,33,0.81,0.17,P2,0,26,1,180,12:30,13:00,15:40,16:10,N
SCH01156,LHP0339,optimized,Peak,Wed,Thu 4,Ca3,13:00,15:40,A2,7,A2-0708,100,33,0.81,0.17,P1,25,0,2,150,12:30,13:00,15:40,16:10,N
SCH01157,LHP0339,optimized,Normal,Fri,Thu 6,Ca4,15:50,18:30,D,3,D-0308,77,33,0.81,0.17,P2,0,25,2,180,15:20,15:50,18:30,19:00,N
SCH01158,LHP0340,baseline,Peak,Wed,Thu 4,Ca3,13:00,15:40,B,1,B-0102,53,48,0.86,0.22,P1,39,0,2,100,12:30,13:00,15:40,16:10,N
SCH01159,LHP0340,optimized,Normal,Tue,Thu 3,Ca3,13:00,15:40,D,4,D-0404,60,48,0.86,0.22,P2,0,37,4,180,12:30,13:00,15:40,16:10,N
SCH01160,LHP0341,baseline,Peak,Mon,Thu 2,Ca2,09:35,12:15,A2,9,A2-0908,83,76,0.82,0.13,P1,60,0,2,150,09:05,09:35,12:15,12:45,N
SCH01161,LHP0341,baseline,Worst,Mon,Thu 2,Ca2,09:35,12:15,A2,9,A2-0908,83,76,0.82,0.13,P1,60,0,2,150,09:05,09:35,12:15,12:45,N
SCH01162,LHP0341,optimized,Normal,Thu,Thu 5,Ca4,15:50,18:30,C,4,D-0407,80,76,0.82,0.13,P2,0,58,4,120,15:20,15:50,18:30,19:00,N
SCH01163,LHP0342,baseline,Peak,Mon,Thu 2,Ca1,06:45,09:25,A2,5,A2-0512,120,66,0.86,0.12,P1,56,0,1,150,06:15,06:45,09:25,09:55,N
SCH01164,LHP0342,baseline,Worst,Mon,Thu 2,Ca1,06:45,09:25,A2,5,A2-0512,120,66,0.86,0.12,P1,56,0,1,150,06:15,06:45,09:25,09:55,N
SCH01165,LHP0342,optimized,Normal,Fri,Thu 6,Ca4,15:50,18:30,A2,4,A2-0402,96,66,0.86,0.12,P1,53,0,4,150,15:20,15:50,18:30,19:00,N
SCH01166,LHP0343,baseline,Normal,Tue,Thu 3,Ca2,09:35,12:15,C,9,A2-0905,112,62,0.84,0.16,P2,0,50,2,120,09:05,09:35,12:15,12:45,N
SCH01167,LHP0343,baseline,Normal,Sat,Thu 7,Ca1,06:45,09:25,A2,10,A2-1007,96,62,0.84,0.16,P1,50,0,2,150,06:15,06:45,09:25,09:55,N
SCH01168,LHP0343,optimized,Peak,Wed,Thu 4,Ca3,13:00,15:40,C,7,A2-0709,105,62,0.84,0.16,P2,0,48,4,120,12:30,13:00,15:40,16:10,N
SCH01169,LHP0343,optimized,Normal,Tue,Thu 3,Ca3,13:00,15:40,C,3,A2-0310,85,62,0.84,0.16,P2,0,48,4,120,12:30,13:00,15:40,16:10,N
SCH01170,LHP0344,baseline,Normal,Fri,Thu 6,Ca2,09:35,12:15,A2,3,A2-0306,89,73,0.87,0.08,P1,62,0,1,150,09:05,09:35,12:15,12:45,N
SCH01171,LHP0344,optimized,Normal,Fri,Thu 6,Ca3,13:00,15:40,B,6,A2-0605,84,73,0.87,0.08,P1,61,0,2,100,12:30,13:00,15:40,16:10,N
SCH01172,LHP0345,baseline,Peak,Wed,Thu 4,Ca3,13:00,15:40,A2,2,A2-0202,93,80,0.95,0.16,P1,74,0,2,150,12:30,13:00,15:40,16:10,N
SCH01173,LHP0345,optimized,Peak,Mon,Thu 2,Ca1,06:45,09:25,A2,1,A2-0112,107,80,0.95,0.16,P1,70,0,6,150,06:15,06:45,09:25,09:55,N
SCH01174,LHP0345,optimized,Worst,Mon,Thu 2,Ca1,06:45,09:25,A2,1,A2-0112,107,80,0.95,0.16,P1,70,0,6,150,06:15,06:45,09:25,09:55,N
SCH01175,LHP0346,baseline,Peak,Wed,Thu 4,Ca3,13:00,15:40,A2,3,A2-0305,97,42,0.87,0.13,P1,36,0,1,150,12:30,13:00,15:40,16:10,N
SCH01176,LHP0346,optimized,Peak,Wed,Thu 4,Ca1,06:45,09:25,A2,2,A2-0206,81,42,0.87,0.13,P1,35,0,2,150,06:15,06:45,09:25,09:55,N
SCH01177,LHP0347,baseline,Normal,Tue,Thu 3,Ca2,09:35,12:15,D,2,D-0205,74,38,0.89,0.21,P2,0,33,1,180,09:05,09:35,12:15,12:45,N
SCH01178,LHP0347,optimized,Peak,Mon,Thu 2,Ca4,15:50,18:30,D,4,D-0404,60,38,0.89,0.21,P2,0,30,4,180,15:20,15:50,18:30,19:00,N
SCH01179,LHP0347,optimized,Worst,Mon,Thu 2,Ca4,15:50,18:30,D,4,D-0404,60,38,0.89,0.21,P2,0,30,4,180,15:20,15:50,18:30,19:00,N
SCH01180,LHP0348,baseline,Normal,Tue,Thu 3,Ca3,13:00,15:40,A2,4,A2-0405,114,68,0.93,0.08,P1,62,0,1,150,12:30,13:00,15:40,16:10,N
SCH01181,LHP0348,baseline,Peak,Wed,Thu 4,Ca1,06:45,09:25,A2,9,A2-0905,112,68,0.93,0.08,P1,62,0,1,150,06:15,06:45,09:25,09:55,N
SCH01182,LHP0348,optimized,Peak,Mon,Thu 2,Ca1,06:45,09:25,B,9,A2-0907,85,68,0.93,0.08,P1,61,0,2,100,06:15,06:45,09:25,09:55,N
SCH01183,LHP0348,optimized,Worst,Mon,Thu 2,Ca1,06:45,09:25,B,9,A2-0907,85,68,0.93,0.08,P1,61,0,2,100,06:15,06:45,09:25,09:55,N
SCH01184,LHP0348,optimized,Normal,Fri,Thu 6,Ca2,09:35,12:15,D,2,D-0201,72,68,0.93,0.08,P2,0,61,2,180,09:05,09:35,12:15,12:45,N
SCH01185,LHP0349,baseline,Normal,Fri,Thu 6,Ca1,06:45,09:25,A2,7,A2-0709,105,40,0.83,0.17,P1,33,0,1,150,06:15,06:45,09:25,09:55,N
SCH01186,LHP0349,baseline,Peak,Mon,Thu 2,Ca2,09:35,12:15,A2,9,A2-0913,107,40,0.83,0.17,P1,33,0,1,150,09:05,09:35,12:15,12:45,N
SCH01187,LHP0349,baseline,Worst,Mon,Thu 2,Ca2,09:35,12:15,A2,9,A2-0913,107,40,0.83,0.17,P1,33,0,1,150,09:05,09:35,12:15,12:45,N
SCH01188,LHP0349,optimized,Peak,Wed,Thu 4,Ca2,09:35,12:15,B,3,B-0308,50,40,0.83,0.17,P1,31,0,3,100,09:05,09:35,12:15,12:45,N
SCH01189,LHP0349,optimized,Normal,Tue,Thu 3,Ca2,09:35,12:15,A2,4,A2-0410,98,40,0.83,0.17,P1,31,0,3,150,09:05,09:35,12:15,12:45,N
SCH01190,LHP0350,baseline,Normal,Tue,Thu 3,Ca3,13:00,15:40,A2,8,A2-0806,96,51,0.85,0.15,P1,43,0,1,150,12:30,13:00,15:40,16:10,N
SCH01191,LHP0350,optimized,Peak,Wed,Thu 4,Ca3,13:00,15:40,D,1,D-0103,84,51,0.85,0.15,P2,0,40,4,180,12:30,13:00,15:40,16:10,N
SCH01192,LHP0351,baseline,Peak,Wed,Thu 4,Ca2,09:35,12:15,B,1,B-0104,54,49,0.84,0.05,P1,41,0,0,100,09:05,09:35,12:15,12:45,N
SCH01193,LHP0351,optimized,Normal,Fri,Thu 6,Ca3,13:00,15:40,A2,10,A2-1012,97,49,0.84,0.05,P1,40,0,1,150,12:30,13:00,15:40,16:10,N
SCH01194,LHP0352,baseline,Peak,Wed,Thu 4,Ca1,06:45,09:25,A2,3,A2-0307,93,56,0.87,0.21,P1,46,0,2,150,06:15,06:45,09:25,09:55,N
SCH01195,LHP0352,baseline,Normal,Fri,Thu 6,Ca1,06:45,09:25,B,2,B-0201,56,56,0.87,0.21,P1,46,0,2,100,06:15,06:45,09:25,09:55,N
SCH01196,LHP0352,optimized,Normal,Fri,Thu 6,Ca3,13:00,15:40,A2,3,A2-0311,104,56,0.87,0.21,P1,43,0,5,150,12:30,13:00,15:40,16:10,N
SCH01197,LHP0352,optimized,Normal,Sat,Thu 7,Ca4,15:50,18:30,A2,8,A2-0811,96,56,0.87,0.21,P1,43,0,5,150,15:20,15:50,18:30,19:00,N
SCH01198,LHP0353,baseline,Peak,Wed,Thu 4,Ca1,06:45,09:25,B,8,A2-0809,115,68,0.84,0.24,P1,54,0,3,100,06:15,06:45,09:25,09:55,N
SCH01199,LHP0353,baseline,Peak,Mon,Thu 2,Ca4,15:50,18:30,D,5,D-0506,70,68,0.84,0.24,P2,0,54,3,180,15:20,15:50,18:30,19:00,N
SCH01200,LHP0353,baseline,Worst,Mon,Thu 2,Ca4,15:50,18:30,D,5,D-0506,70,68,0.84,0.24,P2,0,54,3,180,15:20,15:50,18:30,19:00,N
SCH01201,LHP0353,optimized,Normal,Tue,Thu 3,Ca1,06:45,09:25,A2,6,A2-0607,120,68,0.84,0.24,P1,50,0,7,150,06:15,06:45,09:25,09:55,N
SCH01202,LHP0353,optimized,Normal,Fri,Thu 6,Ca1,06:45,09:25,D,3,D-0305,70,68,0.84,0.24,P2,0,50,7,180,06:15,06:45,09:25,09:55,N
SCH01203,LHP0354,baseline,Normal,Tue,Thu 3,Ca2,09:35,12:15,A2,6,A2-0611,90,66,0.8,0.06,P1,52,0,1,150,09:05,09:35,12:15,12:45,N
SCH01204,LHP0354,optimized,Peak,Wed,Thu 4,Ca3,13:00,15:40,A2,6,A2-0611,90,66,0.8,0.06,P1,51,0,2,150,12:30,13:00,15:40,16:10,N
SCH01205,LHP0355,baseline,Normal,Tue,Thu 3,Ca1,06:45,09:25,A2,10,A2-1013,101,70,0.89,0.2,P1,60,0,2,150,06:15,06:45,09:25,09:55,N
SCH01206,LHP0355,optimized,Normal,Sat,Thu 7,Ca2,09:35,12:15,D,2,D-0204,71,70,0.89,0.2,P2,0,56,6,180,09:05,09:35,12:15,12:45,N
SCH01207,LHP0356,baseline,Normal,Fri,Thu 6,Ca2,09:35,12:15,A2,2,A2-0201,85,32,0.86,0.19,P1,26,0,1,150,09:05,09:35,12:15,12:45,N
SCH01208,LHP0356,optimized,Normal,Sat,Thu 7,Ca2,09:35,12:15,D,3,D-0306,60,32,0.86,0.19,P2,0,25,2,180,09:05,09:35,12:15,12:45,N
SCH01209,LHP0357,baseline,Normal,Sat,Thu 7,Ca3,13:00,15:40,A2,7,A2-0714,100,50,0.83,0.13,P1,40,0,1,150,12:30,13:00,15:40,16:10,N
SCH01210,LHP0357,optimized,Normal,Tue,Thu 3,Ca1,06:45,09:25,C,2,C-0204,55,50,0.83,0.13,P2,0,39,2,120,06:15,06:45,09:25,09:55,N
SCH01211,LHP0358,baseline,Peak,Wed,Thu 4,Ca1,06:45,09:25,A2,2,A2-0209,114,79,0.87,0.14,P1,67,0,2,150,06:15,06:45,09:25,09:55,N
SCH01212,LHP0358,baseline,Peak,Mon,Thu 2,Ca1,06:45,09:25,A2,3,A2-0305,97,79,0.87,0.14,P1,67,0,2,150,06:15,06:45,09:25,09:55,N
SCH01213,LHP0358,baseline,Worst,Mon,Thu 2,Ca1,06:45,09:25,A2,3,A2-0305,97,79,0.87,0.14,P1,67,0,2,150,06:15,06:45,09:25,09:55,N
SCH01214,LHP0358,optimized,Normal,Sat,Thu 7,Ca1,06:45,09:25,D,1,D-0104,83,79,0.87,0.14,P2,0,64,5,180,06:15,06:45,09:25,09:55,N
SCH01215,LHP0358,optimized,Peak,Mon,Thu 2,Ca2,09:35,12:15,B,9,A2-0902,103,79,0.87,0.14,P1,64,0,5,100,09:05,09:35,12:15,12:45,N
SCH01216,LHP0358,optimized,Worst,Mon,Thu 2,Ca2,09:35,12:15,B,9,A2-0902,103,79,0.87,0.14,P1,64,0,5,100,09:05,09:35,12:15,12:45,N
SCH01217,LHP0359,baseline,Normal,Sat,Thu 7,Ca3,13:00,15:40,B,9,A2-0906,111,75,0.78,0.09,P1,57,0,1,100,12:30,13:00,15:40,16:10,N
SCH01218,LHP0359,optimized,Normal,Fri,Thu 6,Ca4,15:50,18:30,D,5,D-0508,76,75,0.78,0.09,P2,0,56,2,180,15:20,15:50,18:30,19:00,N
SCH01219,LHP0360,baseline,Normal,Thu,Thu 5,Ca1,06:45,09:25,A2,5,A2-0512,120,63,0.83,0.24,P1,50,0,3,150,06:15,06:45,09:25,09:55,N
SCH01220,LHP0360,optimized,Normal,Sat,Thu 7,Ca4,15:50,18:30,A2,7,A2-0706,94,63,0.83,0.24,P1,47,0,6,150,15:20,15:50,18:30,19:00,N
SCH01221,LHP0361,baseline,Normal,Thu,Thu 5,Ca1,06:45,09:25,A2,2,A2-0203,94,51,0.86,0.19,P1,42,0,2,150,06:15,06:45,09:25,09:55,N
SCH01222,LHP0361,baseline,Normal,Fri,Thu 6,Ca1,06:45,09:25,B,2,B-0203,60,51,0.86,0.19,P1,42,0,2,100,06:15,06:45,09:25,09:55,N
SCH01223,LHP0361,optimized,Peak,Wed,Thu 4,Ca4,15:50,18:30,A2,4,A2-0406,87,51,0.86,0.19,P1,40,0,4,150,15:20,15:50,18:30,19:00,N
SCH01224,LHP0361,optimized,Normal,Sat,Thu 7,Ca1,06:45,09:25,A2,8,A2-0806,96,51,0.86,0.19,P1,40,0,4,150,06:15,06:45,09:25,09:55,N
SCH01225,LHP0362,baseline,Peak,Wed,Thu 4,Ca1,06:45,09:25,B,4,A2-0403,82,69,0.85,0.24,P1,56,0,3,100,06:15,06:45,09:25,09:55,N
SCH01226,LHP0362,optimized,Peak,Wed,Thu 4,Ca3,13:00,15:40,C,7,A2-0713,116,69,0.85,0.24,P2,0,52,7,120,12:30,13:00,15:40,16:10,N
SCH01227,LHP0363,baseline,Normal,Tue,Thu 3,Ca1,06:45,09:25,D,3,D-0305,70,44,0.94,0.25,P2,0,39,2,180,06:15,06:45,09:25,09:55,N
SCH01228,LHP0363,baseline,Peak,Wed,Thu 4,Ca2,09:35,12:15,C,2,C-0206,57,44,0.94,0.25,P2,0,39,2,120,09:05,09:35,12:15,12:45,N
SCH01229,LHP0363,optimized,Peak,Wed,Thu 4,Ca3,13:00,15:40,D,3,D-0304,62,44,0.94,0.25,P2,0,36,5,180,12:30,13:00,15:40,16:10,N
SCH01230,LHP0363,optimized,Normal,Thu,Thu 5,Ca2,09:35,12:15,B,1,B-0106,48,44,0.94,0.25,P1,36,0,5,100,09:05,09:35,12:15,12:45,N
SCH01231,LHP0364,baseline,Peak,Mon,Thu 2,Ca4,15:50,18:30,B,6,A2-0602,102,74,0.89,0.11,P1,65,0,1,100,15:20,15:50,18:30,19:00,N
SCH01232,LHP0364,baseline,Worst,Mon,Thu 2,Ca4,15:50,18:30,B,6,A2-0602,102,74,0.89,0.11,P1,65,0,1,100,15:20,15:50,18:30,19:00,N
SCH01233,LHP0364,optimized,Peak,Mon,Thu 2,Ca1,06:45,09:25,A2,1,A2-0106,94,74,0.89,0.11,P1,62,0,4,150,06:15,06:45,09:25,09:55,N
SCH01234,LHP0364,optimized,Worst,Mon,Thu 2,Ca1,06:45,09:25,A2,1,A2-0106,94,74,0.89,0.11,P1,62,0,4,150,06:15,06:45,09:25,09:55,N
SCH01235,LHP0365,baseline,Normal,Sat,Thu 7,Ca3,13:00,15:40,D,3,D-0306,60,48,0.77,0.19,P2,0,36,1,180,12:30,13:00,15:40,16:10,N
SCH01236,LHP0365,optimized,Normal,Thu,Thu 5,Ca2,09:35,12:15,A2,1,A2-0112,107,48,0.77,0.19,P1,33,0,4,150,09:05,09:35,12:15,12:45,N
SCH01237,LHP0366,baseline,Peak,Mon,Thu 2,Ca3,13:00,15:40,B,2,B-0203,60,52,0.94,0.21,P1,47,0,2,100,12:30,13:00,15:40,16:10,N
SCH01238,LHP0366,baseline,Worst,Mon,Thu 2,Ca3,13:00,15:40,B,2,B-0203,60,52,0.94,0.21,P1,47,0,2,100,12:30,13:00,15:40,16:10,N
SCH01239,LHP0366,optimized,Peak,Wed,Thu 4,Ca1,06:45,09:25,D,4,D-0406,82,52,0.94,0.21,P2,0,44,5,180,06:15,06:45,09:25,09:55,N
SCH01240,LHP0367,baseline,Normal,Thu,Thu 5,Ca1,06:45,09:25,C,4,A2-0409,115,75,0.77,0.23,P2,0,54,3,120,06:15,06:45,09:25,09:55,N
SCH01241,LHP0367,baseline,Normal,Fri,Thu 6,Ca3,13:00,15:40,C,9,A2-0904,88,75,0.77,0.23,P2,0,54,3,120,12:30,13:00,15:40,16:10,N
SCH01242,LHP0367,optimized,Normal,Sat,Thu 7,Ca3,13:00,15:40,D,2,D-0203,80,75,0.77,0.23,P2,0,51,6,180,12:30,13:00,15:40,16:10,N
SCH01243,LHP0367,optimized,Peak,Wed,Thu 4,Ca1,06:45,09:25,D,5,D-0503,88,75,0.77,0.23,P2,0,51,6,180,06:15,06:45,09:25,09:55,N
SCH01244,LHP0368,baseline,Normal,Sat,Thu 7,Ca1,06:45,09:25,B,2,B-0204,49,43,0.79,0.16,P1,33,0,1,100,06:15,06:45,09:25,09:55,N
SCH01245,LHP0368,baseline,Normal,Fri,Thu 6,Ca2,09:35,12:15,B,2,B-0205,60,43,0.79,0.16,P1,33,0,1,100,09:05,09:35,12:15,12:45,N
SCH01246,LHP0368,optimized,Normal,Thu,Thu 5,Ca1,06:45,09:25,D,4,D-0408,61,43,0.79,0.16,P2,0,32,2,180,06:15,06:45,09:25,09:55,N
SCH01247,LHP0368,optimized,Normal,Tue,Thu 3,Ca4,15:50,18:30,A2,9,A2-0902,103,43,0.79,0.16,P1,32,0,2,150,15:20,15:50,18:30,19:00,N
SCH01248,LHP0369,baseline,Peak,Mon,Thu 2,Ca1,06:45,09:25,B,2,B-0202,43,38,0.77,0.2,P1,28,0,1,100,06:15,06:45,09:25,09:55,N
SCH01249,LHP0369,baseline,Worst,Mon,Thu 2,Ca1,06:45,09:25,B,2,B-0202,43,38,0.77,0.2,P1,28,0,1,100,06:15,06:45,09:25,09:55,N
SCH01250,LHP0369,optimized,Peak,Wed,Thu 4,Ca1,06:45,09:25,A2,4,A2-0413,103,38,0.77,0.2,P1,26,0,3,150,06:15,06:45,09:25,09:55,N
SCH01251,LHP0370,baseline,Normal,Tue,Thu 3,Ca2,09:35,12:15,A2,1,A2-0110,85,72,0.93,0.1,P1,66,0,1,150,09:05,09:35,12:15,12:45,N
SCH01252,LHP0370,optimized,Peak,Wed,Thu 4,Ca2,09:35,12:15,B,7,A2-0706,94,72,0.93,0.1,P1,63,0,4,100,09:05,09:35,12:15,12:45,N
SCH01253,LHP0371,baseline,Normal,Thu,Thu 5,Ca1,06:45,09:25,A2,2,A2-0204,112,56,0.82,0.14,P1,44,0,1,150,06:15,06:45,09:25,09:55,N
SCH01254,LHP0371,baseline,Peak,Wed,Thu 4,Ca2,09:35,12:15,A2,10,A2-1003,104,56,0.82,0.14,P1,44,0,1,150,09:05,09:35,12:15,12:45,N
SCH01255,LHP0371,optimized,Normal,Fri,Thu 6,Ca1,06:45,09:25,A2,2,A2-0213,117,56,0.82,0.14,P1,42,0,3,150,06:15,06:45,09:25,09:55,N
SCH01256,LHP0371,optimized,Normal,Thu,Thu 5,Ca3,13:00,15:40,D,1,D-0105,82,56,0.82,0.14,P2,0,42,3,180,12:30,13:00,15:40,16:10,N
SCH01257,LHP0372,baseline,Normal,Sat,Thu 7,Ca2,09:35,12:15,A2,6,A2-0606,118,30,0.94,0.25,P1,27,0,1,150,09:05,09:35,12:15,12:45,N
SCH01258,LHP0372,optimized,Peak,Mon,Thu 2,Ca1,06:45,09:25,A2,5,A2-0511,109,30,0.94,0.25,P1,24,0,4,150,06:15,06:45,09:25,09:55,N
SCH01259,LHP0372,optimized,Worst,Mon,Thu 2,Ca1,06:45,09:25,A2,5,A2-0511,109,30,0.94,0.25,P1,24,0,4,150,06:15,06:45,09:25,09:55,N
SCH01260,LHP0373,baseline,Normal,Fri,Thu 6,Ca4,15:50,18:30,B,2,B-0203,60,60,0.88,0.2,P1,51,0,2,100,15:20,15:50,18:30,19:00,N
SCH01261,LHP0373,optimized,Normal,Thu,Thu 5,Ca2,09:35,12:15,C,6,A2-0614,97,60,0.88,0.2,P2,0,47,6,120,09:05,09:35,12:15,12:45,N
SCH01262,LHP0374,baseline,Normal,Fri,Thu 6,Ca1,06:45,09:25,A2,1,A2-0106,94,71,0.76,0.2,P1,52,0,2,150,06:15,06:45,09:25,09:55,N
SCH01263,LHP0374,baseline,Normal,Tue,Thu 3,Ca3,13:00,15:40,A2,7,A2-0708,100,71,0.76,0.2,P1,52,0,2,150,12:30,13:00,15:40,16:10,N
SCH01264,LHP0374,optimized,Normal,Fri,Thu 6,Ca2,09:35,12:15,A2,9,A2-0913,107,71,0.76,0.2,P1,48,0,6,150,09:05,09:35,12:15,12:45,N
SCH01265,LHP0374,optimized,Peak,Mon,Thu 2,Ca3,13:00,15:40,A2,3,A2-0303,107,71,0.76,0.2,P1,48,0,6,150,12:30,13:00,15:40,16:10,N
SCH01266,LHP0374,optimized,Worst,Mon,Thu 2,Ca3,13:00,15:40,A2,3,A2-0303,107,71,0.76,0.2,P1,48,0,6,150,12:30,13:00,15:40,16:10,N
SCH01267,LHP0375,baseline,Peak,Mon,Thu 2,Ca3,13:00,15:40,A2,4,A2-0409,115,64,0.9,0.22,P1,55,0,3,150,12:30,13:00,15:40,16:10,N
SCH01268,LHP0375,baseline,Worst,Mon,Thu 2,Ca3,13:00,15:40,A2,4,A2-0409,115,64,0.9,0.22,P1,55,0,3,150,12:30,13:00,15:40,16:10,N
SCH01269,LHP0375,optimized,Peak,Wed,Thu 4,Ca4,15:50,18:30,D,5,D-0501,67,64,0.9,0.22,P2,0,52,6,180,15:20,15:50,18:30,19:00,N
SCH01270,LHP0376,baseline,Peak,Mon,Thu 2,Ca1,06:45,09:25,C,3,C-0305,56,56,0.93,0.09,P2,0,51,1,120,06:15,06:45,09:25,09:55,N
SCH01271,LHP0376,baseline,Worst,Mon,Thu 2,Ca1,06:45,09:25,C,3,C-0305,56,56,0.93,0.09,P2,0,51,1,120,06:15,06:45,09:25,09:55,N
SCH01272,LHP0376,baseline,Peak,Wed,Thu 4,Ca3,13:00,15:40,A2,3,A2-0306,89,56,0.93,0.09,P1,51,0,1,150,12:30,13:00,15:40,16:10,N
SCH01273,LHP0376,optimized,Peak,Mon,Thu 2,Ca2,09:35,12:15,A2,4,A2-0409,115,56,0.93,0.09,P1,50,0,2,150,09:05,09:35,12:15,12:45,N
SCH01274,LHP0376,optimized,Worst,Mon,Thu 2,Ca2,09:35,12:15,A2,4,A2-0409,115,56,0.93,0.09,P1,50,0,2,150,09:05,09:35,12:15,12:45,N
SCH01275,LHP0376,optimized,Normal,Tue,Thu 3,Ca3,13:00,15:40,D,5,D-0507,62,56,0.93,0.09,P2,0,50,2,180,12:30,13:00,15:40,16:10,N
SCH01276,LHP0377,baseline,Normal,Tue,Thu 3,Ca3,13:00,15:40,A2,9,A2-0912,90,80,0.85,0.24,P1,65,0,3,150,12:30,13:00,15:40,16:10,N
SCH01277,LHP0377,baseline,Peak,Mon,Thu 2,Ca3,13:00,15:40,D,2,D-0202,81,80,0.85,0.24,P2,0,65,3,180,12:30,13:00,15:40,16:10,N
SCH01278,LHP0377,baseline,Worst,Mon,Thu 2,Ca3,13:00,15:40,D,2,D-0202,81,80,0.85,0.24,P2,0,65,3,180,12:30,13:00,15:40,16:10,N
SCH01279,LHP0377,optimized,Peak,Mon,Thu 2,Ca1,06:45,09:25,C,10,A2-1007,96,80,0.85,0.24,P2,0,60,8,120,06:15,06:45,09:25,09:55,N
SCH01280,LHP0377,optimized,Worst,Mon,Thu 2,Ca1,06:45,09:25,C,10,A2-1007,96,80,0.85,0.24,P2,0,60,8,120,06:15,06:45,09:25,09:55,N
SCH01281,LHP0377,optimized,Normal,Tue,Thu 3,Ca4,15:50,18:30,A2,2,A2-0203,94,80,0.85,0.24,P1,60,0,8,150,15:20,15:50,18:30,19:00,N
SCH01282,LHP0378,baseline,Normal,Thu,Thu 5,Ca2,09:35,12:15,A2,6,A2-0601,103,32,0.75,0.16,P1,23,0,1,150,09:05,09:35,12:15,12:45,N
SCH01283,LHP0378,optimized,Normal,Tue,Thu 3,Ca3,13:00,15:40,D,3,D-0307,78,32,0.75,0.16,P2,0,22,2,180,12:30,13:00,15:40,16:10,N
SCH01284,LHP0379,baseline,Normal,Tue,Thu 3,Ca4,15:50,18:30,C,2,C-0204,55,48,0.84,0.18,P2,0,39,1,120,15:20,15:50,18:30,19:00,N
SCH01285,LHP0379,optimized,Normal,Sat,Thu 7,Ca1,06:45,09:25,A2,7,A2-0704,100,48,0.84,0.18,P1,36,0,4,150,06:15,06:45,09:25,09:55,N
SCH01286,LHP0380,baseline,Normal,Fri,Thu 6,Ca1,06:45,09:25,A2,2,A2-0210,106,62,0.84,0.09,P1,51,0,1,150,06:15,06:45,09:25,09:55,N
SCH01287,LHP0380,optimized,Normal,Thu,Thu 5,Ca1,06:45,09:25,D,3,D-0308,77,62,0.84,0.09,P2,0,50,2,180,06:15,06:45,09:25,09:55,N
SCH01288,LHP0381,baseline,Peak,Mon,Thu 2,Ca2,09:35,12:15,A2,4,A2-0413,103,76,0.84,0.1,P1,62,0,1,150,09:05,09:35,12:15,12:45,N
SCH01289,LHP0381,baseline,Worst,Mon,Thu 2,Ca2,09:35,12:15,A2,4,A2-0413,103,76,0.84,0.1,P1,62,0,1,150,09:05,09:35,12:15,12:45,N
SCH01290,LHP0381,optimized,Normal,Sat,Thu 7,Ca1,06:45,09:25,C,1,A2-0105,95,76,0.84,0.1,P2,0,60,3,120,06:15,06:45,09:25,09:55,N
SCH01291,LHP0382,baseline,Normal,Tue,Thu 3,Ca2,09:35,12:15,A2,8,A2-0806,96,80,0.81,0.18,P1,63,0,2,150,09:05,09:35,12:15,12:45,N
SCH01292,LHP0382,optimized,Normal,Fri,Thu 6,Ca3,13:00,15:40,A2,8,A2-0808,95,80,0.81,0.18,P1,59,0,6,150,12:30,13:00,15:40,16:10,N
SCH01293,LHP0383,baseline,Peak,Mon,Thu 2,Ca2,09:35,12:15,C,9,A2-0910,89,70,0.93,0.22,P2,0,62,3,120,09:05,09:35,12:15,12:45,N
SCH01294,LHP0383,baseline,Worst,Mon,Thu 2,Ca2,09:35,12:15,C,9,A2-0910,89,70,0.93,0.22,P2,0,62,3,120,09:05,09:35,12:15,12:45,N
SCH01295,LHP0383,optimized,Peak,Wed,Thu 4,Ca2,09:35,12:15,B,7,A2-0714,100,70,0.93,0.22,P1,58,0,7,100,09:05,09:35,12:15,12:45,N
SCH01296,LHP0384,baseline,Normal,Thu,Thu 5,Ca1,06:45,09:25,D,4,D-0406,82,55,0.88,0.09,P2,0,47,1,180,06:15,06:45,09:25,09:55,N
SCH01297,LHP0384,optimized,Normal,Sat,Thu 7,Ca1,06:45,09:25,A2,3,A2-0312,86,55,0.88,0.09,P1,46,0,2,150,06:15,06:45,09:25,09:55,N
SCH01298,LHP0385,baseline,Peak,Wed,Thu 4,Ca3,13:00,15:40,A2,3,A2-0307,93,45,0.75,0.13,P1,32,0,1,150,12:30,13:00,15:40,16:10,N
SCH01299,LHP0385,optimized,Normal,Thu,Thu 5,Ca3,13:00,15:40,B,1,B-0107,56,45,0.75,0.13,P1,31,0,2,100,12:30,13:00,15:40,16:10,N
SCH01300,LHP0386,baseline,Normal,Sat,Thu 7,Ca3,13:00,15:40,A2,10,A2-1001,84,51,0.81,0.19,P1,39,0,2,150,12:30,13:00,15:40,16:10,N
SCH01301,LHP0386,optimized,Peak,Mon,Thu 2,Ca4,15:50,18:30,D,5,D-0507,62,51,0.81,0.19,P2,0,37,4,180,15:20,15:50,18:30,19:00,N
SCH01302,LHP0386,optimized,Worst,Mon,Thu 2,Ca4,15:50,18:30,D,5,D-0507,62,51,0.81,0.19,P2,0,37,4,180,15:20,15:50,18:30,19:00,N
SCH01303,LHP0387,baseline,Normal,Tue,Thu 3,Ca2,09:35,12:15,A2,7,A2-0707,82,74,0.8,0.18,P1,58,0,2,150,09:05,09:35,12:15,12:45,N
SCH01304,LHP0387,optimized,Normal,Tue,Thu 3,Ca1,06:45,09:25,D,5,D-0508,76,74,0.8,0.18,P2,0,54,6,180,06:15,06:45,09:25,09:55,N
SCH01305,LHP0388,baseline,Peak,Wed,Thu 4,Ca3,13:00,15:40,D,1,D-0104,83,55,0.89,0.23,P2,0,47,2,180,12:30,13:00,15:40,16:10,N
SCH01306,LHP0388,baseline,Normal,Thu,Thu 5,Ca1,06:45,09:25,A2,1,A2-0111,117,55,0.89,0.23,P1,47,0,2,150,06:15,06:45,09:25,09:55,N
SCH01307,LHP0388,optimized,Normal,Sat,Thu 7,Ca4,15:50,18:30,D,2,D-0207,76,55,0.89,0.23,P2,0,43,6,180,15:20,15:50,18:30,19:00,N
SCH01308,LHP0388,optimized,Peak,Mon,Thu 2,Ca4,15:50,18:30,C,3,C-0305,56,55,0.89,0.23,P2,0,43,6,120,15:20,15:50,18:30,19:00,N
SCH01309,LHP0388,optimized,Worst,Mon,Thu 2,Ca4,15:50,18:30,C,3,C-0305,56,55,0.89,0.23,P2,0,43,6,120,15:20,15:50,18:30,19:00,N
SCH01310,LHP0389,baseline,Normal,Fri,Thu 6,Ca2,09:35,12:15,A2,1,A2-0106,94,74,0.77,0.23,P1,54,0,3,150,09:05,09:35,12:15,12:45,N
SCH01311,LHP0389,optimized,Normal,Fri,Thu 6,Ca1,06:45,09:25,D,1,D-0105,82,74,0.77,0.23,P2,0,51,6,180,06:15,06:45,09:25,09:55,N
SCH01312,LHP0390,baseline,Peak,Mon,Thu 2,Ca1,06:45,09:25,A2,9,A2-0901,105,44,0.79,0.08,P1,34,0,1,150,06:15,06:45,09:25,09:55,N
SCH01313,LHP0390,baseline,Worst,Mon,Thu 2,Ca1,06:45,09:25,A2,9,A2-0901,105,44,0.79,0.08,P1,34,0,1,150,06:15,06:45,09:25,09:55,N
SCH01314,LHP0390,optimized,Normal,Fri,Thu 6,Ca1,06:45,09:25,A2,3,A2-0310,85,44,0.79,0.08,P1,33,0,2,150,06:15,06:45,09:25,09:55,N
SCH01315,LHP0391,baseline,Peak,Mon,Thu 2,Ca2,09:35,12:15,B,2,B-0207,59,53,0.83,0.16,P1,43,0,1,100,09:05,09:35,12:15,12:45,N
SCH01316,LHP0391,baseline,Worst,Mon,Thu 2,Ca2,09:35,12:15,B,2,B-0207,59,53,0.83,0.16,P1,43,0,1,100,09:05,09:35,12:15,12:45,N
SCH01317,LHP0391,optimized,Normal,Sat,Thu 7,Ca3,13:00,15:40,C,3,C-0305,56,53,0.83,0.16,P2,0,40,4,120,12:30,13:00,15:40,16:10,N
SCH01318,LHP0392,baseline,Peak,Mon,Thu 2,Ca1,06:45,09:25,C,5,A2-0507,94,72,0.92,0.2,P2,0,63,3,120,06:15,06:45,09:25,09:55,N
SCH01319,LHP0392,baseline,Worst,Mon,Thu 2,Ca1,06:45,09:25,C,5,A2-0507,94,72,0.92,0.2,P2,0,63,3,120,06:15,06:45,09:25,09:55,N
SCH01320,LHP0392,baseline,Peak,Wed,Thu 4,Ca3,13:00,15:40,D,1,D-0101,89,72,0.92,0.2,P2,0,63,3,180,12:30,13:00,15:40,16:10,N
SCH01321,LHP0392,optimized,Normal,Tue,Thu 3,Ca1,06:45,09:25,D,2,D-0201,72,72,0.92,0.2,P2,0,60,6,180,06:15,06:45,09:25,09:55,N
SCH01322,LHP0392,optimized,Normal,Thu,Thu 5,Ca3,13:00,15:40,C,10,A2-1006,113,72,0.92,0.2,P2,0,60,6,120,12:30,13:00,15:40,16:10,N
SCH01323,LHP0393,baseline,Normal,Fri,Thu 6,Ca3,13:00,15:40,A2,2,A2-0212,108,80,0.77,0.14,P1,60,0,2,150,12:30,13:00,15:40,16:10,N
SCH01324,LHP0393,baseline,Normal,Thu,Thu 5,Ca3,13:00,15:40,D,2,D-0206,88,80,0.77,0.14,P2,0,60,2,180,12:30,13:00,15:40,16:10,N
SCH01325,LHP0393,optimized,Normal,Thu,Thu 5,Ca3,13:00,15:40,C,3,A2-0309,86,80,0.77,0.14,P2,0,58,4,120,12:30,13:00,15:40,16:10,N
SCH01326,LHP0393,optimized,Peak,Mon,Thu 2,Ca2,09:35,12:15,A2,7,A2-0704,100,80,0.77,0.14,P1,58,0,4,150,09:05,09:35,12:15,12:45,N
SCH01327,LHP0393,optimized,Worst,Mon,Thu 2,Ca2,09:35,12:15,A2,7,A2-0704,100,80,0.77,0.14,P1,58,0,4,150,09:05,09:35,12:15,12:45,N
SCH01328,LHP0394,baseline,Peak,Wed,Thu 4,Ca3,13:00,15:40,D,4,D-0402,78,66,0.77,0.22,P2,0,49,2,180,12:30,13:00,15:40,16:10,N
SCH01329,LHP0394,baseline,Normal,Fri,Thu 6,Ca2,09:35,12:15,A2,1,A2-0110,85,66,0.77,0.22,P1,49,0,2,150,09:05,09:35,12:15,12:45,N
SCH01330,LHP0394,optimized,Peak,Wed,Thu 4,Ca1,06:45,09:25,A2,2,A2-0208,92,66,0.77,0.22,P1,45,0,6,150,06:15,06:45,09:25,09:55,N
SCH01331,LHP0394,optimized,Peak,Mon,Thu 2,Ca3,13:00,15:40,A2,7,A2-0713,116,66,0.77,0.22,P1,45,0,6,150,12:30,13:00,15:40,16:10,N
SCH01332,LHP0394,optimized,Worst,Mon,Thu 2,Ca3,13:00,15:40,A2,7,A2-0713,116,66,0.77,0.22,P1,45,0,6,150,12:30,13:00,15:40,16:10,N
SCH01333,LHP0395,baseline,Peak,Wed,Thu 4,Ca1,06:45,09:25,B,3,D-0303,67,66,0.86,0.08,P1,56,0,1,100,06:15,06:45,09:25,09:55,N
SCH01334,LHP0395,baseline,Normal,Fri,Thu 6,Ca2,09:35,12:15,B,3,A2-0310,85,66,0.86,0.08,P1,56,0,1,100,09:05,09:35,12:15,12:45,N
SCH01335,LHP0395,optimized,Peak,Mon,Thu 2,Ca2,09:35,12:15,A2,3,A2-0306,89,66,0.86,0.08,P1,55,0,2,150,09:05,09:35,12:15,12:45,N
SCH01336,LHP0395,optimized,Worst,Mon,Thu 2,Ca2,09:35,12:15,A2,3,A2-0306,89,66,0.86,0.08,P1,55,0,2,150,09:05,09:35,12:15,12:45,N
SCH01337,LHP0395,optimized,Normal,Sat,Thu 7,Ca4,15:50,18:30,D,5,D-0508,76,66,0.86,0.08,P2,0,55,2,180,15:20,15:50,18:30,19:00,N
SCH01338,LHP0396,baseline,Normal,Fri,Thu 6,Ca1,06:45,09:25,A2,2,A2-0209,114,37,0.89,0.19,P1,32,0,1,150,06:15,06:45,09:25,09:55,N
SCH01339,LHP0396,optimized,Normal,Tue,Thu 3,Ca1,06:45,09:25,C,1,C-0104,51,37,0.89,0.19,P2,0,30,3,120,06:15,06:45,09:25,09:55,N
SCH01340,LHP0397,baseline,Peak,Wed,Thu 4,Ca3,13:00,15:40,B,2,B-0207,59,58,0.91,0.14,P1,51,0,1,100,12:30,13:00,15:40,16:10,N
SCH01341,LHP0397,optimized,Peak,Mon,Thu 2,Ca2,09:35,12:15,D,4,D-0402,78,58,0.91,0.14,P2,0,48,4,180,09:05,09:35,12:15,12:45,N
SCH01342,LHP0397,optimized,Worst,Mon,Thu 2,Ca2,09:35,12:15,D,4,D-0402,78,58,0.91,0.14,P2,0,48,4,180,09:05,09:35,12:15,12:45,N
SCH01343,LHP0398,baseline,Peak,Mon,Thu 2,Ca3,13:00,15:40,B,4,A2-0412,119,66,0.76,0.14,P1,49,0,1,100,12:30,13:00,15:40,16:10,N
SCH01344,LHP0398,baseline,Worst,Mon,Thu 2,Ca3,13:00,15:40,B,4,A2-0412,119,66,0.76,0.14,P1,49,0,1,100,12:30,13:00,15:40,16:10,N
SCH01345,LHP0398,baseline,Normal,Fri,Thu 6,Ca2,09:35,12:15,C,1,A2-0109,114,66,0.76,0.14,P2,0,49,1,120,09:05,09:35,12:15,12:45,N
SCH01346,LHP0398,optimized,Peak,Mon,Thu 2,Ca1,06:45,09:25,D,2,D-0201,72,66,0.76,0.14,P2,0,46,4,180,06:15,06:45,09:25,09:55,N
SCH01347,LHP0398,optimized,Worst,Mon,Thu 2,Ca1,06:45,09:25,D,2,D-0201,72,66,0.76,0.14,P2,0,46,4,180,06:15,06:45,09:25,09:55,N
SCH01348,LHP0398,optimized,Normal,Fri,Thu 6,Ca1,06:45,09:25,A2,2,A2-0210,106,66,0.76,0.14,P1,46,0,4,150,06:15,06:45,09:25,09:55,N
SCH01349,LHP0399,baseline,Normal,Thu,Thu 5,Ca3,13:00,15:40,A2,8,A2-0809,115,55,0.8,0.05,P1,44,0,0,150,12:30,13:00,15:40,16:10,N
SCH01350,LHP0399,optimized,Normal,Fri,Thu 6,Ca2,09:35,12:15,A2,5,A2-0513,103,55,0.8,0.05,P1,43,0,1,150,09:05,09:35,12:15,12:45,N
SCH01351,LHP0400,baseline,Normal,Sat,Thu 7,Ca3,13:00,15:40,D,4,D-0404,60,32,0.83,0.19,P2,0,26,1,180,12:30,13:00,15:40,16:10,N
SCH01352,LHP0400,optimized,Normal,Thu,Thu 5,Ca4,15:50,18:30,C,3,C-0307,53,32,0.83,0.19,P2,0,25,2,120,15:20,15:50,18:30,19:00,N
SCH01353,EVT001,baseline,Worst,Mon,Thu 2,Ca2,09:35,12:15,D,5,D-0506,70,64,0.91,0.13,P2,0,57,2,180,09:05,09:35,12:15,12:45,Y
SCH01354,EVT002,baseline,Worst,Mon,Thu 2,Ca2,09:35,12:15,D,3,D-0303,67,67,0.91,0.06,P2,0,60,1,180,09:05,09:35,12:15,12:45,Y
SCH01355,EVT003,baseline,Worst,Mon,Thu 2,Ca2,09:35,12:15,D,5,D-0505,87,80,0.83,0.09,P2,0,65,1,180,09:05,09:35,12:15,12:45,Y
SCH01356,EVT004,baseline,Worst,Mon,Thu 2,Ca2,09:35,12:15,D,1,D-0103,84,65,0.83,0.24,P2,0,51,3,180,09:05,09:35,12:15,12:45,Y
SCH01357,EVT005,baseline,Worst,Mon,Thu 2,Ca2,09:35,12:15,D,2,D-0206,88,79,0.84,0.24,P2,0,63,3,180,09:05,09:35,12:15,12:45,Y
SCH01358,EVT006,baseline,Worst,Mon,Thu 2,Ca2,09:35,12:15,D,1,D-0108,69,66,0.81,0.15,P2,0,51,2,180,09:05,09:35,12:15,12:45,Y
SCH01359,EVT007,baseline,Worst,Mon,Thu 2,Ca2,09:35,12:15,D,5,D-0503,88,80,0.89,0.24,P2,0,68,3,180,09:05,09:35,12:15,12:45,Y
SCH01360,EVT008,baseline,Worst,Mon,Thu 2,Ca2,09:35,12:15,D,1,D-0107,82,69,0.86,0.13,P2,0,58,2,180,09:05,09:35,12:15,12:45,Y
SCH01361,EVT009,baseline,Worst,Mon,Thu 2,Ca2,09:35,12:15,D,3,D-0302,67,67,0.91,0.08,P2,0,60,1,180,09:05,09:35,12:15,12:45,Y
SCH01362,EVT010,baseline,Worst,Mon,Thu 2,Ca2,09:35,12:15,D,2,D-0205,74,64,0.88,0.07,P2,0,55,1,180,09:05,09:35,12:15,12:45,Y
SCH01363,EVT011,baseline,Worst,Mon,Thu 2,Ca2,09:35,12:15,D,2,D-0203,80,76,0.83,0.15,P2,0,61,2,180,09:05,09:35,12:15,12:45,Y
SCH01364,EVT012,baseline,Worst,Mon,Thu 2,Ca2,09:35,12:15,D,4,D-0407,80,79,0.91,0.09,P2,0,70,1,180,09:05,09:35,12:15,12:45,Y
SCH01365,EVT013,baseline,Worst,Mon,Thu 2,Ca2,09:35,12:15,D,1,D-0101,89,79,0.82,0.18,P2,0,63,2,180,09:05,09:35,12:15,12:45,Y
SCH01366,EVT014,baseline,Worst,Mon,Thu 2,Ca2,09:35,12:15,D,1,D-0102,77,71,0.9,0.12,P2,0,62,2,180,09:05,09:35,12:15,12:45,Y
SCH01367,EVT015,baseline,Worst,Mon,Thu 2,Ca2,09:35,12:15,D,4,D-0402,78,71,0.82,0.06,P2,0,57,1,180,09:05,09:35,12:15,12:45,Y
SCH01368,EVT016,baseline,Worst,Mon,Thu 2,Ca2,09:35,12:15,D,4,D-0406,82,72,0.92,0.22,P2,0,64,3,180,09:05,09:35,12:15,12:45,Y
SCH01369,EVT017,baseline,Worst,Mon,Thu 2,Ca2,09:35,12:15,D,2,D-0202,81,76,0.87,0.21,P2,0,63,3,180,09:05,09:35,12:15,12:45,Y
SCH01370,EVT018,baseline,Worst,Mon,Thu 2,Ca2,09:35,12:15,D,2,D-0204,71,71,0.92,0.15,P2,0,64,2,180,09:05,09:35,12:15,12:45,Y
SCH01371,EVT019,baseline,Worst,Mon,Thu 2,Ca2,09:35,12:15,D,3,D-0307,78,70,0.89,0.21,P2,0,59,3,180,09:05,09:35,12:15,12:45,Y
SCH01372,EVT020,baseline,Worst,Mon,Thu 2,Ca2,09:35,12:15,D,1,D-0105,82,76,0.93,0.1,P2,0,70,1,180,09:05,09:35,12:15,12:45,Y
SCH01373,EVT021,baseline,Worst,Mon,Thu 2,Ca2,09:35,12:15,D,5,D-0508,76,73,0.87,0.23,P2,0,61,3,180,09:05,09:35,12:15,12:45,Y
SCH01374,EVT022,baseline,Worst,Mon,Thu 2,Ca2,09:35,12:15,D,3,D-0305,70,68,0.84,0.07,P2,0,56,1,180,09:05,09:35,12:15,12:45,Y
SCH01375,EVT023,baseline,Worst,Mon,Thu 2,Ca2,09:35,12:15,D,3,D-0308,77,66,0.87,0.22,P2,0,55,3,180,09:05,09:35,12:15,12:45,Y
SCH01376,EVT024,baseline,Worst,Mon,Thu 2,Ca2,09:35,12:15,D,1,D-0104,83,78,0.92,0.13,P2,0,69,2,180,09:05,09:35,12:15,12:45,Y
SCH01377,EVT001,optimized,Worst,Mon,Thu 2,Ca2,09:35,12:15,D,5,D-0508,76,64,0.91,0.13,P2,0,55,4,180,09:05,09:35,12:15,12:45,Y
SCH01378,EVT002,optimized,Worst,Mon,Thu 2,Ca4,15:50,18:30,C,10,A2-1010,87,67,0.91,0.06,P2,0,59,2,120,15:20,15:50,18:30,19:00,Y
SCH01379,EVT003,optimized,Worst,Mon,Thu 2,Ca2,09:35,12:15,D,5,D-0503,88,80,0.83,0.09,P2,0,63,3,180,09:05,09:35,12:15,12:45,Y
SCH01380,EVT004,optimized,Worst,Mon,Thu 2,Ca4,15:50,18:30,C,1,A2-0110,85,65,0.83,0.24,P2,0,48,6,120,15:20,15:50,18:30,19:00,Y
SCH01381,EVT005,optimized,Worst,Mon,Thu 2,Ca2,09:35,12:15,D,1,D-0101,89,79,0.84,0.24,P2,0,58,8,180,09:05,09:35,12:15,12:45,Y
SCH01382,EVT006,optimized,Worst,Mon,Thu 2,Ca4,15:50,18:30,C,2,D-0205,74,66,0.81,0.15,P2,0,49,4,120,15:20,15:50,18:30,19:00,Y
SCH01383,EVT007,optimized,Worst,Mon,Thu 2,Ca2,09:35,12:15,D,2,D-0206,88,80,0.89,0.24,P2,0,63,8,180,09:05,09:35,12:15,12:45,Y
SCH01384,EVT008,optimized,Worst,Mon,Thu 2,Ca4,15:50,18:30,C,7,A2-0702,115,69,0.86,0.13,P2,0,56,4,120,15:20,15:50,18:30,19:00,Y
SCH01385,EVT009,optimized,Worst,Mon,Thu 2,Ca2,09:35,12:15,D,3,D-0303,67,67,0.91,0.08,P2,0,59,2,180,09:05,09:35,12:15,12:45,Y
SCH01386,EVT010,optimized,Worst,Mon,Thu 2,Ca4,15:50,18:30,C,8,A2-0802,111,64,0.88,0.07,P2,0,54,2,120,15:20,15:50,18:30,19:00,Y
SCH01387,EVT011,optimized,Worst,Mon,Thu 2,Ca2,09:35,12:15,D,2,D-0202,81,76,0.83,0.15,P2,0,59,4,180,09:05,09:35,12:15,12:45,Y
SCH01388,EVT012,optimized,Worst,Mon,Thu 2,Ca4,15:50,18:30,C,5,A2-0508,86,79,0.91,0.09,P2,0,68,3,120,15:20,15:50,18:30,19:00,Y
SCH01389,EVT013,optimized,Worst,Mon,Thu 2,Ca2,09:35,12:15,D,2,D-0203,80,79,0.82,0.18,P2,0,59,6,180,09:05,09:35,12:15,12:45,Y
SCH01390,EVT014,optimized,Worst,Mon,Thu 2,Ca4,15:50,18:30,C,3,A2-0303,107,71,0.9,0.12,P2,0,60,4,120,15:20,15:50,18:30,19:00,Y
SCH01391,EVT015,optimized,Worst,Mon,Thu 2,Ca2,09:35,12:15,D,1,D-0105,82,71,0.82,0.06,P2,0,56,2,180,09:05,09:35,12:15,12:45,Y
SCH01392,EVT016,optimized,Worst,Mon,Thu 2,Ca4,15:50,18:30,C,3,A2-0308,101,72,0.92,0.22,P2,0,59,8,120,15:20,15:50,18:30,19:00,Y
SCH01393,EVT017,optimized,Worst,Mon,Thu 2,Ca2,09:35,12:15,D,3,D-0307,78,76,0.87,0.21,P2,0,59,7,180,09:05,09:35,12:15,12:45,Y
SCH01394,EVT018,optimized,Worst,Mon,Thu 2,Ca4,15:50,18:30,C,10,A2-1012,97,71,0.92,0.15,P2,0,61,5,120,15:20,15:50,18:30,19:00,Y
SCH01395,EVT019,optimized,Worst,Mon,Thu 2,Ca2,09:35,12:15,D,5,D-0506,70,70,0.89,0.21,P2,0,56,6,180,09:05,09:35,12:15,12:45,Y
SCH01396,EVT020,optimized,Worst,Mon,Thu 2,Ca4,15:50,18:30,C,4,D-0402,78,76,0.93,0.1,P2,0,67,4,120,15:20,15:50,18:30,19:00,Y
SCH01397,EVT021,optimized,Worst,Mon,Thu 2,Ca2,09:35,12:15,D,2,D-0208,74,73,0.87,0.23,P2,0,56,8,180,09:05,09:35,12:15,12:45,Y
SCH01398,EVT022,optimized,Worst,Mon,Thu 2,Ca4,15:50,18:30,C,10,A2-1005,109,68,0.84,0.07,P2,0,55,2,120,15:20,15:50,18:30,19:00,Y
SCH01399,EVT023,optimized,Worst,Mon,Thu 2,Ca2,09:35,12:15,D,2,D-0205,74,66,0.87,0.22,P2,0,52,6,180,09:05,09:35,12:15,12:45,Y
SCH01400,EVT024,optimized,Worst,Mon,Thu 2,Ca4,15:50,18:30,C,5,A2-0511,109,78,0.92,0.13,P2,0,67,4,120,15:20,15:50,18:30,19:00,Y
