student_id,class_id
SV02755,LHP0001
SV02756,LHP0001
SV02757,LHP0001
SV02758,LHP0001
SV02759,LHP0001
SV02760,LHP0001
SV02761,LHP0001
SV02762,LHP0001
SV02763,LHP0001
SV02764,LHP0001
SV02765,LHP0001
SV02766,LHP0001
SV02767,LHP0001
SV02768,LHP0001
SV02769,LHP0001
SV02770,LHP0001
SV02771,LHP0001
SV02772,LHP0001
SV02773,LHP0001
SV02774,LHP0001
SV02775,LHP0001
SV02776,LHP0001
SV02777,LHP0001
SV02778,LHP0001
SV02779,LHP0001
SV02780,LHP0001
SV02781,LHP0001
SV02782,LHP0001
SV02783,LHP0001
SV02784,LHP0001
SV02785,LHP0001
SV02786,LHP0001
SV02787,LHP0001
SV02788,LHP0001
SV02789,LHP0001
SV02790,LHP0001
SV02791,LHP0001
SV02792,LHP0001
SV02793,LHP0001
SV02794,LHP0001
SV02795,LHP0001
SV02796,LHP0001
SV02797,LHP0001
SV02798,LHP0001
SV02799,LHP0001
SV02800,LHP0001
SV02801,LHP0001
SV02980,LHP0002
SV02981,LHP0002
SV02982,LHP0002
SV02983,LHP0002
SV02984,LHP0002
SV02985,LHP0002
SV02986,LHP0002
SV02987,LHP0002
SV02988,LHP0002
SV02989,LHP0002
SV02990,LHP0002
SV02991,LHP0002
SV02992,LHP0002
SV02993,LHP0002
SV02994,LHP0002
SV02995,LHP0002
SV02996,LHP0002
SV02997,LHP0002
SV02998,LHP0002
SV02999,LHP0002
SV03000,LHP0002
SV03001,LHP0002
SV03002,LHP0002
SV03003,LHP0002
SV03004,LHP0002
SV03005,LHP0002
SV03006,LHP0002
SV03007,LHP0002
SV03008,LHP0002
SV03009,LHP0002
SV03010,LHP0002
SV03011,LHP0002
SV03012,LHP0002
SV03013,LHP0002
SV03014,LHP0002
SV03015,LHP0002
SV03016,LHP0002
SV03017,LHP0002
SV03018,LHP0002
SV03019,LHP0002
SV03020,LHP0002
SV03021,LHP0002
SV03022,LHP0002
SV03023,LHP0002
SV03024,LHP0002
SV03025,LHP0002
SV03026,LHP0002
SV03027,LHP0002
SV03028,LHP0002
SV03029,LHP0002
SV03030,LHP0002
SV03031,LHP0002
SV03032,LHP0002
SV03033,LHP0002
SV03034,LHP0002
SV03035,LHP0002
SV03036,LHP0002
SV03037,LHP0002
SV03038,LHP0002
SV03039,LHP0002
SV03040,LHP0002
SV03041,LHP0002
SV03042,LHP0002
SV03043,LHP0002
SV03044,LHP0002
SV03045,LHP0002
SV00114,LHP0003
SV00141,LHP0003
SV00172,LHP0003
SV00199,LHP0003
SV00202,LHP0003
SV00204,LHP0003
SV00210,LHP0003
SV00214,LHP0003
SV00223,LHP0003
SV00229,LHP0003
SV00246,LHP0003
SV00281,LHP0003
SV00312,LHP0003
SV00327,LHP0003
SV00351,LHP0003
SV00362,LHP0003
SV00366,LHP0003
SV00368,LHP0003
SV00369,LHP0003
SV00370,LHP0003
SV00381,LHP0003
SV00385,LHP0003
SV00386,LHP0003
SV00389,LHP0003
SV00390,LHP0003
SV00393,LHP0003
SV00401,LHP0003
SV00404,LHP0003
SV00405,LHP0003
SV00406,LHP0003
SV00414,LHP0003
SV00416,LHP0003
SV00417,LHP0003
SV00418,LHP0003
SV00422,LHP0003
SV00423,LHP0003
SV03871,LHP0004
SV03872,LHP0004
SV03892,LHP0004
SV03919,LHP0004
SV03921,LHP0004
SV03924,LHP0004
SV03930,LHP0004
SV03932,LHP0004
SV03941,LHP0004
SV03944,LHP0004
SV03990,LHP0004
SV04008,LHP0004
SV04013,LHP0004
SV04017,LHP0004
SV04025,LHP0004
SV04030,LHP0004
SV04038,LHP0004
SV04039,LHP0004
SV04048,LHP0004
SV04051,LHP0004
SV04061,LHP0004
SV04065,LHP0004
SV04068,LHP0004
SV04069,LHP0004
SV04071,LHP0004
SV04073,LHP0004
SV04077,LHP0004
SV04081,LHP0004
SV04084,LHP0004
SV04093,LHP0004
SV04095,LHP0004
SV04098,LHP0004
SV04110,LHP0004
SV04112,LHP0004
SV04115,LHP0004
SV04116,LHP0004
SV04120,LHP0004
SV04125,LHP0004
SV04128,LHP0004
SV04130,LHP0004
SV04135,LHP0004
SV04137,LHP0004
SV04139,LHP0004
SV04140,LHP0004
SV04143,LHP0004
SV04144,LHP0004
SV04146,LHP0004
SV04155,LHP0004
SV04156,LHP0004
SV04157,LHP0004
SV04159,LHP0004
SV04160,LHP0004
SV04163,LHP0004
SV04167,LHP0004
SV04170,LHP0004
SV04171,LHP0004
SV04172,LHP0004
SV04173,LHP0004
SV04174,LHP0004
SV04175,LHP0004
SV04176,LHP0004
SV04177,LHP0004
SV04180,LHP0004
SV04182,LHP0004
SV04183,LHP0004
SV04186,LHP0004
SV04188,LHP0004
SV04189,LHP0004
SV04198,LHP0004
SV04199,LHP0004
SV04201,LHP0004
SV04204,LHP0004
SV04205,LHP0004
SV04209,LHP0004
SV04210,LHP0004
SV04211,LHP0004
SV02554,LHP0005
SV02557,LHP0005
SV02560,LHP0005
SV02562,LHP0005
SV02564,LHP0005
SV02566,LHP0005
SV02570,LHP0005
SV02571,LHP0005
SV02572,LHP0005
SV02580,LHP0005
SV02590,LHP0005
SV02591,LHP0005
SV02592,LHP0005
SV02594,LHP0005
SV02595,LHP0005
SV02596,LHP0005
SV02598,LHP0005
SV02599,LHP0005
SV02600,LHP0005
SV02604,LHP0005
SV02606,LHP0005
SV02611,LHP0005
SV02613,LHP0005
SV02617,LHP0005
SV02619,LHP0005
SV02620,LHP0005
SV02622,LHP0005
SV02623,LHP0005
SV02626,LHP0005
SV02627,LHP0005
SV02630,LHP0005
SV02632,LHP0005
SV02634,LHP0005
SV02636,LHP0005
SV02639,LHP0005
SV02644,LHP0005
SV02645,LHP0005
SV02647,LHP0005
SV02651,LHP0005
SV02653,LHP0005
SV02656,LHP0005
SV02659,LHP0005
SV02661,LHP0005
SV02663,LHP0005
SV02665,LHP0005
SV02667,LHP0005
SV02672,LHP0005
SV02678,LHP0005
SV02681,LHP0005
SV02687,LHP0005
SV02688,LHP0005
SV02690,LHP0005
SV02691,LHP0005
SV02692,LHP0005
SV02694,LHP0005
SV02885,LHP0006
SV02892,LHP0006
SV02894,LHP0006
SV02903,LHP0006
SV02980,LHP0006
SV02987,LHP0006
SV02990,LHP0006
SV02993,LHP0006
SV02996,LHP0006
SV02997,LHP0006
SV02998,LHP0006
SV03002,LHP0006
SV03010,LHP0006
SV03012,LHP0006
SV03016,LHP0006
SV03019,LHP0006
SV03020,LHP0006
SV03026,LHP0006
SV03027,LHP0006
SV03031,LHP0006
SV03033,LHP0006
SV03035,LHP0006
SV03036,LHP0006
SV03040,LHP0006
SV03043,LHP0006
SV03051,LHP0006
SV03055,LHP0006
SV03060,LHP0006
SV03062,LHP0006
SV03063,LHP0006
SV03066,LHP0006
SV03073,LHP0006
SV03075,LHP0006
SV03076,LHP0006
SV03079,LHP0006
SV03080,LHP0006
SV03082,LHP0006
SV03091,LHP0006
SV03096,LHP0006
SV03099,LHP0006
SV03106,LHP0006
SV03112,LHP0006
SV01419,LHP0007
SV01420,LHP0007
SV01421,LHP0007
SV01422,LHP0007
SV01423,LHP0007
SV01424,LHP0007
SV01425,LHP0007
SV01426,LHP0007
SV01427,LHP0007
SV01428,LHP0007
SV01429,LHP0007
SV01430,LHP0007
SV01431,LHP0007
SV01432,LHP0007
SV01433,LHP0007
SV01434,LHP0007
SV01435,LHP0007
SV01436,LHP0007
SV01437,LHP0007
SV01438,LHP0007
SV01439,LHP0007
SV01440,LHP0007
SV01441,LHP0007
SV01442,LHP0007
SV01443,LHP0007
SV01444,LHP0007
SV01445,LHP0007
SV01446,LHP0007
SV01447,LHP0007
SV01448,LHP0007
SV01449,LHP0007
SV01450,LHP0007
SV01451,LHP0007
SV01452,LHP0007
SV01453,LHP0007
SV01454,LHP0007
SV01455,LHP0007
SV01456,LHP0007
SV01457,LHP0007
SV01458,LHP0007
SV01459,LHP0007
SV01460,LHP0007
SV01461,LHP0007
SV01462,LHP0007
SV01463,LHP0007
SV01155,LHP0008
SV01164,LHP0008
SV01170,LHP0008
SV01171,LHP0008
SV01173,LHP0008
SV01174,LHP0008
SV01177,LHP0008
SV01178,LHP0008
SV01179,LHP0008
SV01186,LHP0008
SV01197,LHP0008
SV01199,LHP0008
SV01204,LHP0008
SV01207,LHP0008
SV01208,LHP0008
SV01211,LHP0008
SV01217,LHP0008
SV01220,LHP0008
SV01221,LHP0008
SV01223,LHP0008
SV01225,LHP0008
SV01226,LHP0008
SV01227,LHP0008
SV01228,LHP0008
SV01230,LHP0008
SV01231,LHP0008
SV01232,LHP0008
SV01233,LHP0008
SV01235,LHP0008
SV01236,LHP0008
SV01238,LHP0008
SV01239,LHP0008
SV01242,LHP0008
SV01243,LHP0008
SV01244,LHP0008
SV01247,LHP0008
SV01816,LHP0009
SV01864,LHP0009
SV01865,LHP0009
SV01866,LHP0009
SV01867,LHP0009
SV01868,LHP0009
SV01869,LHP0009
SV01871,LHP0009
SV01872,LHP0009
SV01874,LHP0009
SV01875,LHP0009
SV01876,LHP0009
SV01878,LHP0009
SV01879,LHP0009
SV01880,LHP0009
SV01881,LHP0009
SV01883,LHP0009
SV01885,LHP0009
SV01886,LHP0009
SV01887,LHP0009
SV01890,LHP0009
SV01892,LHP0009
SV01894,LHP0009
SV01895,LHP0009
SV01896,LHP0009
SV01899,LHP0009
SV01900,LHP0009
SV01902,LHP0009
SV01906,LHP0009
SV01908,LHP0009
SV01910,LHP0009
SV01912,LHP0009
SV01913,LHP0009
SV01914,LHP0009
SV01915,LHP0009
SV01916,LHP0009
SV01917,LHP0009
SV01919,LHP0009
SV01920,LHP0009
SV01923,LHP0009
SV01924,LHP0009
SV01925,LHP0009
SV01926,LHP0009
SV01927,LHP0009
SV01928,LHP0009
SV01930,LHP0009
SV01933,LHP0009
SV01934,LHP0009
SV01935,LHP0009
SV01939,LHP0009
SV01940,LHP0009
SV01941,LHP0009
SV01943,LHP0009
SV01945,LHP0009
SV01946,LHP0009
SV01948,LHP0009
SV01949,LHP0009
SV01951,LHP0009
SV01952,LHP0009
SV01953,LHP0009
SV01954,LHP0009
SV01955,LHP0009
SV01957,LHP0009
SV01958,LHP0009
SV01963,LHP0009
SV01964,LHP0009
SV01967,LHP0009
SV01970,LHP0009
SV01971,LHP0009
SV01972,LHP0009
SV01975,LHP0009
SV01976,LHP0009
SV01977,LHP0009
SV01979,LHP0009
SV01982,LHP0009
SV01983,LHP0009
SV01984,LHP0009
SV01985,LHP0009
SV00169,LHP0010
SV00173,LHP0010
SV00188,LHP0010
SV00189,LHP0010
SV00192,LHP0010
SV00193,LHP0010
SV00195,LHP0010
SV00199,LHP0010
SV00203,LHP0010
SV00204,LHP0010
SV00214,LHP0010
SV00216,LHP0010
SV00218,LHP0010
SV00220,LHP0010
SV00221,LHP0010
SV00222,LHP0010
SV00224,LHP0010
SV00225,LHP0010
SV00227,LHP0010
SV00230,LHP0010
SV00231,LHP0010
SV00232,LHP0010
SV00235,LHP0010
SV00236,LHP0010
SV00243,LHP0010
SV00252,LHP0010
SV00254,LHP0010
SV00255,LHP0010
SV00259,LHP0010
SV00262,LHP0010
SV00263,LHP0010
SV00265,LHP0010
SV00266,LHP0010
SV00267,LHP0010
SV00270,LHP0010
SV00271,LHP0010
SV00272,LHP0010
SV00276,LHP0010
SV00279,LHP0010
SV00293,LHP0010
SV00296,LHP0010
SV00298,LHP0010
SV00302,LHP0010
SV00309,LHP0010
SV00310,LHP0010
SV00316,LHP0010
SV00321,LHP0010
SV00335,LHP0010
SV00341,LHP0010
SV00342,LHP0010
SV00347,LHP0010
SV00355,LHP0010
SV00358,LHP0010
SV00359,LHP0010
SV00360,LHP0010
SV00539,LHP0011
SV00546,LHP0011
SV00560,LHP0011
SV00590,LHP0011
SV00608,LHP0011
SV00634,LHP0011
SV00653,LHP0011
SV00658,LHP0011
SV00670,LHP0011
SV00676,LHP0011
SV00696,LHP0011
SV00700,LHP0011
SV00714,LHP0011
SV00722,LHP0011
SV00742,LHP0011
SV00752,LHP0011
SV00756,LHP0011
SV00766,LHP0011
SV00768,LHP0011
SV00776,LHP0011
SV00781,LHP0011
SV00793,LHP0011
SV00794,LHP0011
SV00796,LHP0011
SV00801,LHP0011
SV00808,LHP0011
SV00820,LHP0011
SV00838,LHP0011
SV00839,LHP0011
SV00840,LHP0011
SV00842,LHP0011
SV00850,LHP0011
SV00856,LHP0011
SV00864,LHP0011
SV00866,LHP0011
SV00874,LHP0011
SV00875,LHP0011
SV00880,LHP0011
SV00881,LHP0011
SV00887,LHP0011
SV00892,LHP0011
SV00898,LHP0011
SV00901,LHP0011
SV00904,LHP0011
SV00906,LHP0011
SV00912,LHP0011
SV01148,LHP0012
SV01191,LHP0012
SV01193,LHP0012
SV01203,LHP0012
SV01229,LHP0012
SV01255,LHP0012
SV01256,LHP0012
SV01257,LHP0012
SV01259,LHP0012
SV01262,LHP0012
SV01265,LHP0012
SV01266,LHP0012
SV01267,LHP0012
SV01272,LHP0012
SV01274,LHP0012
SV01278,LHP0012
SV01279,LHP0012
SV01283,LHP0012
SV01284,LHP0012
SV01289,LHP0012
SV01290,LHP0012
SV01291,LHP0012
SV01292,LHP0012
SV01293,LHP0012
SV01295,LHP0012
SV01296,LHP0012
SV01297,LHP0012
SV01298,LHP0012
SV01300,LHP0012
SV01301,LHP0012
SV01303,LHP0012
SV01304,LHP0012
SV01305,LHP0012
SV01306,LHP0012
SV01307,LHP0012
SV01308,LHP0012
SV01309,LHP0012
SV01310,LHP0012
SV01311,LHP0012
SV01312,LHP0012
SV01313,LHP0012
SV01314,LHP0012
SV01315,LHP0012
SV01316,LHP0012
SV01317,LHP0012
SV01318,LHP0012
SV01319,LHP0012
SV01320,LHP0012
SV01321,LHP0012
SV01322,LHP0012
SV01323,LHP0012
SV01324,LHP0012
SV01325,LHP0012
SV01326,LHP0012
SV01327,LHP0012
SV01328,LHP0012
SV01329,LHP0012
SV01330,LHP0012
SV01331,LHP0012
SV01332,LHP0012
SV01333,LHP0012
SV01334,LHP0012
SV01335,LHP0012
SV01336,LHP0012
SV01337,LHP0012
SV01338,LHP0012
SV01339,LHP0012
SV01340,LHP0012
SV01341,LHP0012
SV01342,LHP0012
SV01343,LHP0012
SV01344,LHP0012
SV04134,LHP0013
SV04265,LHP0013
SV04282,LHP0013
SV04286,LHP0013
SV04288,LHP0013
SV04290,LHP0013
SV04313,LHP0013
SV04317,LHP0013
SV04353,LHP0013
SV04363,LHP0013
SV04365,LHP0013
SV04369,LHP0013
SV04390,LHP0013
SV04396,LHP0013
SV04400,LHP0013
SV04403,LHP0013
SV04409,LHP0013
SV04419,LHP0013
SV04421,LHP0013
SV04423,LHP0013
SV04424,LHP0013
SV04428,LHP0013
SV04429,LHP0013
SV04430,LHP0013
SV04434,LHP0013
SV04436,LHP0013
SV04439,LHP0013
SV04444,LHP0013
SV04445,LHP0013
SV04455,LHP0013
SV04459,LHP0013
SV04463,LHP0013
SV04472,LHP0013
SV04473,LHP0013
SV04477,LHP0013
SV04479,LHP0013
SV04481,LHP0013
SV04485,LHP0013
SV04488,LHP0013
SV04490,LHP0013
SV04500,LHP0013
SV04504,LHP0013
SV04508,LHP0013
SV04510,LHP0013
SV04514,LHP0013
SV04516,LHP0013
SV04522,LHP0013
SV04525,LHP0013
SV04529,LHP0013
SV04534,LHP0013
SV04536,LHP0013
SV04539,LHP0013
SV04543,LHP0013
SV04546,LHP0013
SV04548,LHP0013
SV04551,LHP0013
SV04553,LHP0013
SV04556,LHP0013
SV04558,LHP0013
SV04563,LHP0013
SV04568,LHP0013
SV04570,LHP0013
SV04571,LHP0013
SV04574,LHP0013
SV04585,LHP0013
SV04590,LHP0013
SV04595,LHP0013
SV03446,LHP0014
SV03904,LHP0014
SV04003,LHP0014
SV04022,LHP0014
SV04054,LHP0014
SV04057,LHP0014
SV04066,LHP0014
SV04068,LHP0014
SV04073,LHP0014
SV04100,LHP0014
SV04109,LHP0014
SV04116,LHP0014
SV04117,LHP0014
SV04125,LHP0014
SV04136,LHP0014
SV04137,LHP0014
SV04139,LHP0014
SV04145,LHP0014
SV04146,LHP0014
SV04154,LHP0014
SV04162,LHP0014
SV04167,LHP0014
SV04168,LHP0014
SV04173,LHP0014
SV04176,LHP0014
SV04177,LHP0014
SV04183,LHP0014
SV04184,LHP0014
SV04186,LHP0014
SV04193,LHP0014
SV04195,LHP0014
SV04199,LHP0014
SV04200,LHP0014
SV04201,LHP0014
SV04202,LHP0014
SV04210,LHP0014
SV04211,LHP0014
SV04212,LHP0014
SV04218,LHP0014
SV04225,LHP0014
SV04226,LHP0014
SV04228,LHP0014
SV04230,LHP0014
SV04233,LHP0014
SV04245,LHP0014
SV04246,LHP0014
SV04247,LHP0014
SV04251,LHP0014
SV04252,LHP0014
SV04253,LHP0014
SV04255,LHP0014
SV04263,LHP0014
SV04264,LHP0014
SV04266,LHP0014
SV04267,LHP0014
SV04271,LHP0014
SV04273,LHP0014
SV04276,LHP0014
SV04278,LHP0014
SV04280,LHP0014
SV04281,LHP0014
SV04283,LHP0014
SV04284,LHP0014
SV04285,LHP0014
SV04293,LHP0014
SV04294,LHP0014
SV04295,LHP0014
SV02425,LHP0015
SV02428,LHP0015
SV02429,LHP0015
SV02432,LHP0015
SV02436,LHP0015
SV02437,LHP0015
SV02441,LHP0015
SV02442,LHP0015
SV02443,LHP0015
SV02444,LHP0015
SV02445,LHP0015
SV02447,LHP0015
SV02448,LHP0015
SV02451,LHP0015
SV02452,LHP0015
SV02453,LHP0015
SV02454,LHP0015
SV02455,LHP0015
SV02457,LHP0015
SV02459,LHP0015
SV02463,LHP0015
SV02464,LHP0015
SV02466,LHP0015
SV02467,LHP0015
SV02468,LHP0015
SV02469,LHP0015
SV02470,LHP0015
SV02471,LHP0015
SV02472,LHP0015
SV02473,LHP0015
SV02474,LHP0015
SV02475,LHP0015
SV02476,LHP0015
SV02477,LHP0015
SV02478,LHP0015
SV02479,LHP0015
SV02480,LHP0015
SV02481,LHP0015
SV02482,LHP0015
SV02483,LHP0015
SV02484,LHP0015
SV02485,LHP0015
SV02486,LHP0015
SV02487,LHP0015
SV02488,LHP0015
SV02489,LHP0015
SV02490,LHP0015
SV02491,LHP0015
SV02492,LHP0015
SV02493,LHP0015
SV02494,LHP0015
SV02495,LHP0015
SV02496,LHP0015
SV02497,LHP0015
SV02498,LHP0015
SV02499,LHP0015
SV02500,LHP0015
SV02501,LHP0015
SV02502,LHP0015
SV02503,LHP0015
SV02504,LHP0015
SV02505,LHP0015
SV04342,LHP0016
SV04343,LHP0016
SV04344,LHP0016
SV04345,LHP0016
SV04346,LHP0016
SV04347,LHP0016
SV04348,LHP0016
SV04349,LHP0016
SV04350,LHP0016
SV04351,LHP0016
SV04352,LHP0016
SV04353,LHP0016
SV04354,LHP0016
SV04355,LHP0016
SV04356,LHP0016
SV04357,LHP0016
SV04358,LHP0016
SV04359,LHP0016
SV04360,LHP0016
SV04361,LHP0016
SV04362,LHP0016
SV04363,LHP0016
SV04364,LHP0016
SV04365,LHP0016
SV04366,LHP0016
SV04367,LHP0016
SV04368,LHP0016
SV04369,LHP0016
SV04370,LHP0016
SV04371,LHP0016
SV04372,LHP0016
SV04373,LHP0016
SV04374,LHP0016
SV04375,LHP0016
SV04376,LHP0016
SV04377,LHP0016
SV04378,LHP0016
SV04379,LHP0016
SV04380,LHP0016
SV04381,LHP0016
SV04382,LHP0016
SV04383,LHP0016
SV04384,LHP0016
SV04385,LHP0016
SV04386,LHP0016
SV04387,LHP0016
SV04388,LHP0016
SV04389,LHP0016
SV04390,LHP0016
SV04391,LHP0016
SV04392,LHP0016
SV04393,LHP0016
SV04394,LHP0016
SV04395,LHP0016
SV04396,LHP0016
SV03977,LHP0017
SV04085,LHP0017
SV04104,LHP0017
SV04158,LHP0017
SV04169,LHP0017
SV04209,LHP0017
SV04213,LHP0017
SV04228,LHP0017
SV04250,LHP0017
SV04258,LHP0017
SV04262,LHP0017
SV04267,LHP0017
SV04277,LHP0017
SV04285,LHP0017
SV04291,LHP0017
SV04299,LHP0017
SV04300,LHP0017
SV04302,LHP0017
SV04310,LHP0017
SV04312,LHP0017
SV04319,LHP0017
SV04337,LHP0017
SV04349,LHP0017
SV04350,LHP0017
SV04355,LHP0017
SV04362,LHP0017
SV04373,LHP0017
SV04382,LHP0017
SV04385,LHP0017
SV04391,LHP0017
SV04393,LHP0017
SV04395,LHP0017
SV02304,LHP0018
SV02305,LHP0018
SV02307,LHP0018
SV02319,LHP0018
SV02326,LHP0018
SV02329,LHP0018
SV02343,LHP0018
SV02349,LHP0018
SV02350,LHP0018
SV02352,LHP0018
SV02353,LHP0018
SV02355,LHP0018
SV02357,LHP0018
SV02359,LHP0018
SV02360,LHP0018
SV02362,LHP0018
SV02364,LHP0018
SV02369,LHP0018
SV02372,LHP0018
SV02373,LHP0018
SV02375,LHP0018
SV02377,LHP0018
SV02378,LHP0018
SV02381,LHP0018
SV02382,LHP0018
SV02384,LHP0018
SV02385,LHP0018
SV02386,LHP0018
SV02388,LHP0018
SV02390,LHP0018
SV02391,LHP0018
SV02392,LHP0018
SV02394,LHP0018
SV02395,LHP0018
SV02397,LHP0018
SV02398,LHP0018
SV02399,LHP0018
SV02401,LHP0018
SV02403,LHP0018
SV02404,LHP0018
SV02406,LHP0018
SV02407,LHP0018
SV02408,LHP0018
SV02409,LHP0018
SV02411,LHP0018
SV02415,LHP0018
SV02418,LHP0018
SV02419,LHP0018
SV02420,LHP0018
SV02421,LHP0018
SV01867,LHP0019
SV01873,LHP0019
SV01880,LHP0019
SV01882,LHP0019
SV01886,LHP0019
SV01887,LHP0019
SV01892,LHP0019
SV01897,LHP0019
SV01902,LHP0019
SV01907,LHP0019
SV01909,LHP0019
SV01912,LHP0019
SV01913,LHP0019
SV01915,LHP0019
SV01920,LHP0019
SV01921,LHP0019
SV01929,LHP0019
SV01933,LHP0019
SV01939,LHP0019
SV01940,LHP0019
SV01944,LHP0019
SV01946,LHP0019
SV01948,LHP0019
SV01956,LHP0019
SV01957,LHP0019
SV01960,LHP0019
SV01963,LHP0019
SV01965,LHP0019
SV01967,LHP0019
SV01969,LHP0019
SV01976,LHP0019
SV01978,LHP0019
SV01982,LHP0019
SV01984,LHP0019
SV01986,LHP0019
SV01988,LHP0019
SV01989,LHP0019
SV01992,LHP0019
SV01993,LHP0019
SV01994,LHP0019
SV01997,LHP0019
SV01999,LHP0019
SV02000,LHP0019
SV02001,LHP0019
SV02002,LHP0019
SV02003,LHP0019
SV01304,LHP0020
SV01309,LHP0020
SV01311,LHP0020
SV01325,LHP0020
SV01334,LHP0020
SV01351,LHP0020
SV01370,LHP0020
SV01372,LHP0020
SV01382,LHP0020
SV01385,LHP0020
SV01387,LHP0020
SV01388,LHP0020
SV01389,LHP0020
SV01390,LHP0020
SV01392,LHP0020
SV01395,LHP0020
SV01396,LHP0020
SV01398,LHP0020
SV01404,LHP0020
SV01406,LHP0020
SV01408,LHP0020
SV01410,LHP0020
SV01411,LHP0020
SV01412,LHP0020
SV01415,LHP0020
SV01416,LHP0020
SV01419,LHP0020
SV01422,LHP0020
SV01427,LHP0020
SV01430,LHP0020
SV01431,LHP0020
SV01436,LHP0020
SV01438,LHP0020
SV01439,LHP0020
SV01441,LHP0020
SV01442,LHP0020
SV01449,LHP0020
SV01450,LHP0020
SV01454,LHP0020
SV01455,LHP0020
SV01457,LHP0020
SV01462,LHP0020
SV01463,LHP0020
SV01465,LHP0020
SV01467,LHP0020
SV01469,LHP0020
SV01472,LHP0020
SV01473,LHP0020
SV01477,LHP0020
SV01482,LHP0020
SV01483,LHP0020
SV01484,LHP0020
SV01486,LHP0020
SV01487,LHP0020
SV01491,LHP0020
SV01492,LHP0020
SV01493,LHP0020
SV01501,LHP0020
SV01508,LHP0020
SV01510,LHP0020
SV01512,LHP0020
SV01513,LHP0020
SV01516,LHP0020
SV01517,LHP0020
SV01521,LHP0020
SV01524,LHP0020
SV01530,LHP0020
SV01531,LHP0020
SV01532,LHP0020
SV01533,LHP0020
SV01534,LHP0020
SV01535,LHP0020
SV01536,LHP0020
SV01537,LHP0020
SV01538,LHP0020
SV01539,LHP0020
SV01540,LHP0020
SV01541,LHP0020
SV02380,LHP0021
SV02398,LHP0021
SV02399,LHP0021
SV02403,LHP0021
SV02406,LHP0021
SV02424,LHP0021
SV02425,LHP0021
SV02430,LHP0021
SV02434,LHP0021
SV02443,LHP0021
SV02444,LHP0021
SV02447,LHP0021
SV02448,LHP0021
SV02451,LHP0021
SV02452,LHP0021
SV02453,LHP0021
SV02454,LHP0021
SV02455,LHP0021
SV02456,LHP0021
SV02457,LHP0021
SV02458,LHP0021
SV02459,LHP0021
SV02460,LHP0021
SV02461,LHP0021
SV02462,LHP0021
SV02463,LHP0021
SV02464,LHP0021
SV02465,LHP0021
SV02466,LHP0021
SV02467,LHP0021
SV02468,LHP0021
SV02469,LHP0021
SV02470,LHP0021
SV02471,LHP0021
SV02472,LHP0021
SV02473,LHP0021
SV02381,LHP0022
SV02385,LHP0022
SV02389,LHP0022
SV02390,LHP0022
SV02398,LHP0022
SV02401,LHP0022
SV02403,LHP0022
SV02404,LHP0022
SV02405,LHP0022
SV02406,LHP0022
SV02407,LHP0022
SV02419,LHP0022
SV02425,LHP0022
SV02427,LHP0022
SV02429,LHP0022
SV02431,LHP0022
SV02432,LHP0022
SV02433,LHP0022
SV02434,LHP0022
SV02437,LHP0022
SV02438,LHP0022
SV02441,LHP0022
SV02443,LHP0022
SV02444,LHP0022
SV02446,LHP0022
SV02449,LHP0022
SV02450,LHP0022
SV02455,LHP0022
SV02456,LHP0022
SV02458,LHP0022
SV02459,LHP0022
SV02461,LHP0022
SV02462,LHP0022
SV02463,LHP0022
SV02886,LHP0023
SV03141,LHP0023
SV03386,LHP0023
SV03433,LHP0023
SV03446,LHP0023
SV03468,LHP0023
SV03494,LHP0023
SV03555,LHP0023
SV03572,LHP0023
SV03593,LHP0023
SV03638,LHP0023
SV03639,LHP0023
SV03640,LHP0023
SV03655,LHP0023
SV03662,LHP0023
SV03677,LHP0023
SV03686,LHP0023
SV03689,LHP0023
SV03694,LHP0023
SV03695,LHP0023
SV03728,LHP0023
SV03797,LHP0023
SV03851,LHP0023
SV03857,LHP0023
SV03867,LHP0023
SV03869,LHP0023
SV03871,LHP0023
SV03872,LHP0023
SV03873,LHP0023
SV03875,LHP0023
SV03882,LHP0023
SV03883,LHP0023
SV03889,LHP0023
SV03898,LHP0023
SV03910,LHP0023
SV03914,LHP0023
SV03917,LHP0023
SV03922,LHP0023
SV03924,LHP0023
SV03926,LHP0023
SV03933,LHP0023
SV03934,LHP0023
SV03939,LHP0023
SV03942,LHP0023
SV03946,LHP0023
SV03951,LHP0023
SV03957,LHP0023
SV03961,LHP0023
SV03966,LHP0023
SV03969,LHP0023
SV03973,LHP0023
SV03975,LHP0023
SV03980,LHP0023
SV03983,LHP0023
SV03985,LHP0023
SV03994,LHP0023
SV03996,LHP0023
SV03997,LHP0023
SV03998,LHP0023
SV04004,LHP0023
SV04006,LHP0023
SV04009,LHP0023
SV04010,LHP0023
SV04012,LHP0023
SV04013,LHP0023
SV04014,LHP0023
SV04018,LHP0023
SV04020,LHP0023
SV04024,LHP0023
SV04031,LHP0023
SV04041,LHP0023
SV04051,LHP0023
SV04053,LHP0023
SV04055,LHP0023
SV04056,LHP0023
SV03927,LHP0024
SV03928,LHP0024
SV03929,LHP0024
SV03930,LHP0024
SV03931,LHP0024
SV03932,LHP0024
SV03933,LHP0024
SV03934,LHP0024
SV03935,LHP0024
SV03936,LHP0024
SV03937,LHP0024
SV03938,LHP0024
SV03939,LHP0024
SV03940,LHP0024
SV03941,LHP0024
SV03942,LHP0024
SV03943,LHP0024
SV03944,LHP0024
SV03945,LHP0024
SV03946,LHP0024
SV03947,LHP0024
SV03948,LHP0024
SV03949,LHP0024
SV03950,LHP0024
SV03951,LHP0024
SV03952,LHP0024
SV03953,LHP0024
SV03954,LHP0024
SV03955,LHP0024
SV03956,LHP0024
SV02559,LHP0025
SV02886,LHP0025
SV02917,LHP0025
SV02937,LHP0025
SV02992,LHP0025
SV02998,LHP0025
SV03010,LHP0025
SV03018,LHP0025
SV03041,LHP0025
SV03049,LHP0025
SV03075,LHP0025
SV03113,LHP0025
SV03135,LHP0025
SV03155,LHP0025
SV03159,LHP0025
SV03174,LHP0025
SV03178,LHP0025
SV03190,LHP0025
SV03225,LHP0025
SV03227,LHP0025
SV03239,LHP0025
SV03250,LHP0025
SV03265,LHP0025
SV03272,LHP0025
SV03281,LHP0025
SV03282,LHP0025
SV03293,LHP0025
SV03300,LHP0025
SV03306,LHP0025
SV03308,LHP0025
SV03313,LHP0025
SV03349,LHP0025
SV03351,LHP0025
SV03375,LHP0025
SV03384,LHP0025
SV03388,LHP0025
SV03395,LHP0025
SV03399,LHP0025
SV01365,LHP0026
SV01392,LHP0026
SV01414,LHP0026
SV01430,LHP0026
SV01465,LHP0026
SV01477,LHP0026
SV01501,LHP0026
SV01511,LHP0026
SV01517,LHP0026
SV01525,LHP0026
SV01545,LHP0026
SV01556,LHP0026
SV01558,LHP0026
SV01561,LHP0026
SV01567,LHP0026
SV01569,LHP0026
SV01573,LHP0026
SV01577,LHP0026
SV01583,LHP0026
SV01584,LHP0026
SV01585,LHP0026
SV01588,LHP0026
SV01598,LHP0026
SV01600,LHP0026
SV01602,LHP0026
SV01608,LHP0026
SV01609,LHP0026
SV01610,LHP0026
SV01613,LHP0026
SV01617,LHP0026
SV01628,LHP0026
SV01629,LHP0026
SV01630,LHP0026
SV01633,LHP0026
SV01634,LHP0026
SV01635,LHP0026
SV01637,LHP0026
SV01638,LHP0026
SV01646,LHP0026
SV01654,LHP0026
SV01656,LHP0026
SV01660,LHP0026
SV01662,LHP0026
SV01665,LHP0026
SV01666,LHP0026
SV01667,LHP0026
SV01669,LHP0026
SV00417,LHP0027
SV00512,LHP0027
SV00720,LHP0027
SV00721,LHP0027
SV00722,LHP0027
SV00723,LHP0027
SV00724,LHP0027
SV00725,LHP0027
SV00727,LHP0027
SV00728,LHP0027
SV00729,LHP0027
SV00730,LHP0027
SV00731,LHP0027
SV00732,LHP0027
SV00733,LHP0027
SV00734,LHP0027
SV00735,LHP0027
SV00736,LHP0027
SV00738,LHP0027
SV00739,LHP0027
SV00740,LHP0027
SV00741,LHP0027
SV00742,LHP0027
SV00743,LHP0027
SV00744,LHP0027
SV00745,LHP0027
SV00746,LHP0027
SV00747,LHP0027
SV00748,LHP0027
SV00749,LHP0027
SV00750,LHP0027
SV00751,LHP0027
SV00752,LHP0027
SV00753,LHP0027
SV00754,LHP0027
SV00755,LHP0027
SV00756,LHP0027
SV00757,LHP0027
SV00758,LHP0027
SV00759,LHP0027
SV00760,LHP0027
SV00761,LHP0027
SV00762,LHP0027
SV00763,LHP0027
SV00764,LHP0027
SV00765,LHP0027
SV00766,LHP0027
SV00767,LHP0027
SV00768,LHP0027
SV00769,LHP0027
SV00770,LHP0027
SV00771,LHP0027
SV00772,LHP0027
SV00773,LHP0027
SV00774,LHP0027
SV00775,LHP0027
SV00776,LHP0027
SV00777,LHP0027
SV00778,LHP0027
SV00779,LHP0027
SV00780,LHP0027
SV00781,LHP0027
SV02560,LHP0028
SV02563,LHP0028
SV02566,LHP0028
SV02570,LHP0028
SV02577,LHP0028
SV02592,LHP0028
SV02594,LHP0028
SV02595,LHP0028
SV02597,LHP0028
SV02620,LHP0028
SV02628,LHP0028
SV02648,LHP0028
SV02659,LHP0028
SV02692,LHP0028
SV02693,LHP0028
SV02695,LHP0028
SV02706,LHP0028
SV02713,LHP0028
SV02715,LHP0028
SV02722,LHP0028
SV02726,LHP0028
SV02727,LHP0028
SV02734,LHP0028
SV02735,LHP0028
SV02740,LHP0028
SV02741,LHP0028
SV02750,LHP0028
SV02762,LHP0028
SV02767,LHP0028
SV02778,LHP0028
SV02781,LHP0028
SV02785,LHP0028
SV02787,LHP0028
SV02790,LHP0028
SV02792,LHP0028
SV02804,LHP0028
SV02805,LHP0028
SV02827,LHP0028
SV02840,LHP0028
SV02843,LHP0028
SV02846,LHP0028
SV02848,LHP0028
SV02849,LHP0028
SV02850,LHP0028
SV02851,LHP0028
SV02852,LHP0028
SV02853,LHP0028
SV02854,LHP0028
SV02856,LHP0028
SV02859,LHP0028
SV02860,LHP0028
SV02861,LHP0028
SV02862,LHP0028
SV02864,LHP0028
SV02865,LHP0028
SV02867,LHP0028
SV02869,LHP0028
SV02870,LHP0028
SV02871,LHP0028
SV02872,LHP0028
SV02873,LHP0028
SV02875,LHP0028
SV02877,LHP0028
SV02878,LHP0028
SV02879,LHP0028
SV02880,LHP0028
SV02881,LHP0028
SV02882,LHP0028
SV02883,LHP0028
SV02884,LHP0028
SV02898,LHP0029
SV03020,LHP0029
SV03186,LHP0029
SV03188,LHP0029
SV03230,LHP0029
SV03254,LHP0029
SV03286,LHP0029
SV03330,LHP0029
SV03347,LHP0029
SV03380,LHP0029
SV03403,LHP0029
SV03407,LHP0029
SV03408,LHP0029
SV03421,LHP0029
SV03423,LHP0029
SV03424,LHP0029
SV03426,LHP0029
SV03427,LHP0029
SV03428,LHP0029
SV03430,LHP0029
SV03432,LHP0029
SV03436,LHP0029
SV03444,LHP0029
SV03448,LHP0029
SV03450,LHP0029
SV03459,LHP0029
SV03464,LHP0029
SV03466,LHP0029
SV03468,LHP0029
SV03471,LHP0029
SV03472,LHP0029
SV03473,LHP0029
SV03477,LHP0029
SV03479,LHP0029
SV03480,LHP0029
SV03482,LHP0029
SV03491,LHP0029
SV03493,LHP0029
SV03494,LHP0029
SV03495,LHP0029
SV03496,LHP0029
SV03497,LHP0029
SV03500,LHP0029
SV03507,LHP0029
SV03510,LHP0029
SV03512,LHP0029
SV03514,LHP0029
SV03517,LHP0029
SV03518,LHP0029
SV03520,LHP0029
SV03521,LHP0029
SV03522,LHP0029
SV03527,LHP0029
SV03529,LHP0029
SV03533,LHP0029
SV03535,LHP0029
SV03539,LHP0029
SV03540,LHP0029
SV03544,LHP0029
SV03548,LHP0029
SV03551,LHP0029
SV03554,LHP0029
SV03555,LHP0029
SV03557,LHP0029
SV03559,LHP0029
SV03564,LHP0029
SV03568,LHP0029
SV03569,LHP0029
SV03585,LHP0029
SV03588,LHP0029
SV00214,LHP0030
SV00243,LHP0030
SV00247,LHP0030
SV00249,LHP0030
SV00251,LHP0030
SV00263,LHP0030
SV00380,LHP0030
SV00399,LHP0030
SV00425,LHP0030
SV00426,LHP0030
SV00429,LHP0030
SV00430,LHP0030
SV00431,LHP0030
SV00435,LHP0030
SV00436,LHP0030
SV00438,LHP0030
SV00440,LHP0030
SV00444,LHP0030
SV00445,LHP0030
SV00446,LHP0030
SV00447,LHP0030
SV00450,LHP0030
SV00453,LHP0030
SV00454,LHP0030
SV00458,LHP0030
SV00460,LHP0030
SV00465,LHP0030
SV00467,LHP0030
SV00474,LHP0030
SV00475,LHP0030
SV00480,LHP0030
SV00494,LHP0030
SV00495,LHP0030
SV00500,LHP0030
SV00501,LHP0030
SV00502,LHP0030
SV00504,LHP0030
SV00506,LHP0030
SV00508,LHP0030
SV00518,LHP0030
SV00520,LHP0030
SV00522,LHP0030
SV00523,LHP0030
SV00525,LHP0030
SV00526,LHP0030
SV00527,LHP0030
SV00530,LHP0030
SV00531,LHP0030
SV00533,LHP0030
SV00534,LHP0030
SV00535,LHP0030
SV00537,LHP0030
SV00538,LHP0030
SV00540,LHP0030
SV00541,LHP0030
SV00545,LHP0030
SV00551,LHP0030
SV00553,LHP0030
SV00554,LHP0030
SV00556,LHP0030
SV00557,LHP0030
SV00558,LHP0030
SV00563,LHP0030
SV00565,LHP0030
SV00566,LHP0030
SV01951,LHP0031
SV01995,LHP0031
SV02004,LHP0031
SV02014,LHP0031
SV02015,LHP0031
SV02016,LHP0031
SV02018,LHP0031
SV02019,LHP0031
SV02020,LHP0031
SV02021,LHP0031
SV02023,LHP0031
SV02026,LHP0031
SV02027,LHP0031
SV02028,LHP0031
SV02030,LHP0031
SV02031,LHP0031
SV02033,LHP0031
SV02035,LHP0031
SV02036,LHP0031
SV02037,LHP0031
SV02038,LHP0031
SV02039,LHP0031
SV02041,LHP0031
SV02044,LHP0031
SV02046,LHP0031
SV02048,LHP0031
SV02050,LHP0031
SV02051,LHP0031
SV02052,LHP0031
SV02053,LHP0031
SV02054,LHP0031
SV02055,LHP0031
SV02056,LHP0031
SV02057,LHP0031
SV02059,LHP0031
SV02060,LHP0031
SV02063,LHP0031
SV02065,LHP0031
SV02067,LHP0031
SV02070,LHP0031
SV02073,LHP0031
SV02075,LHP0031
SV02076,LHP0031
SV02077,LHP0031
SV02078,LHP0031
SV02081,LHP0031
SV02082,LHP0031
SV02089,LHP0031
SV02090,LHP0031
SV02092,LHP0031
SV02102,LHP0031
SV02106,LHP0031
SV02114,LHP0031
SV02115,LHP0031
SV02116,LHP0031
SV02117,LHP0031
SV02119,LHP0031
SV02120,LHP0031
SV02123,LHP0031
SV02125,LHP0031
SV02126,LHP0031
SV02129,LHP0031
SV02130,LHP0031
SV02131,LHP0031
SV00661,LHP0032
SV00695,LHP0032
SV00741,LHP0032
SV00743,LHP0032
SV00745,LHP0032
SV00747,LHP0032
SV00750,LHP0032
SV00751,LHP0032
SV00755,LHP0032
SV00757,LHP0032
SV00759,LHP0032
SV00762,LHP0032
SV00763,LHP0032
SV00771,LHP0032
SV00783,LHP0032
SV00787,LHP0032
SV00791,LHP0032
SV00792,LHP0032
SV00794,LHP0032
SV00796,LHP0032
SV00797,LHP0032
SV00798,LHP0032
SV00802,LHP0032
SV00806,LHP0032
SV00810,LHP0032
SV00816,LHP0032
SV00818,LHP0032
SV00819,LHP0032
SV00824,LHP0032
SV00827,LHP0032
SV00828,LHP0032
SV00830,LHP0032
SV00832,LHP0032
SV00834,LHP0032
SV00835,LHP0032
SV00853,LHP0032
SV00857,LHP0032
SV00858,LHP0032
SV02557,LHP0033
SV02576,LHP0033
SV02578,LHP0033
SV02628,LHP0033
SV02864,LHP0033
SV02891,LHP0033
SV02898,LHP0033
SV02913,LHP0033
SV02918,LHP0033
SV02930,LHP0033
SV02939,LHP0033
SV02947,LHP0033
SV02948,LHP0033
SV02955,LHP0033
SV02968,LHP0033
SV02983,LHP0033
SV02986,LHP0033
SV02993,LHP0033
SV02994,LHP0033
SV03004,LHP0033
SV03011,LHP0033
SV03015,LHP0033
SV03025,LHP0033
SV03030,LHP0033
SV03038,LHP0033
SV03040,LHP0033
SV03043,LHP0033
SV03046,LHP0033
SV03047,LHP0033
SV03057,LHP0033
SV03091,LHP0033
SV03100,LHP0033
SV03104,LHP0033
SV03108,LHP0033
SV03109,LHP0033
SV03118,LHP0033
SV03131,LHP0033
SV03135,LHP0033
SV03136,LHP0033
SV03142,LHP0033
SV03146,LHP0033
SV03147,LHP0033
SV03149,LHP0033
SV03152,LHP0033
SV03155,LHP0033
SV03157,LHP0033
SV03164,LHP0033
SV03172,LHP0033
SV03174,LHP0033
SV03177,LHP0033
SV03181,LHP0033
SV03184,LHP0033
SV03535,LHP0034
SV03536,LHP0034
SV03537,LHP0034
SV03538,LHP0034
SV03539,LHP0034
SV03540,LHP0034
SV03541,LHP0034
SV03542,LHP0034
SV03543,LHP0034
SV03544,LHP0034
SV03545,LHP0034
SV03546,LHP0034
SV03547,LHP0034
SV03548,LHP0034
SV03549,LHP0034
SV03550,LHP0034
SV03551,LHP0034
SV03552,LHP0034
SV03553,LHP0034
SV03554,LHP0034
SV03555,LHP0034
SV03556,LHP0034
SV03557,LHP0034
SV03558,LHP0034
SV03559,LHP0034
SV03560,LHP0034
SV03561,LHP0034
SV03562,LHP0034
SV03563,LHP0034
SV03564,LHP0034
SV03565,LHP0034
SV03566,LHP0034
SV03567,LHP0034
SV03568,LHP0034
SV03569,LHP0034
SV03570,LHP0034
SV03571,LHP0034
SV03572,LHP0034
SV03573,LHP0034
SV03574,LHP0034
SV03575,LHP0034
SV03576,LHP0034
SV03577,LHP0034
SV03578,LHP0034
SV03579,LHP0034
SV03580,LHP0034
SV03581,LHP0034
SV03582,LHP0034
SV03583,LHP0034
SV03584,LHP0034
SV03585,LHP0034
SV03586,LHP0034
SV03587,LHP0034
SV03588,LHP0034
SV03589,LHP0034
SV03590,LHP0034
SV00100,LHP0035
SV00161,LHP0035
SV00162,LHP0035
SV00201,LHP0035
SV00229,LHP0035
SV00238,LHP0035
SV00247,LHP0035
SV00264,LHP0035
SV00281,LHP0035
SV00347,LHP0035
SV00348,LHP0035
SV00350,LHP0035
SV00351,LHP0035
SV00353,LHP0035
SV00361,LHP0035
SV00362,LHP0035
SV00364,LHP0035
SV00367,LHP0035
SV00368,LHP0035
SV00370,LHP0035
SV00373,LHP0035
SV00374,LHP0035
SV00376,LHP0035
SV00379,LHP0035
SV00380,LHP0035
SV00387,LHP0035
SV00388,LHP0035
SV00394,LHP0035
SV00398,LHP0035
SV00399,LHP0035
SV00409,LHP0035
SV00410,LHP0035
SV00414,LHP0035
SV00417,LHP0035
SV00418,LHP0035
SV00420,LHP0035
SV00424,LHP0035
SV00425,LHP0035
SV00426,LHP0035
SV00427,LHP0035
SV03782,LHP0036
SV03801,LHP0036
SV03804,LHP0036
SV03835,LHP0036
SV03957,LHP0036
SV03958,LHP0036
SV03959,LHP0036
SV03960,LHP0036
SV03961,LHP0036
SV03962,LHP0036
SV03963,LHP0036
SV03964,LHP0036
SV03965,LHP0036
SV03966,LHP0036
SV03967,LHP0036
SV03968,LHP0036
SV03969,LHP0036
SV03970,LHP0036
SV03971,LHP0036
SV03972,LHP0036
SV03973,LHP0036
SV03974,LHP0036
SV03975,LHP0036
SV03976,LHP0036
SV03977,LHP0036
SV03978,LHP0036
SV03979,LHP0036
SV03980,LHP0036
SV03981,LHP0036
SV03982,LHP0036
SV03983,LHP0036
SV03984,LHP0036
SV03985,LHP0036
SV03986,LHP0036
SV03987,LHP0036
SV03988,LHP0036
SV03989,LHP0036
SV03990,LHP0036
SV03991,LHP0036
SV03992,LHP0036
SV03993,LHP0036
SV03131,LHP0037
SV03165,LHP0037
SV03251,LHP0037
SV03708,LHP0037
SV03709,LHP0037
SV03728,LHP0037
SV03733,LHP0037
SV03735,LHP0037
SV03736,LHP0037
SV03754,LHP0037
SV03758,LHP0037
SV03759,LHP0037
SV03762,LHP0037
SV03772,LHP0037
SV03774,LHP0037
SV03775,LHP0037
SV03781,LHP0037
SV03782,LHP0037
SV03783,LHP0037
SV03784,LHP0037
SV03785,LHP0037
SV03786,LHP0037
SV03787,LHP0037
SV03788,LHP0037
SV03789,LHP0037
SV03790,LHP0037
SV03791,LHP0037
SV03792,LHP0037
SV03793,LHP0037
SV03794,LHP0037
SV03795,LHP0037
SV03796,LHP0037
SV03797,LHP0037
SV03798,LHP0037
SV03799,LHP0037
SV03800,LHP0037
SV03801,LHP0037
SV03802,LHP0037
SV03803,LHP0037
SV03804,LHP0037
SV03805,LHP0037
SV03806,LHP0037
SV03807,LHP0037
SV03808,LHP0037
SV03809,LHP0037
SV03810,LHP0037
SV03811,LHP0037
SV00529,LHP0038
SV00688,LHP0038
SV00720,LHP0038
SV00745,LHP0038
SV00746,LHP0038
SV00751,LHP0038
SV00758,LHP0038
SV00776,LHP0038
SV00806,LHP0038
SV00828,LHP0038
SV00848,LHP0038
SV00854,LHP0038
SV00876,LHP0038
SV00881,LHP0038
SV00897,LHP0038
SV00908,LHP0038
SV00916,LHP0038
SV00929,LHP0038
SV00933,LHP0038
SV00934,LHP0038
SV00935,LHP0038
SV00936,LHP0038
SV00937,LHP0038
SV00939,LHP0038
SV00943,LHP0038
SV00945,LHP0038
SV00946,LHP0038
SV00947,LHP0038
SV00948,LHP0038
SV00951,LHP0038
SV00955,LHP0038
SV00956,LHP0038
SV00957,LHP0038
SV00966,LHP0038
SV00968,LHP0038
SV00970,LHP0038
SV00978,LHP0038
SV00984,LHP0038
SV00986,LHP0038
SV00989,LHP0038
SV00990,LHP0038
SV00994,LHP0038
SV00995,LHP0038
SV00998,LHP0038
SV01001,LHP0038
SV01007,LHP0038
SV01008,LHP0038
SV01011,LHP0038
SV01012,LHP0038
SV01013,LHP0038
SV01014,LHP0038
SV01016,LHP0038
SV01019,LHP0038
SV01021,LHP0038
SV01022,LHP0038
SV01023,LHP0038
SV01025,LHP0038
SV01027,LHP0038
SV01031,LHP0038
SV01032,LHP0038
SV00198,LHP0039
SV00199,LHP0039
SV00200,LHP0039
SV00201,LHP0039
SV00202,LHP0039
SV00203,LHP0039
SV00204,LHP0039
SV00205,LHP0039
SV00206,LHP0039
SV00207,LHP0039
SV00208,LHP0039
SV00209,LHP0039
SV00210,LHP0039
SV00211,LHP0039
SV00212,LHP0039
SV00213,LHP0039
SV00214,LHP0039
SV00215,LHP0039
SV00216,LHP0039
SV00217,LHP0039
SV00218,LHP0039
SV00219,LHP0039
SV00220,LHP0039
SV00221,LHP0039
SV00222,LHP0039
SV00223,LHP0039
SV00224,LHP0039
SV00225,LHP0039
SV00226,LHP0039
SV00227,LHP0039
SV00228,LHP0039
SV00229,LHP0039
SV00230,LHP0039
SV00231,LHP0039
SV00232,LHP0039
SV00233,LHP0039
SV00234,LHP0039
SV00235,LHP0039
SV00236,LHP0039
SV00237,LHP0039
SV00238,LHP0039
SV00239,LHP0039
SV00240,LHP0039
SV00241,LHP0039
SV00242,LHP0039
SV00243,LHP0039
SV00244,LHP0039
SV00245,LHP0039
SV00246,LHP0039
SV00247,LHP0039
SV00248,LHP0039
SV00249,LHP0039
SV00250,LHP0039
SV00251,LHP0039
SV00252,LHP0039
SV00253,LHP0039
SV00254,LHP0039
SV00255,LHP0039
SV00256,LHP0039
SV00257,LHP0039
SV00258,LHP0039
SV00259,LHP0039
SV00260,LHP0039
SV00261,LHP0039
SV00262,LHP0039
SV00263,LHP0039
SV00264,LHP0039
SV00265,LHP0039
SV00266,LHP0039
SV00267,LHP0039
SV00268,LHP0039
SV00269,LHP0039
SV00270,LHP0039
SV00271,LHP0039
SV00272,LHP0039
SV00273,LHP0039
SV00274,LHP0039
SV00275,LHP0039
SV00276,LHP0039
SV00277,LHP0039
SV02480,LHP0040
SV02515,LHP0040
SV02528,LHP0040
SV02629,LHP0040
SV02632,LHP0040
SV02651,LHP0040
SV02652,LHP0040
SV02659,LHP0040
SV02661,LHP0040
SV02698,LHP0040
SV02705,LHP0040
SV02712,LHP0040
SV02714,LHP0040
SV02715,LHP0040
SV02727,LHP0040
SV02736,LHP0040
SV02737,LHP0040
SV02739,LHP0040
SV02744,LHP0040
SV02749,LHP0040
SV02752,LHP0040
SV02755,LHP0040
SV02757,LHP0040
SV02759,LHP0040
SV02772,LHP0040
SV02773,LHP0040
SV02774,LHP0040
SV02780,LHP0040
SV02783,LHP0040
SV02789,LHP0040
SV02792,LHP0040
SV02793,LHP0040
SV02796,LHP0040
SV02797,LHP0040
SV02799,LHP0040
SV02800,LHP0040
SV02803,LHP0040
SV02804,LHP0040
SV02807,LHP0040
SV02808,LHP0040
SV02811,LHP0040
SV02813,LHP0040
SV02814,LHP0040
SV02815,LHP0040
SV02818,LHP0040
SV02820,LHP0040
SV02822,LHP0040
SV02823,LHP0040
SV02833,LHP0040
SV02838,LHP0040
SV02839,LHP0040
SV03994,LHP0041
SV03995,LHP0041
SV03996,LHP0041
SV03997,LHP0041
SV03998,LHP0041
SV03999,LHP0041
SV04000,LHP0041
SV04001,LHP0041
SV04002,LHP0041
SV04003,LHP0041
SV04004,LHP0041
SV04005,LHP0041
SV04006,LHP0041
SV04007,LHP0041
SV04008,LHP0041
SV04009,LHP0041
SV04010,LHP0041
SV04011,LHP0041
SV04012,LHP0041
SV04013,LHP0041
SV04014,LHP0041
SV04015,LHP0041
SV04016,LHP0041
SV04017,LHP0041
SV04018,LHP0041
SV04019,LHP0041
SV04020,LHP0041
SV04021,LHP0041
SV04022,LHP0041
SV04023,LHP0041
SV04024,LHP0041
SV04025,LHP0041
SV04026,LHP0041
SV04027,LHP0041
SV04028,LHP0041
SV04029,LHP0041
SV04030,LHP0041
SV04031,LHP0041
SV04032,LHP0041
SV04033,LHP0041
SV04034,LHP0041
SV04035,LHP0041
SV04036,LHP0041
SV04037,LHP0041
SV04038,LHP0041
SV04039,LHP0041
SV04040,LHP0041
SV04041,LHP0041
SV04042,LHP0041
SV04043,LHP0041
SV04044,LHP0041
SV04045,LHP0041
SV04046,LHP0041
SV04047,LHP0041
SV04048,LHP0041
SV04049,LHP0041
SV04050,LHP0041
SV04051,LHP0041
SV04052,LHP0041
SV04053,LHP0041
SV04054,LHP0041
SV04055,LHP0041
SV04056,LHP0041
SV04057,LHP0041
SV04058,LHP0041
SV04059,LHP0041
SV04060,LHP0041
SV04061,LHP0041
SV04062,LHP0041
SV04063,LHP0041
SV04064,LHP0041
SV02565,LHP0042
SV02577,LHP0042
SV02602,LHP0042
SV02603,LHP0042
SV02609,LHP0042
SV02616,LHP0042
SV02621,LHP0042
SV02658,LHP0042
SV02660,LHP0042
SV02666,LHP0042
SV02671,LHP0042
SV02695,LHP0042
SV02702,LHP0042
SV02710,LHP0042
SV02716,LHP0042
SV02728,LHP0042
SV02729,LHP0042
SV02733,LHP0042
SV02764,LHP0042
SV02777,LHP0042
SV02787,LHP0042
SV02790,LHP0042
SV02796,LHP0042
SV02797,LHP0042
SV02800,LHP0042
SV02801,LHP0042
SV02804,LHP0042
SV02810,LHP0042
SV02811,LHP0042
SV02817,LHP0042
SV02826,LHP0042
SV02203,LHP0043
SV02217,LHP0043
SV02262,LHP0043
SV02264,LHP0043
SV02266,LHP0043
SV02282,LHP0043
SV02286,LHP0043
SV02288,LHP0043
SV02300,LHP0043
SV02301,LHP0043
SV02328,LHP0043
SV02329,LHP0043
SV02330,LHP0043
SV02331,LHP0043
SV02332,LHP0043
SV02333,LHP0043
SV02334,LHP0043
SV02335,LHP0043
SV02336,LHP0043
SV02337,LHP0043
SV02338,LHP0043
SV02339,LHP0043
SV02340,LHP0043
SV02341,LHP0043
SV02342,LHP0043
SV02343,LHP0043
SV02344,LHP0043
SV02345,LHP0043
SV02346,LHP0043
SV02347,LHP0043
SV02348,LHP0043
SV02349,LHP0043
SV00064,LHP0044
SV00073,LHP0044
SV00075,LHP0044
SV00086,LHP0044
SV00090,LHP0044
SV00092,LHP0044
SV00094,LHP0044
SV00101,LHP0044
SV00110,LHP0044
SV00111,LHP0044
SV00137,LHP0044
SV00139,LHP0044
SV00144,LHP0044
SV00148,LHP0044
SV00155,LHP0044
SV00163,LHP0044
SV00166,LHP0044
SV00167,LHP0044
SV00169,LHP0044
SV00171,LHP0044
SV00181,LHP0044
SV00182,LHP0044
SV00186,LHP0044
SV00189,LHP0044
SV00195,LHP0044
SV00200,LHP0044
SV00209,LHP0044
SV00213,LHP0044
SV00225,LHP0044
SV00230,LHP0044
SV00235,LHP0044
SV00237,LHP0044
SV00249,LHP0044
SV00250,LHP0044
SV00257,LHP0044
SV00259,LHP0044
SV00262,LHP0044
SV00263,LHP0044
SV00265,LHP0044
SV00270,LHP0044
SV00271,LHP0044
SV00273,LHP0044
SV00276,LHP0044
SV00283,LHP0044
SV00285,LHP0044
SV00286,LHP0044
SV00288,LHP0044
SV00289,LHP0044
SV00292,LHP0044
SV00296,LHP0044
SV00299,LHP0044
SV00306,LHP0044
SV00320,LHP0044
SV00322,LHP0044
SV00325,LHP0044
SV00343,LHP0044
SV00345,LHP0044
SV04084,LHP0045
SV04109,LHP0045
SV04178,LHP0045
SV04235,LHP0045
SV04249,LHP0045
SV04250,LHP0045
SV04251,LHP0045
SV04263,LHP0045
SV04266,LHP0045
SV04271,LHP0045
SV04275,LHP0045
SV04279,LHP0045
SV04287,LHP0045
SV04304,LHP0045
SV04324,LHP0045
SV04328,LHP0045
SV04336,LHP0045
SV04337,LHP0045
SV04338,LHP0045
SV04342,LHP0045
SV04349,LHP0045
SV04352,LHP0045
SV04360,LHP0045
SV04364,LHP0045
SV04368,LHP0045
SV04374,LHP0045
SV04377,LHP0045
SV04379,LHP0045
SV04384,LHP0045
SV04386,LHP0045
SV04388,LHP0045
SV04390,LHP0045
SV04393,LHP0045
SV04400,LHP0045
SV04403,LHP0045
SV04404,LHP0045
SV04405,LHP0045
SV04413,LHP0045
SV04416,LHP0045
SV04418,LHP0045
SV04420,LHP0045
SV04428,LHP0045
SV00401,LHP0046
SV00437,LHP0046
SV00488,LHP0046
SV00498,LHP0046
SV00507,LHP0046
SV00509,LHP0046
SV00516,LHP0046
SV00654,LHP0046
SV00655,LHP0046
SV00656,LHP0046
SV00657,LHP0046
SV00658,LHP0046
SV00659,LHP0046
SV00660,LHP0046
SV00661,LHP0046
SV00662,LHP0046
SV00663,LHP0046
SV00664,LHP0046
SV00665,LHP0046
SV00666,LHP0046
SV00667,LHP0046
SV00668,LHP0046
SV00669,LHP0046
SV00670,LHP0046
SV00671,LHP0046
SV00672,LHP0046
SV00673,LHP0046
SV00674,LHP0046
SV00675,LHP0046
SV00676,LHP0046
SV00677,LHP0046
SV00678,LHP0046
SV00679,LHP0046
SV00680,LHP0046
SV00681,LHP0046
SV00682,LHP0046
SV00683,LHP0046
SV00684,LHP0046
SV00685,LHP0046
SV00686,LHP0046
SV00687,LHP0046
SV00688,LHP0046
SV00689,LHP0046
SV00690,LHP0046
SV00691,LHP0046
SV00692,LHP0046
SV00693,LHP0046
SV00694,LHP0046
SV00695,LHP0046
SV00696,LHP0046
SV00697,LHP0046
SV00698,LHP0046
SV00699,LHP0046
SV00700,LHP0046
SV00701,LHP0046
SV00702,LHP0046
SV00703,LHP0046
SV00704,LHP0046
SV00705,LHP0046
SV00706,LHP0046
SV00707,LHP0046
SV00708,LHP0046
SV00709,LHP0046
SV00710,LHP0046
SV00711,LHP0046
SV00712,LHP0046
SV00713,LHP0046
SV00714,LHP0046
SV00715,LHP0046
SV00716,LHP0046
SV00717,LHP0046
SV00718,LHP0046
SV00719,LHP0046
SV02567,LHP0047
SV02613,LHP0047
SV02715,LHP0047
SV02738,LHP0047
SV02891,LHP0047
SV02905,LHP0047
SV02914,LHP0047
SV02947,LHP0047
SV02948,LHP0047
SV02949,LHP0047
SV02969,LHP0047
SV02986,LHP0047
SV02997,LHP0047
SV03016,LHP0047
SV03026,LHP0047
SV03041,LHP0047
SV03044,LHP0047
SV03054,LHP0047
SV03065,LHP0047
SV03185,LHP0047
SV03188,LHP0047
SV03191,LHP0047
SV03192,LHP0047
SV03193,LHP0047
SV03201,LHP0047
SV03205,LHP0047
SV03207,LHP0047
SV03211,LHP0047
SV03220,LHP0047
SV03228,LHP0047
SV03231,LHP0047
SV03234,LHP0047
SV03242,LHP0047
SV03248,LHP0047
SV03254,LHP0047
SV03255,LHP0047
SV03268,LHP0047
SV03290,LHP0047
SV03296,LHP0047
SV03301,LHP0047
SV03308,LHP0047
SV03323,LHP0047
SV03343,LHP0047
SV03344,LHP0047
SV03352,LHP0047
SV03358,LHP0047
SV03365,LHP0047
SV03372,LHP0047
SV03377,LHP0047
SV03380,LHP0047
SV03382,LHP0047
SV03384,LHP0047
SV03385,LHP0047
SV03389,LHP0047
SV03393,LHP0047
SV03398,LHP0047
SV03401,LHP0047
SV04217,LHP0048
SV04244,LHP0048
SV04252,LHP0048
SV04254,LHP0048
SV04255,LHP0048
SV04256,LHP0048
SV04260,LHP0048
SV04264,LHP0048
SV04265,LHP0048
SV04269,LHP0048
SV04274,LHP0048
SV04277,LHP0048
SV04280,LHP0048
SV04285,LHP0048
SV04295,LHP0048
SV04300,LHP0048
SV04303,LHP0048
SV04304,LHP0048
SV04305,LHP0048
SV04306,LHP0048
SV04307,LHP0048
SV04308,LHP0048
SV04309,LHP0048
SV04310,LHP0048
SV04311,LHP0048
SV04312,LHP0048
SV04313,LHP0048
SV04314,LHP0048
SV04316,LHP0048
SV04317,LHP0048
SV04318,LHP0048
SV04319,LHP0048
SV04320,LHP0048
SV04321,LHP0048
SV04323,LHP0048
SV04324,LHP0048
SV04325,LHP0048
SV04326,LHP0048
SV04327,LHP0048
SV04328,LHP0048
SV04329,LHP0048
SV04330,LHP0048
SV04331,LHP0048
SV04332,LHP0048
SV04334,LHP0048
SV04335,LHP0048
SV04336,LHP0048
SV04337,LHP0048
SV04338,LHP0048
SV04339,LHP0048
SV04340,LHP0048
SV04341,LHP0048
SV04342,LHP0048
SV04343,LHP0048
SV04344,LHP0048
SV04345,LHP0048
SV04346,LHP0048
SV04347,LHP0048
SV04348,LHP0048
SV04349,LHP0048
SV04350,LHP0048
SV04351,LHP0048
SV04352,LHP0048
SV04353,LHP0048
SV04354,LHP0048
SV04355,LHP0048
SV04356,LHP0048
SV04357,LHP0048
SV04358,LHP0048
SV04359,LHP0048
SV04360,LHP0048
SV04361,LHP0048
SV01713,LHP0049
SV01714,LHP0049
SV01715,LHP0049
SV01716,LHP0049
SV01717,LHP0049
SV01718,LHP0049
SV01719,LHP0049
SV01720,LHP0049
SV01721,LHP0049
SV01722,LHP0049
SV01723,LHP0049
SV01724,LHP0049
SV01725,LHP0049
SV01726,LHP0049
SV01727,LHP0049
SV01728,LHP0049
SV01729,LHP0049
SV01730,LHP0049
SV01731,LHP0049
SV01732,LHP0049
SV01733,LHP0049
SV01734,LHP0049
SV01735,LHP0049
SV01736,LHP0049
SV01737,LHP0049
SV01738,LHP0049
SV01739,LHP0049
SV01740,LHP0049
SV01741,LHP0049
SV01742,LHP0049
SV01743,LHP0049
SV01744,LHP0049
SV01745,LHP0049
SV01746,LHP0049
SV01747,LHP0049
SV01748,LHP0049
SV01749,LHP0049
SV01750,LHP0049
SV01751,LHP0049
SV01752,LHP0049
SV01753,LHP0049
SV01754,LHP0049
SV01755,LHP0049
SV01756,LHP0049
SV01757,LHP0049
SV01758,LHP0049
SV01759,LHP0049
SV01760,LHP0049
SV01761,LHP0049
SV01762,LHP0049
SV01763,LHP0049
SV01764,LHP0049
SV01765,LHP0049
SV01766,LHP0049
SV01767,LHP0049
SV01768,LHP0049
SV01769,LHP0049
SV01770,LHP0049
SV01771,LHP0049
SV01772,LHP0049
SV01773,LHP0049
SV01774,LHP0049
SV01775,LHP0049
SV01776,LHP0049
SV01777,LHP0049
SV01778,LHP0049
SV01779,LHP0049
SV01780,LHP0049
SV01781,LHP0049
SV01782,LHP0049
SV01783,LHP0049
SV01784,LHP0049
SV03850,LHP0050
SV03852,LHP0050
SV03863,LHP0050
SV03865,LHP0050
SV03868,LHP0050
SV03870,LHP0050
SV03874,LHP0050
SV03875,LHP0050
SV03882,LHP0050
SV03888,LHP0050
SV03897,LHP0050
SV03903,LHP0050
SV03914,LHP0050
SV03918,LHP0050
SV03920,LHP0050
SV03934,LHP0050
SV03943,LHP0050
SV03949,LHP0050
SV03951,LHP0050
SV03966,LHP0050
SV03969,LHP0050
SV03970,LHP0050
SV03973,LHP0050
SV03980,LHP0050
SV04000,LHP0050
SV04009,LHP0050
SV04011,LHP0050
SV04019,LHP0050
SV04022,LHP0050
SV04026,LHP0050
SV04029,LHP0050
SV04031,LHP0050
SV04033,LHP0050
SV04035,LHP0050
SV04036,LHP0050
SV04037,LHP0050
SV04041,LHP0050
SV04044,LHP0050
SV04054,LHP0050
SV04058,LHP0050
SV04059,LHP0050
SV04064,LHP0050
SV02553,LHP0051
SV02573,LHP0051
SV02582,LHP0051
SV02584,LHP0051
SV02585,LHP0051
SV02586,LHP0051
SV02587,LHP0051
SV02601,LHP0051
SV02610,LHP0051
SV02625,LHP0051
SV02633,LHP0051
SV02642,LHP0051
SV02648,LHP0051
SV02652,LHP0051
SV02657,LHP0051
SV02669,LHP0051
SV02670,LHP0051
SV02676,LHP0051
SV02677,LHP0051
SV02680,LHP0051
SV02698,LHP0051
SV02701,LHP0051
SV02708,LHP0051
SV02712,LHP0051
SV02713,LHP0051
SV02724,LHP0051
SV02739,LHP0051
SV02742,LHP0051
SV02743,LHP0051
SV02744,LHP0051
SV02749,LHP0051
SV02750,LHP0051
SV02758,LHP0051
SV02760,LHP0051
SV02761,LHP0051
SV02763,LHP0051
SV02766,LHP0051
SV02767,LHP0051
SV02772,LHP0051
SV02773,LHP0051
SV02775,LHP0051
SV02776,LHP0051
SV02778,LHP0051
SV02780,LHP0051
SV02781,LHP0051
SV02785,LHP0051
SV02788,LHP0051
SV02789,LHP0051
SV02794,LHP0051
SV02795,LHP0051
SV02798,LHP0051
SV02802,LHP0051
SV02807,LHP0051
SV02815,LHP0051
SV02816,LHP0051
SV02818,LHP0051
SV02819,LHP0051
SV02823,LHP0051
SV02824,LHP0051
SV02829,LHP0051
SV02831,LHP0051
SV02833,LHP0051
SV02834,LHP0051
SV02836,LHP0051
SV02840,LHP0051
SV02841,LHP0051
SV02842,LHP0051
SV02843,LHP0051
SV02845,LHP0051
SV03455,LHP0052
SV03460,LHP0052
SV03487,LHP0052
SV03498,LHP0052
SV03511,LHP0052
SV03531,LHP0052
SV03604,LHP0052
SV03624,LHP0052
SV03640,LHP0052
SV03649,LHP0052
SV03657,LHP0052
SV03660,LHP0052
SV03661,LHP0052
SV03662,LHP0052
SV03664,LHP0052
SV03666,LHP0052
SV03667,LHP0052
SV03673,LHP0052
SV03676,LHP0052
SV03677,LHP0052
SV03694,LHP0052
SV03702,LHP0052
SV03706,LHP0052
SV03710,LHP0052
SV03717,LHP0052
SV03723,LHP0052
SV03733,LHP0052
SV03745,LHP0052
SV03759,LHP0052
SV03761,LHP0052
SV03763,LHP0052
SV03769,LHP0052
SV03779,LHP0052
SV03788,LHP0052
SV03793,LHP0052
SV03796,LHP0052
SV03799,LHP0052
SV03803,LHP0052
SV03809,LHP0052
SV03816,LHP0052
SV03817,LHP0052
SV03820,LHP0052
SV03822,LHP0052
SV03826,LHP0052
SV03830,LHP0052
SV03833,LHP0052
SV03841,LHP0052
SV03845,LHP0052
SV04250,LHP0053
SV04265,LHP0053
SV04279,LHP0053
SV04283,LHP0053
SV04295,LHP0053
SV04299,LHP0053
SV04305,LHP0053
SV04307,LHP0053
SV04308,LHP0053
SV04313,LHP0053
SV04328,LHP0053
SV04336,LHP0053
SV04337,LHP0053
SV04345,LHP0053
SV04350,LHP0053
SV04351,LHP0053
SV04352,LHP0053
SV04353,LHP0053
SV04356,LHP0053
SV04357,LHP0053
SV04360,LHP0053
SV04364,LHP0053
SV04366,LHP0053
SV04369,LHP0053
SV04374,LHP0053
SV04377,LHP0053
SV04378,LHP0053
SV04379,LHP0053
SV04380,LHP0053
SV04381,LHP0053
SV04385,LHP0053
SV04386,LHP0053
SV04388,LHP0053
SV04389,LHP0053
SV04391,LHP0053
SV04392,LHP0053
SV04393,LHP0053
SV04394,LHP0053
SV04396,LHP0053
SV04398,LHP0053
SV04399,LHP0053
SV04401,LHP0053
SV04403,LHP0053
SV04405,LHP0053
SV04408,LHP0053
SV04409,LHP0053
SV04410,LHP0053
SV04411,LHP0053
SV04412,LHP0053
SV04414,LHP0053
SV04415,LHP0053
SV04416,LHP0053
SV04419,LHP0053
SV04422,LHP0053
SV04423,LHP0053
SV04428,LHP0053
SV04430,LHP0053
SV04433,LHP0053
SV04434,LHP0053
SV00076,LHP0054
SV00082,LHP0054
SV00084,LHP0054
SV00085,LHP0054
SV00090,LHP0054
SV00098,LHP0054
SV00099,LHP0054
SV00106,LHP0054
SV00107,LHP0054
SV00116,LHP0054
SV00118,LHP0054
SV00122,LHP0054
SV00126,LHP0054
SV00128,LHP0054
SV00136,LHP0054
SV00137,LHP0054
SV00143,LHP0054
SV00144,LHP0054
SV00154,LHP0054
SV00155,LHP0054
SV00160,LHP0054
SV00164,LHP0054
SV00165,LHP0054
SV00171,LHP0054
SV00173,LHP0054
SV00180,LHP0054
SV00182,LHP0054
SV00186,LHP0054
SV00190,LHP0054
SV00191,LHP0054
SV00193,LHP0054
SV00194,LHP0054
SV00204,LHP0054
SV00208,LHP0054
SV00211,LHP0054
SV00214,LHP0054
SV00221,LHP0054
SV00226,LHP0054
SV00228,LHP0054
SV00230,LHP0054
SV00235,LHP0054
SV00236,LHP0054
SV00239,LHP0054
SV00240,LHP0054
SV00244,LHP0054
SV00248,LHP0054
SV00251,LHP0054
SV00254,LHP0054
SV00256,LHP0054
SV00259,LHP0054
SV00261,LHP0054
SV00262,LHP0054
SV00265,LHP0054
SV00266,LHP0054
SV00269,LHP0054
SV00277,LHP0054
SV00278,LHP0054
SV00309,LHP0054
SV00313,LHP0054
SV00316,LHP0054
SV00317,LHP0054
SV00318,LHP0054
SV00321,LHP0054
SV00326,LHP0054
SV00327,LHP0054
SV00328,LHP0054
SV00333,LHP0054
SV00335,LHP0054
SV00336,LHP0054
SV00337,LHP0054
SV00340,LHP0054
SV00345,LHP0054
SV02145,LHP0055
SV02184,LHP0055
SV02188,LHP0055
SV02196,LHP0055
SV02203,LHP0055
SV02205,LHP0055
SV02217,LHP0055
SV02222,LHP0055
SV02230,LHP0055
SV02231,LHP0055
SV02233,LHP0055
SV02236,LHP0055
SV02237,LHP0055
SV02241,LHP0055
SV02242,LHP0055
SV02247,LHP0055
SV02249,LHP0055
SV02252,LHP0055
SV02253,LHP0055
SV02258,LHP0055
SV02262,LHP0055
SV02264,LHP0055
SV02265,LHP0055
SV02266,LHP0055
SV02270,LHP0055
SV02271,LHP0055
SV02272,LHP0055
SV02274,LHP0055
SV02282,LHP0055
SV02285,LHP0055
SV02286,LHP0055
SV02288,LHP0055
SV02293,LHP0055
SV02300,LHP0055
SV02301,LHP0055
SV00087,LHP0056
SV00104,LHP0056
SV00114,LHP0056
SV00199,LHP0056
SV00203,LHP0056
SV00206,LHP0056
SV00210,LHP0056
SV00224,LHP0056
SV00237,LHP0056
SV00243,LHP0056
SV00249,LHP0056
SV00253,LHP0056
SV00255,LHP0056
SV00263,LHP0056
SV00311,LHP0056
SV00323,LHP0056
SV00346,LHP0056
SV00352,LHP0056
SV00354,LHP0056
SV00358,LHP0056
SV00363,LHP0056
SV00365,LHP0056
SV00366,LHP0056
SV00369,LHP0056
SV00371,LHP0056
SV00372,LHP0056
SV00375,LHP0056
SV00377,LHP0056
SV00381,LHP0056
SV00383,LHP0056
SV00384,LHP0056
SV00386,LHP0056
SV00400,LHP0056
SV00401,LHP0056
SV00402,LHP0056
SV00404,LHP0056
SV00405,LHP0056
SV00408,LHP0056
SV00411,LHP0056
SV00415,LHP0056
SV00416,LHP0056
SV00423,LHP0056
SV03326,LHP0057
SV03327,LHP0057
SV03328,LHP0057
SV03329,LHP0057
SV03330,LHP0057
SV03331,LHP0057
SV03332,LHP0057
SV03333,LHP0057
SV03334,LHP0057
SV03335,LHP0057
SV03336,LHP0057
SV03337,LHP0057
SV03338,LHP0057
SV03339,LHP0057
SV03340,LHP0057
SV03341,LHP0057
SV03342,LHP0057
SV03343,LHP0057
SV03344,LHP0057
SV03345,LHP0057
SV03346,LHP0057
SV03347,LHP0057
SV03348,LHP0057
SV03349,LHP0057
SV03350,LHP0057
SV03351,LHP0057
SV03352,LHP0057
SV03353,LHP0057
SV03354,LHP0057
SV03355,LHP0057
SV03356,LHP0057
SV03357,LHP0057
SV03358,LHP0057
SV03359,LHP0057
SV03360,LHP0057
SV03361,LHP0057
SV03362,LHP0057
SV03363,LHP0057
SV03364,LHP0057
SV03365,LHP0057
SV03366,LHP0057
SV03367,LHP0057
SV03368,LHP0057
SV03369,LHP0057
SV03370,LHP0057
SV03371,LHP0057
SV03372,LHP0057
SV03373,LHP0057
SV03374,LHP0057
SV03375,LHP0057
SV03376,LHP0057
SV03377,LHP0057
SV03378,LHP0057
SV03379,LHP0057
SV03380,LHP0057
SV03381,LHP0057
SV03382,LHP0057
SV03383,LHP0057
SV03384,LHP0057
SV03385,LHP0057
SV03386,LHP0057
SV03387,LHP0057
SV03388,LHP0057
SV03389,LHP0057
SV03390,LHP0057
SV03391,LHP0057
SV03392,LHP0057
SV03393,LHP0057
SV03394,LHP0057
SV03395,LHP0057
SV03396,LHP0057
SV03397,LHP0057
SV03398,LHP0057
SV03399,LHP0057
SV03400,LHP0057
SV03401,LHP0057
SV03402,LHP0057
SV03403,LHP0057
SV03404,LHP0057
SV04546,LHP0058
SV04547,LHP0058
SV04548,LHP0058
SV04549,LHP0058
SV04550,LHP0058
SV04551,LHP0058
SV04552,LHP0058
SV04553,LHP0058
SV04554,LHP0058
SV04555,LHP0058
SV04556,LHP0058
SV04557,LHP0058
SV04558,LHP0058
SV04559,LHP0058
SV04560,LHP0058
SV04561,LHP0058
SV04562,LHP0058
SV04563,LHP0058
SV04564,LHP0058
SV04565,LHP0058
SV04566,LHP0058
SV04567,LHP0058
SV04568,LHP0058
SV04569,LHP0058
SV04570,LHP0058
SV04571,LHP0058
SV04572,LHP0058
SV04573,LHP0058
SV04574,LHP0058
SV04575,LHP0058
SV04576,LHP0058
SV04577,LHP0058
SV04578,LHP0058
SV04579,LHP0058
SV04580,LHP0058
SV04581,LHP0058
SV04582,LHP0058
SV04583,LHP0058
SV04584,LHP0058
SV04585,LHP0058
SV04586,LHP0058
SV04587,LHP0058
SV04588,LHP0058
SV04589,LHP0058
SV04590,LHP0058
SV04591,LHP0058
SV04592,LHP0058
SV04593,LHP0058
SV04594,LHP0058
SV04595,LHP0058
SV04596,LHP0058
SV04597,LHP0058
SV04598,LHP0058
SV04599,LHP0058
SV04600,LHP0058
SV04601,LHP0058
SV04602,LHP0058
SV04603,LHP0058
SV04604,LHP0058
SV04605,LHP0058
SV04606,LHP0058
SV04607,LHP0058
SV04608,LHP0058
SV04609,LHP0058
SV04610,LHP0058
SV04611,LHP0058
SV04612,LHP0058
SV04613,LHP0058
SV04614,LHP0058
SV04615,LHP0058
SV04616,LHP0058
SV04617,LHP0058
SV04618,LHP0058
SV04619,LHP0058
SV04620,LHP0058
SV02553,LHP0059
SV02559,LHP0059
SV02560,LHP0059
SV02594,LHP0059
SV02661,LHP0059
SV02689,LHP0059
SV02749,LHP0059
SV02753,LHP0059
SV02854,LHP0059
SV02859,LHP0059
SV02869,LHP0059
SV02877,LHP0059
SV02881,LHP0059
SV02885,LHP0059
SV02886,LHP0059
SV02890,LHP0059
SV02903,LHP0059
SV02904,LHP0059
SV02905,LHP0059
SV02909,LHP0059
SV02910,LHP0059
SV02920,LHP0059
SV02921,LHP0059
SV02924,LHP0059
SV02926,LHP0059
SV02929,LHP0059
SV02938,LHP0059
SV02949,LHP0059
SV02951,LHP0059
SV02954,LHP0059
SV02956,LHP0059
SV02966,LHP0059
SV02970,LHP0059
SV02979,LHP0059
SV02990,LHP0059
SV02991,LHP0059
SV02997,LHP0059
SV02999,LHP0059
SV03000,LHP0059
SV03001,LHP0059
SV03005,LHP0059
SV03006,LHP0059
SV03008,LHP0059
SV03009,LHP0059
SV03013,LHP0059
SV03018,LHP0059
SV03019,LHP0059
SV03026,LHP0059
SV03028,LHP0059
SV03031,LHP0059
SV03033,LHP0059
SV03039,LHP0059
SV03042,LHP0059
SV03044,LHP0059
SV03050,LHP0059
SV03051,LHP0059
SV03052,LHP0059
SV03055,LHP0059
SV03058,LHP0059
SV03062,LHP0059
SV03063,LHP0059
SV03065,LHP0059
SV03066,LHP0059
SV03068,LHP0059
SV03069,LHP0059
SV03070,LHP0059
SV03071,LHP0059
SV03072,LHP0059
SV03075,LHP0059
SV03078,LHP0059
SV03080,LHP0059
SV03081,LHP0059
SV03082,LHP0059
SV03089,LHP0059
SV03090,LHP0059
SV03102,LHP0059
SV03103,LHP0059
SV03110,LHP0059
SV00098,LHP0060
SV00099,LHP0060
SV00122,LHP0060
SV00136,LHP0060
SV00264,LHP0060
SV00309,LHP0060
SV00321,LHP0060
SV00328,LHP0060
SV00346,LHP0060
SV00347,LHP0060
SV00352,LHP0060
SV00354,LHP0060
SV00362,LHP0060
SV00363,LHP0060
SV00364,LHP0060
SV00371,LHP0060
SV00377,LHP0060
SV00380,LHP0060
SV00404,LHP0060
SV00418,LHP0060
SV00420,LHP0060
SV00425,LHP0060
SV00427,LHP0060
SV00439,LHP0060
SV00444,LHP0060
SV00447,LHP0060
SV00450,LHP0060
SV00458,LHP0060
SV00461,LHP0060
SV00462,LHP0060
SV00464,LHP0060
SV00469,LHP0060
SV00471,LHP0060
SV00473,LHP0060
SV00474,LHP0060
SV00476,LHP0060
SV00477,LHP0060
SV00483,LHP0060
SV00484,LHP0060
SV00485,LHP0060
SV00487,LHP0060
SV01681,LHP0061
SV01690,LHP0061
SV01694,LHP0061
SV01697,LHP0061
SV01704,LHP0061
SV01715,LHP0061
SV01716,LHP0061
SV01717,LHP0061
SV01727,LHP0061
SV01728,LHP0061
SV01730,LHP0061
SV01735,LHP0061
SV01741,LHP0061
SV01751,LHP0061
SV01752,LHP0061
SV01757,LHP0061
SV01759,LHP0061
SV01764,LHP0061
SV01774,LHP0061
SV01776,LHP0061
SV01782,LHP0061
SV01784,LHP0061
SV01786,LHP0061
SV01798,LHP0061
SV01800,LHP0061
SV01801,LHP0061
SV01808,LHP0061
SV01810,LHP0061
SV01811,LHP0061
SV01812,LHP0061
SV01814,LHP0061
SV01816,LHP0061
SV01819,LHP0061
SV01825,LHP0061
SV01831,LHP0061
SV01836,LHP0061
SV01843,LHP0061
SV01845,LHP0061
SV01851,LHP0061
SV01853,LHP0061
SV01856,LHP0061
SV01857,LHP0061
SV01858,LHP0061
SV01861,LHP0061
SV01863,LHP0061
SV02428,LHP0062
SV02436,LHP0062
SV02445,LHP0062
SV02452,LHP0062
SV02453,LHP0062
SV02454,LHP0062
SV02457,LHP0062
SV02459,LHP0062
SV02464,LHP0062
SV02466,LHP0062
SV02468,LHP0062
SV02470,LHP0062
SV02471,LHP0062
SV02474,LHP0062
SV02476,LHP0062
SV02477,LHP0062
SV02478,LHP0062
SV02479,LHP0062
SV02480,LHP0062
SV02481,LHP0062
SV02482,LHP0062
SV02483,LHP0062
SV02484,LHP0062
SV02485,LHP0062
SV02486,LHP0062
SV02487,LHP0062
SV02488,LHP0062
SV02489,LHP0062
SV02490,LHP0062
SV02491,LHP0062
SV02492,LHP0062
SV02493,LHP0062
SV02494,LHP0062
SV02495,LHP0062
SV02496,LHP0062
SV02497,LHP0062
SV02498,LHP0062
SV02499,LHP0062
SV02500,LHP0062
SV02501,LHP0062
SV02502,LHP0062
SV02503,LHP0062
SV02504,LHP0062
SV02505,LHP0062
SV02506,LHP0062
SV02507,LHP0062
SV02508,LHP0062
SV02509,LHP0062
SV02510,LHP0062
SV02511,LHP0062
SV02512,LHP0062
SV02513,LHP0062
SV02514,LHP0062
SV02515,LHP0062
SV02516,LHP0062
SV02517,LHP0062
SV02518,LHP0062
SV02519,LHP0062
SV02520,LHP0062
SV02521,LHP0062
SV02522,LHP0062
SV02523,LHP0062
SV02524,LHP0062
SV02525,LHP0062
SV02526,LHP0062
SV02527,LHP0062
SV02528,LHP0062
SV02529,LHP0062
SV02530,LHP0062
SV02531,LHP0062
SV02532,LHP0062
SV02533,LHP0062
SV01345,LHP0063
SV01576,LHP0063
SV01579,LHP0063
SV01582,LHP0063
SV01587,LHP0063
SV01611,LHP0063
SV01636,LHP0063
SV01641,LHP0063
SV01666,LHP0063
SV01671,LHP0063
SV01675,LHP0063
SV01676,LHP0063
SV01677,LHP0063
SV01678,LHP0063
SV01680,LHP0063
SV01684,LHP0063
SV01704,LHP0063
SV01705,LHP0063
SV01706,LHP0063
SV01708,LHP0063
SV01710,LHP0063
SV01711,LHP0063
SV01713,LHP0063
SV01715,LHP0063
SV01718,LHP0063
SV01720,LHP0063
SV01721,LHP0063
SV01723,LHP0063
SV01724,LHP0063
SV01725,LHP0063
SV01726,LHP0063
SV01727,LHP0063
SV01729,LHP0063
SV01730,LHP0063
SV01731,LHP0063
SV01732,LHP0063
SV01733,LHP0063
SV01734,LHP0063
SV01735,LHP0063
SV01736,LHP0063
SV01739,LHP0063
SV01740,LHP0063
SV01741,LHP0063
SV01742,LHP0063
SV01744,LHP0063
SV01749,LHP0063
SV01751,LHP0063
SV01756,LHP0063
SV01760,LHP0063
SV01763,LHP0063
SV01765,LHP0063
SV01767,LHP0063
SV01768,LHP0063
SV01769,LHP0063
SV01772,LHP0063
SV01773,LHP0063
SV01774,LHP0063
SV01776,LHP0063
SV01777,LHP0063
SV01778,LHP0063
SV01779,LHP0063
SV01780,LHP0063
SV01784,LHP0063
SV01785,LHP0063
SV01786,LHP0063
SV01787,LHP0063
SV01789,LHP0063
SV01790,LHP0063
SV01791,LHP0063
SV02917,LHP0064
SV03461,LHP0064
SV03473,LHP0064
SV03494,LHP0064
SV03608,LHP0064
SV03628,LHP0064
SV03639,LHP0064
SV03795,LHP0064
SV03803,LHP0064
SV03814,LHP0064
SV03816,LHP0064
SV03826,LHP0064
SV03847,LHP0064
SV03848,LHP0064
SV03850,LHP0064
SV03858,LHP0064
SV03859,LHP0064
SV03860,LHP0064
SV03867,LHP0064
SV03873,LHP0064
SV03879,LHP0064
SV03885,LHP0064
SV03889,LHP0064
SV03905,LHP0064
SV03906,LHP0064
SV03907,LHP0064
SV03911,LHP0064
SV03925,LHP0064
SV03943,LHP0064
SV03946,LHP0064
SV03947,LHP0064
SV03949,LHP0064
SV03952,LHP0064
SV03956,LHP0064
SV03968,LHP0064
SV03969,LHP0064
SV03976,LHP0064
SV03979,LHP0064
SV03984,LHP0064
SV03986,LHP0064
SV04006,LHP0064
SV04007,LHP0064
SV04012,LHP0064
SV04015,LHP0064
SV04021,LHP0064
SV04022,LHP0064
SV04023,LHP0064
SV04024,LHP0064
SV04025,LHP0064
SV04028,LHP0064
SV04033,LHP0064
SV04035,LHP0064
SV04039,LHP0064
SV04047,LHP0064
SV04058,LHP0064
SV04061,LHP0064
SV04062,LHP0064
SV04064,LHP0064
SV00539,LHP0065
SV00720,LHP0065
SV00735,LHP0065
SV00743,LHP0065
SV00744,LHP0065
SV00745,LHP0065
SV00746,LHP0065
SV00749,LHP0065
SV00751,LHP0065
SV00761,LHP0065
SV00765,LHP0065
SV00769,LHP0065
SV00772,LHP0065
SV00773,LHP0065
SV00775,LHP0065
SV00776,LHP0065
SV00777,LHP0065
SV00779,LHP0065
SV00780,LHP0065
SV00783,LHP0065
SV00785,LHP0065
SV00788,LHP0065
SV00791,LHP0065
SV00794,LHP0065
SV00795,LHP0065
SV00797,LHP0065
SV00799,LHP0065
SV00804,LHP0065
SV00808,LHP0065
SV00809,LHP0065
SV00811,LHP0065
SV00812,LHP0065
SV00816,LHP0065
SV00818,LHP0065
SV00819,LHP0065
SV00825,LHP0065
SV00826,LHP0065
SV00828,LHP0065
SV00830,LHP0065
SV00831,LHP0065
SV00832,LHP0065
SV00833,LHP0065
SV00837,LHP0065
SV00838,LHP0065
SV00839,LHP0065
SV00840,LHP0065
SV00841,LHP0065
SV00845,LHP0065
SV00851,LHP0065
SV00855,LHP0065
SV00860,LHP0065
SV00861,LHP0065
SV00862,LHP0065
SV00863,LHP0065
SV00864,LHP0065
SV00865,LHP0065
SV00869,LHP0065
SV00871,LHP0065
SV00873,LHP0065
SV00874,LHP0065
SV00879,LHP0065
SV00881,LHP0065
SV00889,LHP0065
SV00892,LHP0065
SV00895,LHP0065
SV00897,LHP0065
SV00899,LHP0065
SV00900,LHP0065
SV00901,LHP0065
SV00902,LHP0065
SV00908,LHP0065
SV00910,LHP0065
SV00911,LHP0065
SV00912,LHP0065
SV00914,LHP0065
SV00917,LHP0065
SV00919,LHP0065
SV00921,LHP0065
SV00613,LHP0066
SV00616,LHP0066
SV00670,LHP0066
SV00680,LHP0066
SV00695,LHP0066
SV00735,LHP0066
SV00738,LHP0066
SV00740,LHP0066
SV00741,LHP0066
SV00748,LHP0066
SV00750,LHP0066
SV00756,LHP0066
SV00760,LHP0066
SV00766,LHP0066
SV00768,LHP0066
SV00770,LHP0066
SV00774,LHP0066
SV00777,LHP0066
SV00787,LHP0066
SV00788,LHP0066
SV00789,LHP0066
SV00794,LHP0066
SV00800,LHP0066
SV00801,LHP0066
SV00803,LHP0066
SV00805,LHP0066
SV00814,LHP0066
SV00817,LHP0066
SV00819,LHP0066
SV00821,LHP0066
SV00827,LHP0066
SV00831,LHP0066
SV00833,LHP0066
SV00849,LHP0066
SV00859,LHP0066
SV00864,LHP0066
SV00866,LHP0066
SV00867,LHP0066
SV00868,LHP0066
SV00872,LHP0066
SV00879,LHP0066
SV00883,LHP0066
SV00884,LHP0066
SV00885,LHP0066
SV00886,LHP0066
SV00891,LHP0066
SV00892,LHP0066
SV00894,LHP0066
SV00895,LHP0066
SV00898,LHP0066
SV00903,LHP0066
SV00904,LHP0066
SV00906,LHP0066
SV00907,LHP0066
SV00909,LHP0066
SV00911,LHP0066
SV00915,LHP0066
SV00919,LHP0066
SV00921,LHP0066
SV00923,LHP0066
SV00924,LHP0066
SV00204,LHP0067
SV00235,LHP0067
SV00261,LHP0067
SV00383,LHP0067
SV00404,LHP0067
SV00410,LHP0067
SV00416,LHP0067
SV00436,LHP0067
SV00449,LHP0067
SV00453,LHP0067
SV00489,LHP0067
SV00499,LHP0067
SV00513,LHP0067
SV00521,LHP0067
SV00522,LHP0067
SV00523,LHP0067
SV00524,LHP0067
SV00534,LHP0067
SV00539,LHP0067
SV00540,LHP0067
SV00546,LHP0067
SV00547,LHP0067
SV00550,LHP0067
SV00557,LHP0067
SV00564,LHP0067
SV00566,LHP0067
SV00570,LHP0067
SV00572,LHP0067
SV00577,LHP0067
SV00578,LHP0067
SV00581,LHP0067
SV00587,LHP0067
SV00591,LHP0067
SV00592,LHP0067
SV00596,LHP0067
SV00599,LHP0067
SV00600,LHP0067
SV00604,LHP0067
SV00610,LHP0067
SV00612,LHP0067
SV00618,LHP0067
SV00623,LHP0067
SV00625,LHP0067
SV00628,LHP0067
SV00630,LHP0067
SV02228,LHP0068
SV02229,LHP0068
SV02240,LHP0068
SV02248,LHP0068
SV02254,LHP0068
SV02280,LHP0068
SV02284,LHP0068
SV02289,LHP0068
SV02292,LHP0068
SV02294,LHP0068
SV02295,LHP0068
SV02296,LHP0068
SV02297,LHP0068
SV02299,LHP0068
SV02303,LHP0068
SV02304,LHP0068
SV02305,LHP0068
SV02306,LHP0068
SV02307,LHP0068
SV02308,LHP0068
SV02309,LHP0068
SV02310,LHP0068
SV02311,LHP0068
SV02312,LHP0068
SV02313,LHP0068
SV02314,LHP0068
SV02315,LHP0068
SV02316,LHP0068
SV02317,LHP0068
SV02318,LHP0068
SV02319,LHP0068
SV02320,LHP0068
SV02321,LHP0068
SV02322,LHP0068
SV02323,LHP0068
SV02324,LHP0068
SV02325,LHP0068
SV02326,LHP0068
SV02327,LHP0068
SV00076,LHP0069
SV00081,LHP0069
SV00098,LHP0069
SV00106,LHP0069
SV00107,LHP0069
SV00110,LHP0069
SV00121,LHP0069
SV00134,LHP0069
SV00141,LHP0069
SV00153,LHP0069
SV00154,LHP0069
SV00156,LHP0069
SV00167,LHP0069
SV00170,LHP0069
SV00176,LHP0069
SV00178,LHP0069
SV00188,LHP0069
SV00192,LHP0069
SV00202,LHP0069
SV00203,LHP0069
SV00209,LHP0069
SV00210,LHP0069
SV00212,LHP0069
SV00213,LHP0069
SV00214,LHP0069
SV00216,LHP0069
SV00224,LHP0069
SV00225,LHP0069
SV00231,LHP0069
SV00232,LHP0069
SV00235,LHP0069
SV00239,LHP0069
SV00241,LHP0069
SV00260,LHP0069
SV00263,LHP0069
SV00266,LHP0069
SV00270,LHP0069
SV00274,LHP0069
SV00275,LHP0069
SV00280,LHP0069
SV00286,LHP0069
SV00287,LHP0069
SV00291,LHP0069
SV00301,LHP0069
SV00303,LHP0069
SV00305,LHP0069
SV00306,LHP0069
SV00308,LHP0069
SV00321,LHP0069
SV00340,LHP0069
SV00343,LHP0069
SV00349,LHP0069
SV00354,LHP0069
SV00355,LHP0069
SV00357,LHP0069
SV00360,LHP0069
SV01239,LHP0070
SV01259,LHP0070
SV01365,LHP0070
SV01366,LHP0070
SV01367,LHP0070
SV01368,LHP0070
SV01369,LHP0070
SV01370,LHP0070
SV01371,LHP0070
SV01372,LHP0070
SV01373,LHP0070
SV01374,LHP0070
SV01375,LHP0070
SV01376,LHP0070
SV01377,LHP0070
SV01378,LHP0070
SV01379,LHP0070
SV01380,LHP0070
SV01381,LHP0070
SV01382,LHP0070
SV01383,LHP0070
SV01384,LHP0070
SV01385,LHP0070
SV01386,LHP0070
SV01387,LHP0070
SV01388,LHP0070
SV01389,LHP0070
SV01390,LHP0070
SV01391,LHP0070
SV01392,LHP0070
SV01393,LHP0070
SV01394,LHP0070
SV01395,LHP0070
SV01396,LHP0070
SV01397,LHP0070
SV01398,LHP0070
SV01399,LHP0070
SV01400,LHP0070
SV01401,LHP0070
SV01402,LHP0070
SV01403,LHP0070
SV01404,LHP0070
SV01405,LHP0070
SV01406,LHP0070
SV01407,LHP0070
SV01408,LHP0070
SV01409,LHP0070
SV01410,LHP0070
SV01411,LHP0070
SV01412,LHP0070
SV01413,LHP0070
SV01414,LHP0070
SV01415,LHP0070
SV01416,LHP0070
SV01417,LHP0070
SV01418,LHP0070
SV02897,LHP0071
SV02898,LHP0071
SV02915,LHP0071
SV02925,LHP0071
SV02933,LHP0071
SV02939,LHP0071
SV02944,LHP0071
SV02948,LHP0071
SV02983,LHP0071
SV02989,LHP0071
SV02998,LHP0071
SV03007,LHP0071
SV03012,LHP0071
SV03017,LHP0071
SV03021,LHP0071
SV03024,LHP0071
SV03025,LHP0071
SV03032,LHP0071
SV03057,LHP0071
SV03060,LHP0071
SV03061,LHP0071
SV03085,LHP0071
SV03088,LHP0071
SV03097,LHP0071
SV03099,LHP0071
SV03116,LHP0071
SV03123,LHP0071
SV03125,LHP0071
SV03129,LHP0071
SV03136,LHP0071
SV03138,LHP0071
SV03143,LHP0071
SV03159,LHP0071
SV03160,LHP0071
SV03168,LHP0071
SV03182,LHP0071
SV03184,LHP0071
SV03204,LHP0071
SV03211,LHP0071
SV03223,LHP0071
SV03227,LHP0071
SV03230,LHP0071
SV03231,LHP0071
SV03239,LHP0071
SV03240,LHP0071
SV03252,LHP0071
SV03258,LHP0071
SV03259,LHP0071
SV03264,LHP0071
SV03274,LHP0071
SV03277,LHP0071
SV03279,LHP0071
SV03280,LHP0071
SV03287,LHP0071
SV03293,LHP0071
SV03296,LHP0071
SV03298,LHP0071
SV03299,LHP0071
SV03302,LHP0071
SV03305,LHP0071
SV03309,LHP0071
SV03315,LHP0071
SV03316,LHP0071
SV03330,LHP0071
SV03333,LHP0071
SV03334,LHP0071
SV03346,LHP0071
SV03354,LHP0071
SV03356,LHP0071
SV03360,LHP0071
SV03364,LHP0071
SV03383,LHP0071
SV03389,LHP0071
SV03394,LHP0071
SV03396,LHP0071
SV03397,LHP0071
SV03400,LHP0071
SV03403,LHP0071
SV04280,LHP0072
SV04312,LHP0072
SV04326,LHP0072
SV04334,LHP0072
SV04335,LHP0072
SV04347,LHP0072
SV04365,LHP0072
SV04372,LHP0072
SV04390,LHP0072
SV04400,LHP0072
SV04402,LHP0072
SV04406,LHP0072
SV04417,LHP0072
SV04426,LHP0072
SV04427,LHP0072
SV04431,LHP0072
SV04435,LHP0072
SV04436,LHP0072
SV04437,LHP0072
SV04438,LHP0072
SV04439,LHP0072
SV04440,LHP0072
SV04441,LHP0072
SV04442,LHP0072
SV04443,LHP0072
SV04444,LHP0072
SV04445,LHP0072
SV04446,LHP0072
SV04447,LHP0072
SV04448,LHP0072
SV04449,LHP0072
SV04450,LHP0072
SV04451,LHP0072
SV04452,LHP0072
SV04453,LHP0072
SV04454,LHP0072
SV04455,LHP0072
SV04456,LHP0072
SV04457,LHP0072
SV04458,LHP0072
SV04459,LHP0072
SV04460,LHP0072
SV04461,LHP0072
SV04462,LHP0072
SV04463,LHP0072
SV04464,LHP0072
SV04465,LHP0072
SV04466,LHP0072
SV04467,LHP0072
SV04468,LHP0072
SV04469,LHP0072
SV04470,LHP0072
SV04471,LHP0072
SV04472,LHP0072
SV04473,LHP0072
SV04474,LHP0072
SV04475,LHP0072
SV04476,LHP0072
SV04477,LHP0072
SV04478,LHP0072
SV04479,LHP0072
SV04480,LHP0072
SV04481,LHP0072
SV04482,LHP0072
SV04483,LHP0072
SV04484,LHP0072
SV04485,LHP0072
SV04486,LHP0072
SV04487,LHP0072
SV04488,LHP0072
SV04489,LHP0072
SV04490,LHP0072
SV04491,LHP0072
SV04492,LHP0072
SV04493,LHP0072
SV04494,LHP0072
SV04495,LHP0072
SV04496,LHP0072
SV00782,LHP0073
SV00783,LHP0073
SV00784,LHP0073
SV00785,LHP0073
SV00786,LHP0073
SV00787,LHP0073
SV00788,LHP0073
SV00789,LHP0073
SV00790,LHP0073
SV00791,LHP0073
SV00792,LHP0073
SV00793,LHP0073
SV00794,LHP0073
SV00795,LHP0073
SV00796,LHP0073
SV00797,LHP0073
SV00798,LHP0073
SV00799,LHP0073
SV00800,LHP0073
SV00801,LHP0073
SV00802,LHP0073
SV00803,LHP0073
SV00804,LHP0073
SV00805,LHP0073
SV00806,LHP0073
SV00807,LHP0073
SV00808,LHP0073
SV00809,LHP0073
SV00810,LHP0073
SV00811,LHP0073
SV00812,LHP0073
SV00813,LHP0073
SV00814,LHP0073
SV00815,LHP0073
SV00816,LHP0073
SV00817,LHP0073
SV00818,LHP0073
SV00819,LHP0073
SV00820,LHP0073
SV00821,LHP0073
SV00822,LHP0073
SV00823,LHP0073
SV00824,LHP0073
SV00825,LHP0073
SV00826,LHP0073
SV00827,LHP0073
SV00828,LHP0073
SV00829,LHP0073
SV00830,LHP0073
SV00831,LHP0073
SV00832,LHP0073
SV00833,LHP0073
SV00834,LHP0073
SV00835,LHP0073
SV00836,LHP0073
SV00837,LHP0073
SV00838,LHP0073
SV00839,LHP0073
SV00840,LHP0073
SV00841,LHP0073
SV00842,LHP0073
SV00843,LHP0073
SV00844,LHP0073
SV00845,LHP0073
SV00846,LHP0073
SV00847,LHP0073
SV00848,LHP0073
SV00849,LHP0073
SV00850,LHP0073
SV00851,LHP0073
SV00852,LHP0073
SV00853,LHP0073
SV00854,LHP0073
SV00855,LHP0073
SV00856,LHP0073
SV00857,LHP0073
SV00858,LHP0073
SV02558,LHP0074
SV02648,LHP0074
SV02726,LHP0074
SV02761,LHP0074
SV02875,LHP0074
SV02879,LHP0074
SV02897,LHP0074
SV02904,LHP0074
SV02935,LHP0074
SV02983,LHP0074
SV02986,LHP0074
SV03000,LHP0074
SV03004,LHP0074
SV03020,LHP0074
SV03031,LHP0074
SV03042,LHP0074
SV03072,LHP0074
SV03111,LHP0074
SV03126,LHP0074
SV03127,LHP0074
SV03129,LHP0074
SV03132,LHP0074
SV03139,LHP0074
SV03140,LHP0074
SV03157,LHP0074
SV03203,LHP0074
SV03224,LHP0074
SV03232,LHP0074
SV03233,LHP0074
SV03236,LHP0074
SV03251,LHP0074
SV03283,LHP0074
SV03286,LHP0074
SV03287,LHP0074
SV03295,LHP0074
SV03303,LHP0074
SV03331,LHP0074
SV03344,LHP0074
SV03378,LHP0074
SV03387,LHP0074
SV03390,LHP0074
SV03399,LHP0074
SV03407,LHP0074
SV03412,LHP0074
SV00735,LHP0075
SV00744,LHP0075
SV00746,LHP0075
SV00749,LHP0075
SV00766,LHP0075
SV00769,LHP0075
SV00771,LHP0075
SV00777,LHP0075
SV00779,LHP0075
SV00811,LHP0075
SV00820,LHP0075
SV00825,LHP0075
SV00837,LHP0075
SV00841,LHP0075
SV00851,LHP0075
SV00854,LHP0075
SV00861,LHP0075
SV00864,LHP0075
SV00881,LHP0075
SV00912,LHP0075
SV00914,LHP0075
SV00922,LHP0075
SV00926,LHP0075
SV00931,LHP0075
SV00933,LHP0075
SV00934,LHP0075
SV00935,LHP0075
SV00936,LHP0075
SV00937,LHP0075
SV00938,LHP0075
SV00939,LHP0075
SV00942,LHP0075
SV00943,LHP0075
SV00944,LHP0075
SV00945,LHP0075
SV00946,LHP0075
SV00948,LHP0075
SV00949,LHP0075
SV00950,LHP0075
SV00951,LHP0075
SV00952,LHP0075
SV00953,LHP0075
SV00954,LHP0075
SV00955,LHP0075
SV00958,LHP0075
SV00960,LHP0075
SV00966,LHP0075
SV00970,LHP0075
SV00972,LHP0075
SV00975,LHP0075
SV00976,LHP0075
SV00980,LHP0075
SV00983,LHP0075
SV00986,LHP0075
SV00987,LHP0075
SV00988,LHP0075
SV00989,LHP0075
SV00994,LHP0075
SV00995,LHP0075
SV00997,LHP0075
SV00998,LHP0075
SV01000,LHP0075
SV01001,LHP0075
SV01008,LHP0075
SV01009,LHP0075
SV01011,LHP0075
SV01012,LHP0075
SV01013,LHP0075
SV01015,LHP0075
SV01016,LHP0075
SV01017,LHP0075
SV01020,LHP0075
SV01028,LHP0075
SV01031,LHP0075
SV01032,LHP0075
SV01033,LHP0075
SV00326,LHP0076
SV00350,LHP0076
SV00361,LHP0076
SV00417,LHP0076
SV00456,LHP0076
SV00499,LHP0076
SV00505,LHP0076
SV00517,LHP0076
SV00518,LHP0076
SV00524,LHP0076
SV00532,LHP0076
SV00543,LHP0076
SV00550,LHP0076
SV00561,LHP0076
SV00568,LHP0076
SV00574,LHP0076
SV00575,LHP0076
SV00577,LHP0076
SV00581,LHP0076
SV00586,LHP0076
SV00588,LHP0076
SV00590,LHP0076
SV00596,LHP0076
SV00598,LHP0076
SV00601,LHP0076
SV00602,LHP0076
SV00606,LHP0076
SV00612,LHP0076
SV00618,LHP0076
SV00620,LHP0076
SV00626,LHP0076
SV00627,LHP0076
SV00639,LHP0076
SV00642,LHP0076
SV00645,LHP0076
SV00646,LHP0076
SV00647,LHP0076
SV00652,LHP0076
SV00653,LHP0076
SV00654,LHP0076
SV00656,LHP0076
SV00657,LHP0076
SV00658,LHP0076
SV00661,LHP0076
SV00662,LHP0076
SV00665,LHP0076
SV00667,LHP0076
SV00673,LHP0076
SV00674,LHP0076
SV00677,LHP0076
SV00678,LHP0076
SV00684,LHP0076
SV00686,LHP0076
SV00689,LHP0076
SV00690,LHP0076
SV00694,LHP0076
SV00697,LHP0076
SV00699,LHP0076
SV00703,LHP0076
SV00704,LHP0076
SV00709,LHP0076
SV00710,LHP0076
SV00712,LHP0076
SV00715,LHP0076
SV02526,LHP0077
SV02530,LHP0077
SV02531,LHP0077
SV02533,LHP0077
SV02548,LHP0077
SV02559,LHP0077
SV02578,LHP0077
SV02595,LHP0077
SV02599,LHP0077
SV02632,LHP0077
SV02641,LHP0077
SV02643,LHP0077
SV02650,LHP0077
SV02657,LHP0077
SV02687,LHP0077
SV02695,LHP0077
SV02696,LHP0077
SV02715,LHP0077
SV02724,LHP0077
SV02727,LHP0077
SV02740,LHP0077
SV02756,LHP0077
SV02762,LHP0077
SV02778,LHP0077
SV02830,LHP0077
SV02840,LHP0077
SV02848,LHP0077
SV02857,LHP0077
SV02861,LHP0077
SV02864,LHP0077
SV02867,LHP0077
SV02868,LHP0077
SV02870,LHP0077
SV02871,LHP0077
SV02873,LHP0077
SV00041,LHP0078
SV00076,LHP0078
SV00089,LHP0078
SV00100,LHP0078
SV00101,LHP0078
SV00103,LHP0078
SV00116,LHP0078
SV00119,LHP0078
SV00131,LHP0078
SV00132,LHP0078
SV00138,LHP0078
SV00146,LHP0078
SV00177,LHP0078
SV00179,LHP0078
SV00181,LHP0078
SV00188,LHP0078
SV00189,LHP0078
SV00193,LHP0078
SV00198,LHP0078
SV00200,LHP0078
SV00209,LHP0078
SV00223,LHP0078
SV00228,LHP0078
SV00230,LHP0078
SV00242,LHP0078
SV00243,LHP0078
SV00244,LHP0078
SV00252,LHP0078
SV00258,LHP0078
SV00260,LHP0078
SV00261,LHP0078
SV00270,LHP0078
SV00272,LHP0078
SV00282,LHP0078
SV00285,LHP0078
SV00290,LHP0078
SV00291,LHP0078
SV00302,LHP0078
SV00306,LHP0078
SV00310,LHP0078
SV00325,LHP0078
SV00335,LHP0078
SV00336,LHP0078
SV00350,LHP0078
SV00356,LHP0078
SV00359,LHP0078
SV02567,LHP0079
SV02576,LHP0079
SV02641,LHP0079
SV02709,LHP0079
SV02883,LHP0079
SV02909,LHP0079
SV02913,LHP0079
SV02922,LHP0079
SV02930,LHP0079
SV02936,LHP0079
SV02945,LHP0079
SV02957,LHP0079
SV02963,LHP0079
SV02966,LHP0079
SV02970,LHP0079
SV02994,LHP0079
SV03031,LHP0079
SV03053,LHP0079
SV03062,LHP0079
SV03081,LHP0079
SV03085,LHP0079
SV03090,LHP0079
SV03091,LHP0079
SV03104,LHP0079
SV03117,LHP0079
SV03144,LHP0079
SV03148,LHP0079
SV03152,LHP0079
SV03158,LHP0079
SV03171,LHP0079
SV03177,LHP0079
SV03179,LHP0079
SV03195,LHP0079
SV03198,LHP0079
SV03208,LHP0079
SV03210,LHP0079
SV03212,LHP0079
SV03229,LHP0079
SV03232,LHP0079
SV03246,LHP0079
SV03249,LHP0079
SV03252,LHP0079
SV03271,LHP0079
SV03298,LHP0079
SV03304,LHP0079
SV03315,LHP0079
SV03322,LHP0079
SV03478,LHP0080
SV03498,LHP0080
SV03499,LHP0080
SV03513,LHP0080
SV03556,LHP0080
SV03563,LHP0080
SV03712,LHP0080
SV03738,LHP0080
SV03793,LHP0080
SV03838,LHP0080
SV03841,LHP0080
SV03858,LHP0080
SV03868,LHP0080
SV03888,LHP0080
SV03894,LHP0080
SV03919,LHP0080
SV03959,LHP0080
SV03961,LHP0080
SV03967,LHP0080
SV03972,LHP0080
SV03977,LHP0080
SV03978,LHP0080
SV04065,LHP0080
SV04066,LHP0080
SV04069,LHP0080
SV04070,LHP0080
SV04080,LHP0080
SV04081,LHP0080
SV04082,LHP0080
SV04083,LHP0080
SV04086,LHP0080
SV04089,LHP0080
SV04091,LHP0080
SV04093,LHP0080
SV04096,LHP0080
SV04097,LHP0080
SV04102,LHP0080
SV04103,LHP0080
SV04105,LHP0080
SV04108,LHP0080
SV04110,LHP0080
SV04111,LHP0080
SV04113,LHP0080
SV04114,LHP0080
SV04115,LHP0080
SV04116,LHP0080
SV04119,LHP0080
SV04122,LHP0080
SV04124,LHP0080
SV04126,LHP0080
SV04128,LHP0080
SV04129,LHP0080
SV04132,LHP0080
SV04135,LHP0080
SV04136,LHP0080
SV04139,LHP0080
SV04143,LHP0080
SV04145,LHP0080
SV04149,LHP0080
SV04150,LHP0080
SV02577,LHP0081
SV02587,LHP0081
SV02588,LHP0081
SV02638,LHP0081
SV02649,LHP0081
SV02725,LHP0081
SV02734,LHP0081
SV02784,LHP0081
SV02786,LHP0081
SV02817,LHP0081
SV02835,LHP0081
SV02844,LHP0081
SV02888,LHP0081
SV02893,LHP0081
SV02894,LHP0081
SV02895,LHP0081
SV02902,LHP0081
SV02911,LHP0081
SV02931,LHP0081
SV02934,LHP0081
SV02944,LHP0081
SV02945,LHP0081
SV02947,LHP0081
SV02955,LHP0081
SV02960,LHP0081
SV02968,LHP0081
SV02981,LHP0081
SV02984,LHP0081
SV02991,LHP0081
SV02992,LHP0081
SV02993,LHP0081
SV02996,LHP0081
SV03002,LHP0081
SV03003,LHP0081
SV03005,LHP0081
SV03006,LHP0081
SV03007,LHP0081
SV03011,LHP0081
SV03015,LHP0081
SV03016,LHP0081
SV03018,LHP0081
SV03021,LHP0081
SV03036,LHP0081
SV03045,LHP0081
SV03446,LHP0082
SV03447,LHP0082
SV03556,LHP0082
SV03638,LHP0082
SV03651,LHP0082
SV03726,LHP0082
SV03757,LHP0082
SV03880,LHP0082
SV03891,LHP0082
SV03904,LHP0082
SV03921,LHP0082
SV03922,LHP0082
SV03926,LHP0082
SV03932,LHP0082
SV03934,LHP0082
SV03944,LHP0082
SV03969,LHP0082
SV03977,LHP0082
SV03980,LHP0082
SV03985,LHP0082
SV04107,LHP0082
SV04109,LHP0082
SV04110,LHP0082
SV04114,LHP0082
SV04115,LHP0082
SV04118,LHP0082
SV04120,LHP0082
SV04121,LHP0082
SV04122,LHP0082
SV04126,LHP0082
SV04127,LHP0082
SV04128,LHP0082
SV04131,LHP0082
SV04132,LHP0082
SV04135,LHP0082
SV04136,LHP0082
SV04138,LHP0082
SV04140,LHP0082
SV04142,LHP0082
SV04144,LHP0082
SV04146,LHP0082
SV04147,LHP0082
SV04148,LHP0082
SV04149,LHP0082
SV04151,LHP0082
SV02695,LHP0083
SV02696,LHP0083
SV02697,LHP0083
SV02698,LHP0083
SV02699,LHP0083
SV02700,LHP0083
SV02701,LHP0083
SV02702,LHP0083
SV02703,LHP0083
SV02704,LHP0083
SV02705,LHP0083
SV02706,LHP0083
SV02707,LHP0083
SV02708,LHP0083
SV02709,LHP0083
SV02710,LHP0083
SV02711,LHP0083
SV02712,LHP0083
SV02713,LHP0083
SV02714,LHP0083
SV02715,LHP0083
SV02716,LHP0083
SV02717,LHP0083
SV02718,LHP0083
SV02719,LHP0083
SV02720,LHP0083
SV02721,LHP0083
SV02722,LHP0083
SV02723,LHP0083
SV02724,LHP0083
SV02725,LHP0083
SV02726,LHP0083
SV02727,LHP0083
SV02728,LHP0083
SV02729,LHP0083
SV02730,LHP0083
SV02731,LHP0083
SV02732,LHP0083
SV02733,LHP0083
SV02734,LHP0083
SV02735,LHP0083
SV02736,LHP0083
SV02737,LHP0083
SV02738,LHP0083
SV02739,LHP0083
SV02740,LHP0083
SV02741,LHP0083
SV02742,LHP0083
SV02743,LHP0083
SV02744,LHP0083
SV02745,LHP0083
SV02746,LHP0083
SV02747,LHP0083
SV02748,LHP0083
SV02749,LHP0083
SV02750,LHP0083
SV02751,LHP0083
SV02752,LHP0083
SV02753,LHP0083
SV02754,LHP0083
SV03465,LHP0084
SV03468,LHP0084
SV03485,LHP0084
SV03492,LHP0084
SV03494,LHP0084
SV03501,LHP0084
SV03505,LHP0084
SV03515,LHP0084
SV03523,LHP0084
SV03526,LHP0084
SV03529,LHP0084
SV03530,LHP0084
SV03592,LHP0084
SV03593,LHP0084
SV03605,LHP0084
SV03613,LHP0084
SV03614,LHP0084
SV03618,LHP0084
SV03620,LHP0084
SV03622,LHP0084
SV03634,LHP0084
SV03648,LHP0084
SV03654,LHP0084
SV03665,LHP0084
SV03670,LHP0084
SV03672,LHP0084
SV03674,LHP0084
SV03678,LHP0084
SV03679,LHP0084
SV03689,LHP0084
SV03693,LHP0084
SV03703,LHP0084
SV03707,LHP0084
SV03709,LHP0084
SV03712,LHP0084
SV03715,LHP0084
SV03719,LHP0084
SV03721,LHP0084
SV03724,LHP0084
SV03732,LHP0084
SV03737,LHP0084
SV03739,LHP0084
SV03741,LHP0084
SV03744,LHP0084
SV03747,LHP0084
SV03749,LHP0084
SV03750,LHP0084
SV03751,LHP0084
SV03753,LHP0084
SV03755,LHP0084
SV03762,LHP0084
SV03766,LHP0084
SV03768,LHP0084
SV03771,LHP0084
SV03773,LHP0084
SV03776,LHP0084
SV03777,LHP0084
SV03780,LHP0084
SV03782,LHP0084
SV03787,LHP0084
SV03790,LHP0084
SV03792,LHP0084
SV03797,LHP0084
SV03798,LHP0084
SV03800,LHP0084
SV03804,LHP0084
SV03806,LHP0084
SV03807,LHP0084
SV03813,LHP0084
SV03823,LHP0084
SV03825,LHP0084
SV03827,LHP0084
SV03831,LHP0084
SV03832,LHP0084
SV03835,LHP0084
SV03840,LHP0084
SV03842,LHP0084
SV03844,LHP0084
SV03848,LHP0084
SV01907,LHP0085
SV01908,LHP0085
SV01909,LHP0085
SV01910,LHP0085
SV01911,LHP0085
SV01912,LHP0085
SV01913,LHP0085
SV01914,LHP0085
SV01915,LHP0085
SV01916,LHP0085
SV01917,LHP0085
SV01918,LHP0085
SV01919,LHP0085
SV01920,LHP0085
SV01921,LHP0085
SV01922,LHP0085
SV01923,LHP0085
SV01924,LHP0085
SV01925,LHP0085
SV01926,LHP0085
SV01927,LHP0085
SV01928,LHP0085
SV01929,LHP0085
SV01930,LHP0085
SV01931,LHP0085
SV01932,LHP0085
SV01933,LHP0085
SV01934,LHP0085
SV01935,LHP0085
SV01936,LHP0085
SV01937,LHP0085
SV01938,LHP0085
SV01939,LHP0085
SV01940,LHP0085
SV01941,LHP0085
SV01942,LHP0085
SV01943,LHP0085
SV01944,LHP0085
SV01945,LHP0085
SV01946,LHP0085
SV01947,LHP0085
SV01948,LHP0085
SV01949,LHP0085
SV01950,LHP0085
SV01951,LHP0085
SV01952,LHP0085
SV01953,LHP0085
SV01954,LHP0085
SV01955,LHP0085
SV01956,LHP0085
SV01957,LHP0085
SV01958,LHP0085
SV01959,LHP0085
SV01960,LHP0085
SV01961,LHP0085
SV01962,LHP0085
SV01963,LHP0085
SV01964,LHP0085
SV01965,LHP0085
SV01966,LHP0085
SV01967,LHP0085
SV01968,LHP0085
SV01969,LHP0085
SV01970,LHP0085
SV01971,LHP0085
SV01972,LHP0085
SV01973,LHP0085
SV01974,LHP0085
SV01975,LHP0085
SV01976,LHP0085
SV01977,LHP0085
SV01978,LHP0085
SV01979,LHP0085
SV01980,LHP0085
SV01981,LHP0085
SV01982,LHP0085
SV01983,LHP0085
SV01984,LHP0085
SV01985,LHP0085
SV00559,LHP0086
SV00595,LHP0086
SV00657,LHP0086
SV00705,LHP0086
SV00711,LHP0086
SV00721,LHP0086
SV00735,LHP0086
SV00752,LHP0086
SV00753,LHP0086
SV00758,LHP0086
SV00761,LHP0086
SV00769,LHP0086
SV00773,LHP0086
SV00775,LHP0086
SV00776,LHP0086
SV00782,LHP0086
SV00785,LHP0086
SV00788,LHP0086
SV00790,LHP0086
SV00811,LHP0086
SV00812,LHP0086
SV00817,LHP0086
SV00820,LHP0086
SV00823,LHP0086
SV00825,LHP0086
SV00831,LHP0086
SV00855,LHP0086
SV00861,LHP0086
SV00864,LHP0086
SV00865,LHP0086
SV00868,LHP0086
SV00871,LHP0086
SV00879,LHP0086
SV00889,LHP0086
SV00892,LHP0086
SV00897,LHP0086
SV00899,LHP0086
SV00900,LHP0086
SV00901,LHP0086
SV00902,LHP0086
SV00907,LHP0086
SV00908,LHP0086
SV00909,LHP0086
SV00910,LHP0086
SV00912,LHP0086
SV00914,LHP0086
SV00917,LHP0086
SV00921,LHP0086
SV00922,LHP0086
SV01990,LHP0087
SV01993,LHP0087
SV01998,LHP0087
SV02083,LHP0087
SV02085,LHP0087
SV02087,LHP0087
SV02091,LHP0087
SV02092,LHP0087
SV02094,LHP0087
SV02095,LHP0087
SV02096,LHP0087
SV02097,LHP0087
SV02098,LHP0087
SV02100,LHP0087
SV02101,LHP0087
SV02102,LHP0087
SV02104,LHP0087
SV02105,LHP0087
SV02106,LHP0087
SV02109,LHP0087
SV02112,LHP0087
SV02114,LHP0087
SV02116,LHP0087
SV02117,LHP0087
SV02118,LHP0087
SV02119,LHP0087
SV02120,LHP0087
SV02121,LHP0087
SV02122,LHP0087
SV02123,LHP0087
SV02125,LHP0087
SV02129,LHP0087
SV02131,LHP0087
SV02133,LHP0087
SV03708,LHP0088
SV03709,LHP0088
SV03710,LHP0088
SV03711,LHP0088
SV03712,LHP0088
SV03713,LHP0088
SV03714,LHP0088
SV03715,LHP0088
SV03716,LHP0088
SV03717,LHP0088
SV03718,LHP0088
SV03719,LHP0088
SV03720,LHP0088
SV03721,LHP0088
SV03722,LHP0088
SV03723,LHP0088
SV03724,LHP0088
SV03725,LHP0088
SV03726,LHP0088
SV03727,LHP0088
SV03728,LHP0088
SV03729,LHP0088
SV03730,LHP0088
SV03731,LHP0088
SV03732,LHP0088
SV03733,LHP0088
SV03734,LHP0088
SV03735,LHP0088
SV03736,LHP0088
SV03737,LHP0088
SV03738,LHP0088
SV03739,LHP0088
SV03740,LHP0088
SV03741,LHP0088
SV03742,LHP0088
SV03743,LHP0088
SV03744,LHP0088
SV03745,LHP0088
SV03746,LHP0088
SV03747,LHP0088
SV03748,LHP0088
SV03749,LHP0088
SV03750,LHP0088
SV03751,LHP0088
SV03752,LHP0088
SV03753,LHP0088
SV03754,LHP0088
SV03755,LHP0088
SV03756,LHP0088
SV03757,LHP0088
SV03758,LHP0088
SV03759,LHP0088
SV03760,LHP0088
SV03761,LHP0088
SV03762,LHP0088
SV03763,LHP0088
SV03764,LHP0088
SV03765,LHP0088
SV03766,LHP0088
SV03767,LHP0088
SV03768,LHP0088
SV03769,LHP0088
SV03770,LHP0088
SV03771,LHP0088
SV03772,LHP0088
SV03773,LHP0088
SV03774,LHP0088
SV03775,LHP0088
SV03776,LHP0088
SV03777,LHP0088
SV03778,LHP0088
SV03779,LHP0088
SV03780,LHP0088
SV00405,LHP0089
SV00526,LHP0089
SV00527,LHP0089
SV00528,LHP0089
SV00529,LHP0089
SV00543,LHP0089
SV00597,LHP0089
SV00602,LHP0089
SV00614,LHP0089
SV00615,LHP0089
SV00617,LHP0089
SV00621,LHP0089
SV00633,LHP0089
SV00637,LHP0089
SV00643,LHP0089
SV00648,LHP0089
SV00650,LHP0089
SV00654,LHP0089
SV00659,LHP0089
SV00663,LHP0089
SV00664,LHP0089
SV00671,LHP0089
SV00674,LHP0089
SV00675,LHP0089
SV00676,LHP0089
SV00677,LHP0089
SV00678,LHP0089
SV00680,LHP0089
SV00681,LHP0089
SV00682,LHP0089
SV00686,LHP0089
SV00688,LHP0089
SV00690,LHP0089
SV00691,LHP0089
SV00693,LHP0089
SV00699,LHP0089
SV00700,LHP0089
SV00704,LHP0089
SV00705,LHP0089
SV00708,LHP0089
SV00709,LHP0089
SV00710,LHP0089
SV00711,LHP0089
SV00714,LHP0089
SV00724,LHP0089
SV00725,LHP0089
SV00726,LHP0089
SV00733,LHP0089
SV00734,LHP0089
SV00736,LHP0089
SV00737,LHP0089
SV00739,LHP0089
SV00785,LHP0090
SV01120,LHP0090
SV01121,LHP0090
SV01122,LHP0090
SV01123,LHP0090
SV01124,LHP0090
SV01125,LHP0090
SV01126,LHP0090
SV01127,LHP0090
SV01128,LHP0090
SV01129,LHP0090
SV01130,LHP0090
SV01131,LHP0090
SV01132,LHP0090
SV01133,LHP0090
SV01134,LHP0090
SV01135,LHP0090
SV01136,LHP0090
SV01137,LHP0090
SV01138,LHP0090
SV01139,LHP0090
SV01140,LHP0090
SV01141,LHP0090
SV01142,LHP0090
SV01143,LHP0090
SV01144,LHP0090
SV01145,LHP0090
SV01146,LHP0090
SV01147,LHP0090
SV01148,LHP0090
SV01560,LHP0091
SV01576,LHP0091
SV01600,LHP0091
SV01607,LHP0091
SV01609,LHP0091
SV01611,LHP0091
SV01612,LHP0091
SV01615,LHP0091
SV01616,LHP0091
SV01618,LHP0091
SV01619,LHP0091
SV01623,LHP0091
SV01624,LHP0091
SV01625,LHP0091
SV01626,LHP0091
SV01627,LHP0091
SV01628,LHP0091
SV01630,LHP0091
SV01633,LHP0091
SV01640,LHP0091
SV01641,LHP0091
SV01647,LHP0091
SV01649,LHP0091
SV01651,LHP0091
SV01659,LHP0091
SV01663,LHP0091
SV01665,LHP0091
SV01666,LHP0091
SV01668,LHP0091
SV01670,LHP0091
SV01673,LHP0091
SV01674,LHP0091
SV01675,LHP0091
SV01676,LHP0091
SV01677,LHP0091
SV01678,LHP0091
SV01679,LHP0091
SV01680,LHP0091
SV01681,LHP0091
SV01682,LHP0091
SV01683,LHP0091
SV01684,LHP0091
SV01685,LHP0091
SV01686,LHP0091
SV01687,LHP0091
SV01688,LHP0091
SV01689,LHP0091
SV01690,LHP0091
SV01691,LHP0091
SV01692,LHP0091
SV01693,LHP0091
SV01694,LHP0091
SV01695,LHP0091
SV01696,LHP0091
SV01697,LHP0091
SV01698,LHP0091
SV01699,LHP0091
SV01700,LHP0091
SV01701,LHP0091
SV01702,LHP0091
SV01703,LHP0091
SV01704,LHP0091
SV01705,LHP0091
SV01706,LHP0091
SV01707,LHP0091
SV01708,LHP0091
SV01709,LHP0091
SV01710,LHP0091
SV01711,LHP0091
SV01712,LHP0091
SV02904,LHP0092
SV02905,LHP0092
SV02906,LHP0092
SV02907,LHP0092
SV02908,LHP0092
SV02909,LHP0092
SV02910,LHP0092
SV02911,LHP0092
SV02912,LHP0092
SV02913,LHP0092
SV02914,LHP0092
SV02915,LHP0092
SV02916,LHP0092
SV02917,LHP0092
SV02918,LHP0092
SV02919,LHP0092
SV02920,LHP0092
SV02921,LHP0092
SV02922,LHP0092
SV02923,LHP0092
SV02924,LHP0092
SV02925,LHP0092
SV02926,LHP0092
SV02927,LHP0092
SV02928,LHP0092
SV02929,LHP0092
SV02930,LHP0092
SV02931,LHP0092
SV02932,LHP0092
SV02933,LHP0092
SV02934,LHP0092
SV02935,LHP0092
SV02936,LHP0092
SV02937,LHP0092
SV02938,LHP0092
SV02939,LHP0092
SV02940,LHP0092
SV02941,LHP0092
SV02942,LHP0092
SV02943,LHP0092
SV02944,LHP0092
SV02945,LHP0092
SV02946,LHP0092
SV02947,LHP0092
SV02948,LHP0092
SV02949,LHP0092
SV02950,LHP0092
SV02951,LHP0092
SV02952,LHP0092
SV02953,LHP0092
SV02954,LHP0092
SV02955,LHP0092
SV02956,LHP0092
SV02957,LHP0092
SV02958,LHP0092
SV02959,LHP0092
SV02960,LHP0092
SV02961,LHP0092
SV02962,LHP0092
SV02963,LHP0092
SV02964,LHP0092
SV02965,LHP0092
SV02966,LHP0092
SV02967,LHP0092
SV02968,LHP0092
SV02969,LHP0092
SV02970,LHP0092
SV02971,LHP0092
SV02972,LHP0092
SV02973,LHP0092
SV02974,LHP0092
SV02975,LHP0092
SV02976,LHP0092
SV02977,LHP0092
SV02978,LHP0092
SV02979,LHP0092
SV02584,LHP0093
SV02585,LHP0093
SV02586,LHP0093
SV02587,LHP0093
SV02588,LHP0093
SV02589,LHP0093
SV02590,LHP0093
SV02591,LHP0093
SV02592,LHP0093
SV02593,LHP0093
SV02594,LHP0093
SV02595,LHP0093
SV02596,LHP0093
SV02597,LHP0093
SV02598,LHP0093
SV02599,LHP0093
SV02600,LHP0093
SV02601,LHP0093
SV02602,LHP0093
SV02603,LHP0093
SV02604,LHP0093
SV02605,LHP0093
SV02606,LHP0093
SV02607,LHP0093
SV02608,LHP0093
SV02609,LHP0093
SV02610,LHP0093
SV02611,LHP0093
SV02612,LHP0093
SV02613,LHP0093
SV02614,LHP0093
SV02615,LHP0093
SV02616,LHP0093
SV02617,LHP0093
SV02618,LHP0093
SV02619,LHP0093
SV02620,LHP0093
SV02621,LHP0093
SV02622,LHP0093
SV02623,LHP0093
SV02624,LHP0093
SV02625,LHP0093
SV02626,LHP0093
SV02627,LHP0093
SV02628,LHP0093
SV02629,LHP0093
SV02630,LHP0093
SV02631,LHP0093
SV02632,LHP0093
SV02633,LHP0093
SV02634,LHP0093
SV02635,LHP0093
SV02636,LHP0093
SV02637,LHP0093
SV02638,LHP0093
SV02639,LHP0093
SV02640,LHP0093
SV02641,LHP0093
SV02642,LHP0093
SV02643,LHP0093
SV02644,LHP0093
SV02645,LHP0093
SV02646,LHP0093
SV02647,LHP0093
SV02648,LHP0093
SV02649,LHP0093
SV02650,LHP0093
SV02651,LHP0093
SV02652,LHP0093
SV02653,LHP0093
SV02654,LHP0093
SV02655,LHP0093
SV02656,LHP0093
SV02657,LHP0093
SV02658,LHP0093
SV02659,LHP0093
SV02660,LHP0093
SV02661,LHP0093
SV02662,LHP0093
SV01010,LHP0094
SV01020,LHP0094
SV01027,LHP0094
SV01036,LHP0094
SV01037,LHP0094
SV01040,LHP0094
SV01041,LHP0094
SV01042,LHP0094
SV01050,LHP0094
SV01051,LHP0094
SV01054,LHP0094
SV01066,LHP0094
SV01067,LHP0094
SV01068,LHP0094
SV01070,LHP0094
SV01073,LHP0094
SV01075,LHP0094
SV01077,LHP0094
SV01079,LHP0094
SV01080,LHP0094
SV01082,LHP0094
SV01084,LHP0094
SV01085,LHP0094
SV01087,LHP0094
SV01088,LHP0094
SV01089,LHP0094
SV01090,LHP0094
SV01091,LHP0094
SV01092,LHP0094
SV01093,LHP0094
SV01094,LHP0094
SV01095,LHP0094
SV01097,LHP0094
SV01098,LHP0094
SV01099,LHP0094
SV01100,LHP0094
SV01101,LHP0094
SV01102,LHP0094
SV01104,LHP0094
SV01106,LHP0094
SV01107,LHP0094
SV01110,LHP0094
SV01111,LHP0094
SV01112,LHP0094
SV01113,LHP0094
SV01114,LHP0094
SV01115,LHP0094
SV01117,LHP0094
SV01118,LHP0094
SV01119,LHP0094
SV00001,LHP0095
SV00002,LHP0095
SV00003,LHP0095
SV00004,LHP0095
SV00005,LHP0095
SV00006,LHP0095
SV00007,LHP0095
SV00008,LHP0095
SV00009,LHP0095
SV00010,LHP0095
SV00011,LHP0095
SV00012,LHP0095
SV00013,LHP0095
SV00014,LHP0095
SV00015,LHP0095
SV00016,LHP0095
SV00017,LHP0095
SV00018,LHP0095
SV00019,LHP0095
SV00020,LHP0095
SV00022,LHP0095
SV00023,LHP0095
SV00024,LHP0095
SV00025,LHP0095
SV00026,LHP0095
SV00027,LHP0095
SV00030,LHP0095
SV00031,LHP0095
SV00032,LHP0095
SV00034,LHP0095
SV00035,LHP0095
SV00037,LHP0095
SV00038,LHP0095
SV00041,LHP0095
SV00042,LHP0095
SV00043,LHP0095
SV00044,LHP0095
SV00045,LHP0095
SV00046,LHP0095
SV00048,LHP0095
SV00050,LHP0095
SV00051,LHP0095
SV00052,LHP0095
SV00053,LHP0095
SV00054,LHP0095
SV02563,LHP0096
SV02612,LHP0096
SV02615,LHP0096
SV02629,LHP0096
SV02638,LHP0096
SV02641,LHP0096
SV02643,LHP0096
SV02683,LHP0096
SV02686,LHP0096
SV02726,LHP0096
SV02730,LHP0096
SV02732,LHP0096
SV02738,LHP0096
SV02748,LHP0096
SV02752,LHP0096
SV02753,LHP0096
SV02759,LHP0096
SV02768,LHP0096
SV02770,LHP0096
SV02779,LHP0096
SV02782,LHP0096
SV02786,LHP0096
SV02792,LHP0096
SV02793,LHP0096
SV02806,LHP0096
SV02809,LHP0096
SV02812,LHP0096
SV02821,LHP0096
SV02830,LHP0096
SV02832,LHP0096
SV02839,LHP0096
SV01292,LHP0097
SV01293,LHP0097
SV01294,LHP0097
SV01295,LHP0097
SV01296,LHP0097
SV01297,LHP0097
SV01298,LHP0097
SV01299,LHP0097
SV01300,LHP0097
SV01301,LHP0097
SV01302,LHP0097
SV01303,LHP0097
SV01304,LHP0097
SV01305,LHP0097
SV01306,LHP0097
SV01307,LHP0097
SV01308,LHP0097
SV01309,LHP0097
SV01310,LHP0097
SV01311,LHP0097
SV01312,LHP0097
SV01313,LHP0097
SV01314,LHP0097
SV01315,LHP0097
SV01316,LHP0097
SV01317,LHP0097
SV01318,LHP0097
SV01319,LHP0097
SV01320,LHP0097
SV01321,LHP0097
SV01322,LHP0097
SV01323,LHP0097
SV01324,LHP0097
SV01325,LHP0097
SV01326,LHP0097
SV01327,LHP0097
SV01328,LHP0097
SV01329,LHP0097
SV01330,LHP0097
SV01331,LHP0097
SV01332,LHP0097
SV01333,LHP0097
SV01334,LHP0097
SV01335,LHP0097
SV01336,LHP0097
SV01337,LHP0097
SV00572,LHP0098
SV00573,LHP0098
SV00574,LHP0098
SV00575,LHP0098
SV00576,LHP0098
SV00577,LHP0098
SV00578,LHP0098
SV00579,LHP0098
SV00580,LHP0098
SV00581,LHP0098
SV00582,LHP0098
SV00583,LHP0098
SV00584,LHP0098
SV00585,LHP0098
SV00586,LHP0098
SV00587,LHP0098
SV00588,LHP0098
SV00589,LHP0098
SV00590,LHP0098
SV00591,LHP0098
SV00592,LHP0098
SV00593,LHP0098
SV00594,LHP0098
SV00595,LHP0098
SV00596,LHP0098
SV00597,LHP0098
SV00598,LHP0098
SV00599,LHP0098
SV00600,LHP0098
SV00601,LHP0098
SV00602,LHP0098
SV00603,LHP0098
SV00604,LHP0098
SV00605,LHP0098
SV00606,LHP0098
SV00607,LHP0098
SV00608,LHP0098
SV00609,LHP0098
SV00610,LHP0098
SV00611,LHP0098
SV00612,LHP0098
SV00613,LHP0098
SV00614,LHP0098
SV00615,LHP0098
SV00616,LHP0098
SV00617,LHP0098
SV00618,LHP0098
SV00619,LHP0098
SV00620,LHP0098
SV00621,LHP0098
SV00622,LHP0098
SV00623,LHP0098
SV00624,LHP0098
SV00625,LHP0098
SV00626,LHP0098
SV00627,LHP0098
SV00628,LHP0098
SV00629,LHP0098
SV00630,LHP0098
SV00631,LHP0098
SV00632,LHP0098
SV00633,LHP0098
SV00634,LHP0098
SV00635,LHP0098
SV00636,LHP0098
SV03473,LHP0099
SV03477,LHP0099
SV03484,LHP0099
SV03496,LHP0099
SV03513,LHP0099
SV03516,LHP0099
SV03524,LHP0099
SV03527,LHP0099
SV03610,LHP0099
SV03615,LHP0099
SV03637,LHP0099
SV03652,LHP0099
SV03671,LHP0099
SV03682,LHP0099
SV03713,LHP0099
SV03714,LHP0099
SV03722,LHP0099
SV03728,LHP0099
SV03729,LHP0099
SV03734,LHP0099
SV03736,LHP0099
SV03740,LHP0099
SV03743,LHP0099
SV03758,LHP0099
SV03772,LHP0099
SV03795,LHP0099
SV03814,LHP0099
SV03815,LHP0099
SV03847,LHP0099
SV03957,LHP0099
SV03958,LHP0099
SV03959,LHP0099
SV03961,LHP0099
SV03963,LHP0099
SV03964,LHP0099
SV03966,LHP0099
SV03968,LHP0099
SV03969,LHP0099
SV03970,LHP0099
SV03971,LHP0099
SV03972,LHP0099
SV03973,LHP0099
SV03975,LHP0099
SV03976,LHP0099
SV03977,LHP0099
SV03978,LHP0099
SV03979,LHP0099
SV03980,LHP0099
SV03981,LHP0099
SV03982,LHP0099
SV03983,LHP0099
SV03984,LHP0099
SV03985,LHP0099
SV03986,LHP0099
SV03987,LHP0099
SV03988,LHP0099
SV03989,LHP0099
SV03990,LHP0099
SV03991,LHP0099
SV03992,LHP0099
SV03993,LHP0099
SV00037,LHP0100
SV00039,LHP0100
SV00049,LHP0100
SV00077,LHP0100
SV00079,LHP0100
SV00082,LHP0100
SV00086,LHP0100
SV00096,LHP0100
SV00099,LHP0100
SV00105,LHP0100
SV00108,LHP0100
SV00112,LHP0100
SV00113,LHP0100
SV00124,LHP0100
SV00125,LHP0100
SV00130,LHP0100
SV00133,LHP0100
SV00138,LHP0100
SV00143,LHP0100
SV00146,LHP0100
SV00153,LHP0100
SV00157,LHP0100
SV00161,LHP0100
SV00168,LHP0100
SV00169,LHP0100
SV00185,LHP0100
SV00186,LHP0100
SV00188,LHP0100
SV00201,LHP0100
SV00206,LHP0100
SV00211,LHP0100
SV00214,LHP0100
SV00217,LHP0100
SV00219,LHP0100
SV00220,LHP0100
SV00225,LHP0100
SV00238,LHP0100
SV00242,LHP0100
SV00245,LHP0100
SV00252,LHP0100
SV00265,LHP0100
SV00269,LHP0100
SV00276,LHP0100
SV00278,LHP0100
SV00280,LHP0100
SV00285,LHP0100
SV00293,LHP0100
SV00294,LHP0100
SV00295,LHP0100
SV00299,LHP0100
SV00319,LHP0100
SV00322,LHP0100
SV00329,LHP0100
SV00330,LHP0100
SV00332,LHP0100
SV00337,LHP0100
SV00339,LHP0100
SV00340,LHP0100
SV01005,LHP0101
SV01041,LHP0101
SV01057,LHP0101
SV01121,LHP0101
SV01122,LHP0101
SV01124,LHP0101
SV01126,LHP0101
SV01127,LHP0101
SV01128,LHP0101
SV01130,LHP0101
SV01132,LHP0101
SV01133,LHP0101
SV01135,LHP0101
SV01136,LHP0101
SV01137,LHP0101
SV01138,LHP0101
SV01140,LHP0101
SV01141,LHP0101
SV01142,LHP0101
SV01143,LHP0101
SV01145,LHP0101
SV01146,LHP0101
SV01147,LHP0101
SV01150,LHP0101
SV01153,LHP0101
SV01154,LHP0101
SV01155,LHP0101
SV01156,LHP0101
SV01157,LHP0101
SV01158,LHP0101
SV01159,LHP0101
SV01161,LHP0101
SV01162,LHP0101
SV01163,LHP0101
SV01165,LHP0101
SV01168,LHP0101
SV01169,LHP0101
SV01170,LHP0101
SV01172,LHP0101
SV01174,LHP0101
SV01175,LHP0101
SV01178,LHP0101
SV01179,LHP0101
SV01180,LHP0101
SV01183,LHP0101
SV01184,LHP0101
SV01187,LHP0101
SV01189,LHP0101
SV01190,LHP0101
SV04212,LHP0102
SV04213,LHP0102
SV04214,LHP0102
SV04222,LHP0102
SV04225,LHP0102
SV04227,LHP0102
SV04228,LHP0102
SV04229,LHP0102
SV04230,LHP0102
SV04232,LHP0102
SV04235,LHP0102
SV04236,LHP0102
SV04237,LHP0102
SV04238,LHP0102
SV04239,LHP0102
SV04245,LHP0102
SV04247,LHP0102
SV04248,LHP0102
SV04249,LHP0102
SV04250,LHP0102
SV04251,LHP0102
SV04257,LHP0102
SV04258,LHP0102
SV04259,LHP0102
SV04261,LHP0102
SV04262,LHP0102
SV04263,LHP0102
SV04266,LHP0102
SV04267,LHP0102
SV04268,LHP0102
SV04270,LHP0102
SV04271,LHP0102
SV04272,LHP0102
SV04273,LHP0102
SV04275,LHP0102
SV04276,LHP0102
SV04278,LHP0102
SV04279,LHP0102
SV04281,LHP0102
SV04282,LHP0102
SV04283,LHP0102
SV04284,LHP0102
SV04286,LHP0102
SV04287,LHP0102
SV04288,LHP0102
SV04289,LHP0102
SV04290,LHP0102
SV04291,LHP0102
SV04292,LHP0102
SV04293,LHP0102
SV04294,LHP0102
SV04296,LHP0102
SV04297,LHP0102
SV04298,LHP0102
SV04299,LHP0102
SV04301,LHP0102
SV04302,LHP0102
SV02180,LHP0103
SV02181,LHP0103
SV02182,LHP0103
SV02183,LHP0103
SV02184,LHP0103
SV02185,LHP0103
SV02186,LHP0103
SV02187,LHP0103
SV02188,LHP0103
SV02189,LHP0103
SV02190,LHP0103
SV02191,LHP0103
SV02192,LHP0103
SV02193,LHP0103
SV02194,LHP0103
SV02195,LHP0103
SV02196,LHP0103
SV02197,LHP0103
SV02198,LHP0103
SV02199,LHP0103
SV02200,LHP0103
SV02201,LHP0103
SV02202,LHP0103
SV02203,LHP0103
SV02204,LHP0103
SV02205,LHP0103
SV02206,LHP0103
SV02207,LHP0103
SV02208,LHP0103
SV02209,LHP0103
SV02210,LHP0103
SV02211,LHP0103
SV02212,LHP0103
SV02213,LHP0103
SV02214,LHP0103
SV02215,LHP0103
SV02216,LHP0103
SV02217,LHP0103
SV02218,LHP0103
SV02219,LHP0103
SV02220,LHP0103
SV02221,LHP0103
SV02222,LHP0103
SV02223,LHP0103
SV02224,LHP0103
SV02225,LHP0103
SV02226,LHP0103
SV01351,LHP0104
SV01362,LHP0104
SV01407,LHP0104
SV01414,LHP0104
SV01423,LHP0104
SV01430,LHP0104
SV01436,LHP0104
SV01464,LHP0104
SV01466,LHP0104
SV01477,LHP0104
SV01491,LHP0104
SV01542,LHP0104
SV01544,LHP0104
SV01548,LHP0104
SV01551,LHP0104
SV01571,LHP0104
SV01572,LHP0104
SV01577,LHP0104
SV01586,LHP0104
SV01589,LHP0104
SV01593,LHP0104
SV01597,LHP0104
SV01608,LHP0104
SV01611,LHP0104
SV01615,LHP0104
SV01619,LHP0104
SV01622,LHP0104
SV01627,LHP0104
SV01632,LHP0104
SV01633,LHP0104
SV01635,LHP0104
SV01643,LHP0104
SV01645,LHP0104
SV01657,LHP0104
SV01660,LHP0104
SV01662,LHP0104
SV01670,LHP0104
SV01746,LHP0105
SV01747,LHP0105
SV01748,LHP0105
SV01749,LHP0105
SV01750,LHP0105
SV01751,LHP0105
SV01752,LHP0105
SV01753,LHP0105
SV01754,LHP0105
SV01755,LHP0105
SV01756,LHP0105
SV01757,LHP0105
SV01758,LHP0105
SV01759,LHP0105
SV01760,LHP0105
SV01761,LHP0105
SV01762,LHP0105
SV01763,LHP0105
SV01764,LHP0105
SV01765,LHP0105
SV01766,LHP0105
SV01767,LHP0105
SV01768,LHP0105
SV01769,LHP0105
SV01770,LHP0105
SV01771,LHP0105
SV01772,LHP0105
SV01773,LHP0105
SV01774,LHP0105
SV01775,LHP0105
SV01776,LHP0105
SV01777,LHP0105
SV01778,LHP0105
SV01779,LHP0105
SV01780,LHP0105
SV01781,LHP0105
SV01782,LHP0105
SV01783,LHP0105
SV01784,LHP0105
SV01785,LHP0105
SV01786,LHP0105
SV01787,LHP0105
SV01788,LHP0105
SV01335,LHP0106
SV01345,LHP0106
SV01374,LHP0106
SV01424,LHP0106
SV01431,LHP0106
SV01441,LHP0106
SV01442,LHP0106
SV01453,LHP0106
SV01456,LHP0106
SV01482,LHP0106
SV01544,LHP0106
SV01548,LHP0106
SV01558,LHP0106
SV01561,LHP0106
SV01567,LHP0106
SV01569,LHP0106
SV01571,LHP0106
SV01575,LHP0106
SV01582,LHP0106
SV01587,LHP0106
SV01588,LHP0106
SV01589,LHP0106
SV01594,LHP0106
SV01598,LHP0106
SV01599,LHP0106
SV01601,LHP0106
SV01602,LHP0106
SV01603,LHP0106
SV01605,LHP0106
SV01607,LHP0106
SV01609,LHP0106
SV01610,LHP0106
SV01611,LHP0106
SV01612,LHP0106
SV01613,LHP0106
SV01615,LHP0106
SV01616,LHP0106
SV01618,LHP0106
SV01619,LHP0106
SV01621,LHP0106
SV01623,LHP0106
SV01624,LHP0106
SV01625,LHP0106
SV01627,LHP0106
SV01628,LHP0106
SV01633,LHP0106
SV01634,LHP0106
SV01636,LHP0106
SV01638,LHP0106
SV01645,LHP0106
SV01647,LHP0106
SV01648,LHP0106
SV01649,LHP0106
SV01651,LHP0106
SV01653,LHP0106
SV01654,LHP0106
SV01659,LHP0106
SV01660,LHP0106
SV01662,LHP0106
SV01663,LHP0106
SV01664,LHP0106
SV01665,LHP0106
SV01668,LHP0106
SV01669,LHP0106
SV01670,LHP0106
SV01671,LHP0106
SV01673,LHP0106
SV01674,LHP0106
SV00529,LHP0107
SV00705,LHP0107
SV00758,LHP0107
SV00776,LHP0107
SV00782,LHP0107
SV00788,LHP0107
SV00817,LHP0107
SV00820,LHP0107
SV00828,LHP0107
SV00845,LHP0107
SV00851,LHP0107
SV00854,LHP0107
SV00855,LHP0107
SV00867,LHP0107
SV00871,LHP0107
SV00892,LHP0107
SV00916,LHP0107
SV00923,LHP0107
SV00926,LHP0107
SV00931,LHP0107
SV00938,LHP0107
SV00942,LHP0107
SV00946,LHP0107
SV00952,LHP0107
SV00955,LHP0107
SV00963,LHP0107
SV00969,LHP0107
SV00970,LHP0107
SV00974,LHP0107
SV00975,LHP0107
SV00984,LHP0107
SV00987,LHP0107
SV00988,LHP0107
SV00989,LHP0107
SV00990,LHP0107
SV00993,LHP0107
SV01000,LHP0107
SV01003,LHP0107
SV01006,LHP0107
SV01007,LHP0107
SV01008,LHP0107
SV01009,LHP0107
SV01010,LHP0107
SV01016,LHP0107
SV01017,LHP0107
SV01018,LHP0107
SV01019,LHP0107
SV01021,LHP0107
SV01022,LHP0107
SV01023,LHP0107
SV01029,LHP0107
SV01030,LHP0107
SV01031,LHP0107
SV03407,LHP0108
SV03454,LHP0108
SV03517,LHP0108
SV03523,LHP0108
SV03562,LHP0108
SV03593,LHP0108
SV03650,LHP0108
SV03676,LHP0108
SV03681,LHP0108
SV03690,LHP0108
SV03699,LHP0108
SV03711,LHP0108
SV03724,LHP0108
SV03729,LHP0108
SV03742,LHP0108
SV03743,LHP0108
SV03745,LHP0108
SV03760,LHP0108
SV03770,LHP0108
SV03775,LHP0108
SV03777,LHP0108
SV03778,LHP0108
SV03783,LHP0108
SV03791,LHP0108
SV03792,LHP0108
SV03800,LHP0108
SV03804,LHP0108
SV03818,LHP0108
SV03825,LHP0108
SV03826,LHP0108
SV03828,LHP0108
SV03832,LHP0108
SV03465,LHP0109
SV03466,LHP0109
SV03467,LHP0109
SV03468,LHP0109
SV03469,LHP0109
SV03470,LHP0109
SV03471,LHP0109
SV03472,LHP0109
SV03473,LHP0109
SV03474,LHP0109
SV03475,LHP0109
SV03476,LHP0109
SV03477,LHP0109
SV03478,LHP0109
SV03479,LHP0109
SV03480,LHP0109
SV03481,LHP0109
SV03482,LHP0109
SV03483,LHP0109
SV03484,LHP0109
SV03485,LHP0109
SV03486,LHP0109
SV03487,LHP0109
SV03488,LHP0109
SV03489,LHP0109
SV03490,LHP0109
SV03491,LHP0109
SV03492,LHP0109
SV03493,LHP0109
SV03494,LHP0109
SV03495,LHP0109
SV03496,LHP0109
SV03497,LHP0109
SV03498,LHP0109
SV03499,LHP0109
SV03500,LHP0109
SV03501,LHP0109
SV03502,LHP0109
SV03503,LHP0109
SV03504,LHP0109
SV03505,LHP0109
SV03506,LHP0109
SV03507,LHP0109
SV03508,LHP0109
SV03509,LHP0109
SV03510,LHP0109
SV03511,LHP0109
SV03512,LHP0109
SV03513,LHP0109
SV03514,LHP0109
SV03515,LHP0109
SV03516,LHP0109
SV03517,LHP0109
SV03518,LHP0109
SV03519,LHP0109
SV03520,LHP0109
SV03521,LHP0109
SV03522,LHP0109
SV03523,LHP0109
SV03524,LHP0109
SV03525,LHP0109
SV03526,LHP0109
SV03527,LHP0109
SV03528,LHP0109
SV03529,LHP0109
SV03530,LHP0109
SV03531,LHP0109
SV03532,LHP0109
SV03533,LHP0109
SV03534,LHP0109
SV01319,LHP0110
SV01326,LHP0110
SV01329,LHP0110
SV01337,LHP0110
SV01338,LHP0110
SV01341,LHP0110
SV01347,LHP0110
SV01349,LHP0110
SV01352,LHP0110
SV01356,LHP0110
SV01357,LHP0110
SV01358,LHP0110
SV01369,LHP0110
SV01371,LHP0110
SV01375,LHP0110
SV01376,LHP0110
SV01379,LHP0110
SV01383,LHP0110
SV01391,LHP0110
SV01393,LHP0110
SV01394,LHP0110
SV01397,LHP0110
SV01399,LHP0110
SV01400,LHP0110
SV01402,LHP0110
SV01409,LHP0110
SV01420,LHP0110
SV01421,LHP0110
SV01426,LHP0110
SV01435,LHP0110
SV01445,LHP0110
SV01451,LHP0110
SV01458,LHP0110
SV01459,LHP0110
SV01470,LHP0110
SV01475,LHP0110
SV01476,LHP0110
SV01479,LHP0110
SV01490,LHP0110
SV01495,LHP0110
SV01500,LHP0110
SV01502,LHP0110
SV01503,LHP0110
SV01505,LHP0110
SV01509,LHP0110
SV01511,LHP0110
SV01519,LHP0110
SV01528,LHP0110
SV04106,LHP0111
SV04107,LHP0111
SV04108,LHP0111
SV04109,LHP0111
SV04110,LHP0111
SV04111,LHP0111
SV04112,LHP0111
SV04113,LHP0111
SV04114,LHP0111
SV04115,LHP0111
SV04116,LHP0111
SV04117,LHP0111
SV04118,LHP0111
SV04119,LHP0111
SV04120,LHP0111
SV04121,LHP0111
SV04122,LHP0111
SV04123,LHP0111
SV04124,LHP0111
SV04125,LHP0111
SV04126,LHP0111
SV04127,LHP0111
SV04128,LHP0111
SV04129,LHP0111
SV04130,LHP0111
SV04131,LHP0111
SV04132,LHP0111
SV04133,LHP0111
SV04134,LHP0111
SV04135,LHP0111
SV04136,LHP0111
SV04137,LHP0111
SV04138,LHP0111
SV04139,LHP0111
SV04140,LHP0111
SV04141,LHP0111
SV04142,LHP0111
SV04143,LHP0111
SV04144,LHP0111
SV04145,LHP0111
SV04146,LHP0111
SV04147,LHP0111
SV04148,LHP0111
SV04149,LHP0111
SV04150,LHP0111
SV04151,LHP0111
SV04044,LHP0112
SV04049,LHP0112
SV04066,LHP0112
SV04130,LHP0112
SV04149,LHP0112
SV04158,LHP0112
SV04178,LHP0112
SV04197,LHP0112
SV04235,LHP0112
SV04244,LHP0112
SV04246,LHP0112
SV04248,LHP0112
SV04249,LHP0112
SV04250,LHP0112
SV04251,LHP0112
SV04252,LHP0112
SV04258,LHP0112
SV04260,LHP0112
SV04262,LHP0112
SV04265,LHP0112
SV04266,LHP0112
SV04267,LHP0112
SV04271,LHP0112
SV04272,LHP0112
SV04273,LHP0112
SV04274,LHP0112
SV04275,LHP0112
SV04276,LHP0112
SV04277,LHP0112
SV04283,LHP0112
SV04286,LHP0112
SV04287,LHP0112
SV04290,LHP0112
SV04291,LHP0112
SV04293,LHP0112
SV04294,LHP0112
SV04295,LHP0112
SV04299,LHP0112
SV04300,LHP0112
SV04303,LHP0112
SV04305,LHP0112
SV04309,LHP0112
SV04310,LHP0112
SV04311,LHP0112
SV04315,LHP0112
SV04316,LHP0112
SV04319,LHP0112
SV04321,LHP0112
SV04322,LHP0112
SV04324,LHP0112
SV04326,LHP0112
SV04328,LHP0112
SV04329,LHP0112
SV04330,LHP0112
SV04331,LHP0112
SV04332,LHP0112
SV04333,LHP0112
SV04334,LHP0112
SV04338,LHP0112
SV04340,LHP0112
SV04341,LHP0112
SV03389,LHP0113
SV03403,LHP0113
SV03604,LHP0113
SV03653,LHP0113
SV03662,LHP0113
SV03712,LHP0113
SV03715,LHP0113
SV03858,LHP0113
SV03868,LHP0113
SV03870,LHP0113
SV03876,LHP0113
SV03880,LHP0113
SV03903,LHP0113
SV03926,LHP0113
SV03934,LHP0113
SV03951,LHP0113
SV03970,LHP0113
SV04025,LHP0113
SV04030,LHP0113
SV04033,LHP0113
SV04038,LHP0113
SV04039,LHP0113
SV04043,LHP0113
SV04055,LHP0113
SV04060,LHP0113
SV04077,LHP0113
SV04081,LHP0113
SV04087,LHP0113
SV04088,LHP0113
SV04100,LHP0113
SV04106,LHP0113
SV04116,LHP0113
SV04117,LHP0113
SV04127,LHP0113
SV04132,LHP0113
SV04137,LHP0113
SV04138,LHP0113
SV04139,LHP0113
SV04144,LHP0113
SV04145,LHP0113
SV04148,LHP0113
SV04151,LHP0113
SV04161,LHP0113
SV04168,LHP0113
SV04184,LHP0113
SV04187,LHP0113
SV04204,LHP0113
SV04210,LHP0113
SV04214,LHP0113
SV04215,LHP0113
SV04216,LHP0113
SV04218,LHP0113
SV04219,LHP0113
SV04220,LHP0113
SV04223,LHP0113
SV04225,LHP0113
SV04230,LHP0113
SV04231,LHP0113
SV04233,LHP0113
SV04234,LHP0113
SV04236,LHP0113
SV04239,LHP0113
SV04240,LHP0113
SV04241,LHP0113
SV04243,LHP0113
SV04244,LHP0113
SV01262,LHP0114
SV01304,LHP0114
SV01306,LHP0114
SV01311,LHP0114
SV01335,LHP0114
SV01345,LHP0114
SV01348,LHP0114
SV01350,LHP0114
SV01352,LHP0114
SV01356,LHP0114
SV01362,LHP0114
SV01368,LHP0114
SV01372,LHP0114
SV01374,LHP0114
SV01375,LHP0114
SV01379,LHP0114
SV01388,LHP0114
SV01389,LHP0114
SV01390,LHP0114
SV01394,LHP0114
SV01395,LHP0114
SV01396,LHP0114
SV01397,LHP0114
SV01402,LHP0114
SV01406,LHP0114
SV01407,LHP0114
SV01409,LHP0114
SV01410,LHP0114
SV01411,LHP0114
SV01412,LHP0114
SV01414,LHP0114
SV01415,LHP0114
SV01423,LHP0114
SV01431,LHP0114
SV01433,LHP0114
SV01438,LHP0114
SV01442,LHP0114
SV01448,LHP0114
SV01449,LHP0114
SV01450,LHP0114
SV01453,LHP0114
SV01454,LHP0114
SV01455,LHP0114
SV01456,LHP0114
SV01459,LHP0114
SV01460,LHP0114
SV01461,LHP0114
SV01464,LHP0114
SV01465,LHP0114
SV01466,LHP0114
SV01467,LHP0114
SV01469,LHP0114
SV01471,LHP0114
SV01472,LHP0114
SV01477,LHP0114
SV01479,LHP0114
SV01480,LHP0114
SV01482,LHP0114
SV01484,LHP0114
SV01485,LHP0114
SV01486,LHP0114
SV01487,LHP0114
SV01489,LHP0114
SV01490,LHP0114
SV01493,LHP0114
SV01496,LHP0114
SV01501,LHP0114
SV01502,LHP0114
SV01504,LHP0114
SV01508,LHP0114
SV01509,LHP0114
SV01515,LHP0114
SV01517,LHP0114
SV01520,LHP0114
SV01523,LHP0114
SV01524,LHP0114
SV01528,LHP0114
SV01529,LHP0114
SV04213,LHP0115
SV04327,LHP0115
SV04343,LHP0115
SV04361,LHP0115
SV04373,LHP0115
SV04497,LHP0115
SV04498,LHP0115
SV04499,LHP0115
SV04500,LHP0115
SV04501,LHP0115
SV04502,LHP0115
SV04503,LHP0115
SV04504,LHP0115
SV04505,LHP0115
SV04506,LHP0115
SV04507,LHP0115
SV04508,LHP0115
SV04509,LHP0115
SV04510,LHP0115
SV04511,LHP0115
SV04512,LHP0115
SV04513,LHP0115
SV04514,LHP0115
SV04515,LHP0115
SV04516,LHP0115
SV04517,LHP0115
SV04518,LHP0115
SV04519,LHP0115
SV04520,LHP0115
SV04521,LHP0115
SV04522,LHP0115
SV04523,LHP0115
SV04524,LHP0115
SV04525,LHP0115
SV04526,LHP0115
SV04527,LHP0115
SV04528,LHP0115
SV04529,LHP0115
SV04530,LHP0115
SV04531,LHP0115
SV04532,LHP0115
SV04533,LHP0115
SV04534,LHP0115
SV04535,LHP0115
SV04536,LHP0115
SV04537,LHP0115
SV04538,LHP0115
SV04539,LHP0115
SV04540,LHP0115
SV04541,LHP0115
SV04542,LHP0115
SV04543,LHP0115
SV04544,LHP0115
SV04545,LHP0115
SV02020,LHP0116
SV02052,LHP0116
SV02115,LHP0116
SV02134,LHP0116
SV02135,LHP0116
SV02136,LHP0116
SV02137,LHP0116
SV02138,LHP0116
SV02139,LHP0116
SV02140,LHP0116
SV02141,LHP0116
SV02142,LHP0116
SV02143,LHP0116
SV02144,LHP0116
SV02145,LHP0116
SV02146,LHP0116
SV02147,LHP0116
SV02148,LHP0116
SV02149,LHP0116
SV02150,LHP0116
SV02151,LHP0116
SV02152,LHP0116
SV02153,LHP0116
SV02154,LHP0116
SV02155,LHP0116
SV02156,LHP0116
SV02157,LHP0116
SV02158,LHP0116
SV02159,LHP0116
SV02160,LHP0116
SV02161,LHP0116
SV02162,LHP0116
SV02163,LHP0116
SV02164,LHP0116
SV02165,LHP0116
SV02166,LHP0116
SV02167,LHP0116
SV02168,LHP0116
SV02169,LHP0116
SV02170,LHP0116
SV02171,LHP0116
SV02172,LHP0116
SV02173,LHP0116
SV02174,LHP0116
SV02175,LHP0116
SV02176,LHP0116
SV02177,LHP0116
SV02178,LHP0116
SV02179,LHP0116
SV03849,LHP0117
SV03850,LHP0117
SV03851,LHP0117
SV03852,LHP0117
SV03853,LHP0117
SV03854,LHP0117
SV03855,LHP0117
SV03856,LHP0117
SV03857,LHP0117
SV03858,LHP0117
SV03859,LHP0117
SV03860,LHP0117
SV03861,LHP0117
SV03862,LHP0117
SV03863,LHP0117
SV03864,LHP0117
SV03865,LHP0117
SV03866,LHP0117
SV03867,LHP0117
SV03868,LHP0117
SV03869,LHP0117
SV03870,LHP0117
SV03871,LHP0117
SV03872,LHP0117
SV03873,LHP0117
SV03874,LHP0117
SV03875,LHP0117
SV03876,LHP0117
SV03877,LHP0117
SV03878,LHP0117
SV03879,LHP0117
SV03880,LHP0117
SV03881,LHP0117
SV03882,LHP0117
SV03883,LHP0117
SV03884,LHP0117
SV03885,LHP0117
SV03886,LHP0117
SV03887,LHP0117
SV03888,LHP0117
SV03889,LHP0117
SV03890,LHP0117
SV03891,LHP0117
SV03892,LHP0117
SV03893,LHP0117
SV03894,LHP0117
SV03895,LHP0117
SV03896,LHP0117
SV03897,LHP0117
SV03898,LHP0117
SV03899,LHP0117
SV03900,LHP0117
SV03901,LHP0117
SV03902,LHP0117
SV03903,LHP0117
SV03904,LHP0117
SV03905,LHP0117
SV03906,LHP0117
SV03907,LHP0117
SV03908,LHP0117
SV03909,LHP0117
SV03910,LHP0117
SV03911,LHP0117
SV03912,LHP0117
SV03913,LHP0117
SV03914,LHP0117
SV03915,LHP0117
SV03916,LHP0117
SV03917,LHP0117
SV03918,LHP0117
SV03919,LHP0117
SV03920,LHP0117
SV03921,LHP0117
SV03922,LHP0117
SV03923,LHP0117
SV03924,LHP0117
SV03925,LHP0117
SV03926,LHP0117
SV03203,LHP0118
SV03221,LHP0118
SV03258,LHP0118
SV03269,LHP0118
SV03282,LHP0118
SV03291,LHP0118
SV03292,LHP0118
SV03306,LHP0118
SV03312,LHP0118
SV03363,LHP0118
SV03383,LHP0118
SV03399,LHP0118
SV03402,LHP0118
SV03420,LHP0118
SV03421,LHP0118
SV03441,LHP0118
SV03449,LHP0118
SV03452,LHP0118
SV03454,LHP0118
SV03460,LHP0118
SV03462,LHP0118
SV03466,LHP0118
SV03477,LHP0118
SV03488,LHP0118
SV03491,LHP0118
SV03493,LHP0118
SV03500,LHP0118
SV03503,LHP0118
SV03508,LHP0118
SV03511,LHP0118
SV03514,LHP0118
SV03531,LHP0118
SV03532,LHP0118
SV03537,LHP0118
SV03539,LHP0118
SV03542,LHP0118
SV03550,LHP0118
SV03554,LHP0118
SV03568,LHP0118
SV03573,LHP0118
SV03578,LHP0118
SV03580,LHP0118
SV03584,LHP0118
SV03586,LHP0118
SV03590,LHP0118
SV01272,LHP0119
SV01319,LHP0119
SV01322,LHP0119
SV01325,LHP0119
SV01330,LHP0119
SV01334,LHP0119
SV01338,LHP0119
SV01346,LHP0119
SV01347,LHP0119
SV01351,LHP0119
SV01353,LHP0119
SV01358,LHP0119
SV01361,LHP0119
SV01364,LHP0119
SV01365,LHP0119
SV01367,LHP0119
SV01373,LHP0119
SV01382,LHP0119
SV01383,LHP0119
SV01384,LHP0119
SV01385,LHP0119
SV01386,LHP0119
SV01387,LHP0119
SV01391,LHP0119
SV01392,LHP0119
SV01393,LHP0119
SV01398,LHP0119
SV01403,LHP0119
SV01405,LHP0119
SV01408,LHP0119
SV01413,LHP0119
SV01416,LHP0119
SV01420,LHP0119
SV01424,LHP0119
SV01425,LHP0119
SV01428,LHP0119
SV01434,LHP0119
SV01435,LHP0119
SV01437,LHP0119
SV01439,LHP0119
SV01440,LHP0119
SV01443,LHP0119
SV01445,LHP0119
SV01446,LHP0119
SV01447,LHP0119
SV01451,LHP0119
SV01452,LHP0119
SV01462,LHP0119
SV01473,LHP0119
SV01476,LHP0119
SV01481,LHP0119
SV01488,LHP0119
SV01491,LHP0119
SV01492,LHP0119
SV01495,LHP0119
SV01499,LHP0119
SV01500,LHP0119
SV01505,LHP0119
SV01506,LHP0119
SV01511,LHP0119
SV01513,LHP0119
SV01514,LHP0119
SV01516,LHP0119
SV01521,LHP0119
SV01522,LHP0119
SV01525,LHP0119
SV01526,LHP0119
SV01531,LHP0119
SV01535,LHP0119
SV01537,LHP0119
SV01538,LHP0119
SV01539,LHP0119
SV01540,LHP0119
SV01541,LHP0119
SV03724,LHP0120
SV04003,LHP0120
SV04049,LHP0120
SV04125,LHP0120
SV04138,LHP0120
SV04147,LHP0120
SV04149,LHP0120
SV04150,LHP0120
SV04158,LHP0120
SV04159,LHP0120
SV04160,LHP0120
SV04169,LHP0120
SV04176,LHP0120
SV04178,LHP0120
SV04194,LHP0120
SV04201,LHP0120
SV04209,LHP0120
SV04222,LHP0120
SV04226,LHP0120
SV04232,LHP0120
SV04233,LHP0120
SV04242,LHP0120
SV04243,LHP0120
SV04248,LHP0120
SV04251,LHP0120
SV04252,LHP0120
SV04254,LHP0120
SV04256,LHP0120
SV04257,LHP0120
SV04262,LHP0120
SV04263,LHP0120
SV04264,LHP0120
SV04266,LHP0120
SV04268,LHP0120
SV04271,LHP0120
SV04273,LHP0120
SV04275,LHP0120
SV04278,LHP0120
SV04279,LHP0120
SV04280,LHP0120
SV04281,LHP0120
SV04282,LHP0120
SV04283,LHP0120
SV04285,LHP0120
SV04287,LHP0120
SV04288,LHP0120
SV04291,LHP0120
SV04292,LHP0120
SV04296,LHP0120
SV04299,LHP0120
SV04300,LHP0120
SV04301,LHP0120
SV04304,LHP0120
SV04306,LHP0120
SV04307,LHP0120
SV04311,LHP0120
SV04315,LHP0120
SV04317,LHP0120
SV04320,LHP0120
SV04322,LHP0120
SV04323,LHP0120
SV04324,LHP0120
SV04327,LHP0120
SV04328,LHP0120
SV04330,LHP0120
SV04331,LHP0120
SV04332,LHP0120
SV04333,LHP0120
SV04334,LHP0120
SV04336,LHP0120
SV04338,LHP0120
SV04339,LHP0120
SV04340,LHP0120
SV04341,LHP0120
SV00925,LHP0121
SV00926,LHP0121
SV00927,LHP0121
SV00928,LHP0121
SV00929,LHP0121
SV00930,LHP0121
SV00931,LHP0121
SV00932,LHP0121
SV00933,LHP0121
SV00934,LHP0121
SV00935,LHP0121
SV00936,LHP0121
SV00937,LHP0121
SV00938,LHP0121
SV00939,LHP0121
SV00940,LHP0121
SV00941,LHP0121
SV00942,LHP0121
SV00943,LHP0121
SV00944,LHP0121
SV00945,LHP0121
SV00946,LHP0121
SV00947,LHP0121
SV00948,LHP0121
SV00949,LHP0121
SV00950,LHP0121
SV00951,LHP0121
SV00952,LHP0121
SV00953,LHP0121
SV00954,LHP0121
SV00955,LHP0121
SV00956,LHP0121
SV00957,LHP0121
SV00958,LHP0121
SV00959,LHP0121
SV00960,LHP0121
SV00961,LHP0121
SV00962,LHP0121
SV00963,LHP0121
SV00964,LHP0121
SV00965,LHP0121
SV00966,LHP0121
SV00967,LHP0121
SV00968,LHP0121
SV00969,LHP0121
SV00970,LHP0121
SV00971,LHP0121
SV00972,LHP0121
SV00973,LHP0121
SV00974,LHP0121
SV00975,LHP0121
SV00976,LHP0121
SV00977,LHP0121
SV00978,LHP0121
SV00979,LHP0121
SV00980,LHP0121
SV00981,LHP0121
SV00982,LHP0121
SV00983,LHP0121
SV00984,LHP0121
SV00985,LHP0121
SV00986,LHP0121
SV00987,LHP0121
SV00988,LHP0121
SV00989,LHP0121
SV00990,LHP0121
SV00991,LHP0121
SV00992,LHP0121
SV00993,LHP0121
SV00994,LHP0121
SV00995,LHP0121
SV00996,LHP0121
SV00997,LHP0121
SV00998,LHP0121
SV00999,LHP0121
SV01000,LHP0121
SV01001,LHP0121
SV01002,LHP0121
SV01003,LHP0121
SV01004,LHP0121
SV02228,LHP0122
SV02237,LHP0122
SV02241,LHP0122
SV02248,LHP0122
SV02262,LHP0122
SV02274,LHP0122
SV02284,LHP0122
SV02289,LHP0122
SV02297,LHP0122
SV02299,LHP0122
SV02301,LHP0122
SV02303,LHP0122
SV02304,LHP0122
SV02305,LHP0122
SV02307,LHP0122
SV02308,LHP0122
SV02309,LHP0122
SV02310,LHP0122
SV02311,LHP0122
SV02312,LHP0122
SV02313,LHP0122
SV02314,LHP0122
SV02315,LHP0122
SV02316,LHP0122
SV02317,LHP0122
SV02318,LHP0122
SV02319,LHP0122
SV02320,LHP0122
SV02321,LHP0122
SV02322,LHP0122
SV02323,LHP0122
SV02324,LHP0122
SV02325,LHP0122
SV02326,LHP0122
SV02327,LHP0122
SV02328,LHP0122
SV02329,LHP0122
SV02330,LHP0122
SV02331,LHP0122
SV02332,LHP0122
SV02333,LHP0122
SV02334,LHP0122
SV02335,LHP0122
SV02336,LHP0122
SV02337,LHP0122
SV02338,LHP0122
SV02339,LHP0122
SV02340,LHP0122
SV02341,LHP0122
SV02342,LHP0122
SV02343,LHP0122
SV02344,LHP0122
SV02345,LHP0122
SV02346,LHP0122
SV02347,LHP0122
SV02348,LHP0122
SV02349,LHP0122
SV00025,LHP0123
SV00064,LHP0123
SV00066,LHP0123
SV00067,LHP0123
SV00068,LHP0123
SV00073,LHP0123
SV00075,LHP0123
SV00078,LHP0123
SV00080,LHP0123
SV00081,LHP0123
SV00082,LHP0123
SV00089,LHP0123
SV00090,LHP0123
SV00092,LHP0123
SV00097,LHP0123
SV00100,LHP0123
SV00101,LHP0123
SV00103,LHP0123
SV00108,LHP0123
SV00109,LHP0123
SV00115,LHP0123
SV00119,LHP0123
SV00121,LHP0123
SV00125,LHP0123
SV00127,LHP0123
SV00131,LHP0123
SV00132,LHP0123
SV00133,LHP0123
SV00135,LHP0123
SV00138,LHP0123
SV00143,LHP0123
SV00144,LHP0123
SV00145,LHP0123
SV00148,LHP0123
SV00149,LHP0123
SV00150,LHP0123
SV00151,LHP0123
SV00152,LHP0123
SV00153,LHP0123
SV00574,LHP0124
SV00615,LHP0124
SV00616,LHP0124
SV00638,LHP0124
SV00639,LHP0124
SV00648,LHP0124
SV00658,LHP0124
SV00660,LHP0124
SV00679,LHP0124
SV00696,LHP0124
SV00711,LHP0124
SV00714,LHP0124
SV00718,LHP0124
SV00720,LHP0124
SV00722,LHP0124
SV00733,LHP0124
SV00741,LHP0124
SV00742,LHP0124
SV00743,LHP0124
SV00750,LHP0124
SV00765,LHP0124
SV00767,LHP0124
SV00768,LHP0124
SV00770,LHP0124
SV00772,LHP0124
SV00778,LHP0124
SV00781,LHP0124
SV00861,LHP0124
SV00862,LHP0124
SV00867,LHP0124
SV00869,LHP0124
SV00870,LHP0124
SV00872,LHP0124
SV00877,LHP0124
SV00886,LHP0124
SV00889,LHP0124
SV00890,LHP0124
SV00894,LHP0124
SV00896,LHP0124
SV00898,LHP0124
SV00900,LHP0124
SV00902,LHP0124
SV00905,LHP0124
SV00911,LHP0124
SV00912,LHP0124
SV00913,LHP0124
SV00918,LHP0124
SV00921,LHP0124
SV02318,LHP0125
SV02329,LHP0125
SV02342,LHP0125
SV02347,LHP0125
SV02355,LHP0125
SV02356,LHP0125
SV02358,LHP0125
SV02360,LHP0125
SV02361,LHP0125
SV02373,LHP0125
SV02384,LHP0125
SV02387,LHP0125
SV02388,LHP0125
SV02389,LHP0125
SV02391,LHP0125
SV02392,LHP0125
SV02396,LHP0125
SV02397,LHP0125
SV02400,LHP0125
SV02401,LHP0125
SV02404,LHP0125
SV02405,LHP0125
SV02407,LHP0125
SV02411,LHP0125
SV02417,LHP0125
SV02419,LHP0125
SV02421,LHP0125
SV02423,LHP0125
SV02426,LHP0125
SV02427,LHP0125
SV02428,LHP0125
SV02429,LHP0125
SV02431,LHP0125
SV02432,LHP0125
SV02433,LHP0125
SV02435,LHP0125
SV02436,LHP0125
SV02437,LHP0125
SV02438,LHP0125
SV02439,LHP0125
SV02440,LHP0125
SV02441,LHP0125
SV02442,LHP0125
SV02445,LHP0125
SV02446,LHP0125
SV02449,LHP0125
SV02450,LHP0125
SV04438,LHP0126
SV04439,LHP0126
SV04441,LHP0126
SV04442,LHP0126
SV04443,LHP0126
SV04444,LHP0126
SV04447,LHP0126
SV04448,LHP0126
SV04449,LHP0126
SV04451,LHP0126
SV04452,LHP0126
SV04453,LHP0126
SV04455,LHP0126
SV04456,LHP0126
SV04461,LHP0126
SV04466,LHP0126
SV04467,LHP0126
SV04468,LHP0126
SV04471,LHP0126
SV04472,LHP0126
SV04473,LHP0126
SV04476,LHP0126
SV04477,LHP0126
SV04478,LHP0126
SV04479,LHP0126
SV04480,LHP0126
SV04481,LHP0126
SV04482,LHP0126
SV04484,LHP0126
SV04485,LHP0126
SV04487,LHP0126
SV04489,LHP0126
SV04491,LHP0126
SV04492,LHP0126
SV04493,LHP0126
SV04494,LHP0126
SV04495,LHP0126
SV04500,LHP0126
SV04503,LHP0126
SV04505,LHP0126
SV04506,LHP0126
SV04514,LHP0126
SV04516,LHP0126
SV04518,LHP0126
SV04519,LHP0126
SV04525,LHP0126
SV04528,LHP0126
SV04529,LHP0126
SV04530,LHP0126
SV04531,LHP0126
SV04535,LHP0126
SV04538,LHP0126
SV04540,LHP0126
SV04541,LHP0126
SV04542,LHP0126
SV04543,LHP0126
SV04545,LHP0126
SV02880,LHP0127
SV02896,LHP0127
SV02897,LHP0127
SV02914,LHP0127
SV02920,LHP0127
SV02928,LHP0127
SV02940,LHP0127
SV02958,LHP0127
SV02977,LHP0127
SV02986,LHP0127
SV02996,LHP0127
SV02999,LHP0127
SV03007,LHP0127
SV03008,LHP0127
SV03019,LHP0127
SV03030,LHP0127
SV03042,LHP0127
SV03045,LHP0127
SV03077,LHP0127
SV03096,LHP0127
SV03099,LHP0127
SV03100,LHP0127
SV03105,LHP0127
SV03108,LHP0127
SV03129,LHP0127
SV03131,LHP0127
SV03141,LHP0127
SV03142,LHP0127
SV03145,LHP0127
SV03146,LHP0127
SV03154,LHP0127
SV03156,LHP0127
SV03157,LHP0127
SV03167,LHP0127
SV03185,LHP0127
SV03187,LHP0127
SV03189,LHP0127
SV03196,LHP0127
SV03202,LHP0127
SV03203,LHP0127
SV03204,LHP0127
SV03214,LHP0127
SV03234,LHP0127
SV03238,LHP0127
SV03244,LHP0127
SV03253,LHP0127
SV03258,LHP0127
SV03269,LHP0127
SV03274,LHP0127
SV03275,LHP0127
SV03284,LHP0127
SV03292,LHP0127
SV03297,LHP0127
SV03299,LHP0127
SV03312,LHP0127
SV03319,LHP0127
SV03321,LHP0127
SV03332,LHP0127
SV03341,LHP0127
SV03344,LHP0127
SV03348,LHP0127
SV03350,LHP0127
SV03352,LHP0127
SV03355,LHP0127
SV03358,LHP0127
SV03361,LHP0127
SV03374,LHP0127
SV03381,LHP0127
SV03387,LHP0127
SV03389,LHP0127
SV03391,LHP0127
SV03394,LHP0127
SV03401,LHP0127
SV00859,LHP0128
SV00860,LHP0128
SV00861,LHP0128
SV00862,LHP0128
SV00863,LHP0128
SV00864,LHP0128
SV00865,LHP0128
SV00866,LHP0128
SV00867,LHP0128
SV00868,LHP0128
SV00869,LHP0128
SV00870,LHP0128
SV00871,LHP0128
SV00872,LHP0128
SV00873,LHP0128
SV00874,LHP0128
SV00875,LHP0128
SV00876,LHP0128
SV00877,LHP0128
SV00878,LHP0128
SV00879,LHP0128
SV00880,LHP0128
SV00881,LHP0128
SV00882,LHP0128
SV00883,LHP0128
SV00884,LHP0128
SV00885,LHP0128
SV00886,LHP0128
SV00887,LHP0128
SV00888,LHP0128
SV00889,LHP0128
SV00890,LHP0128
SV00891,LHP0128
SV00892,LHP0128
SV00893,LHP0128
SV00894,LHP0128
SV00895,LHP0128
SV00896,LHP0128
SV00897,LHP0128
SV00898,LHP0128
SV00899,LHP0128
SV00900,LHP0128
SV00901,LHP0128
SV00902,LHP0128
SV00903,LHP0128
SV00904,LHP0128
SV00905,LHP0128
SV00906,LHP0128
SV00907,LHP0128
SV00908,LHP0128
SV00909,LHP0128
SV00910,LHP0128
SV00911,LHP0128
SV00912,LHP0128
SV00913,LHP0128
SV00914,LHP0128
SV00915,LHP0128
SV00916,LHP0128
SV00917,LHP0128
SV00918,LHP0128
SV00919,LHP0128
SV00920,LHP0128
SV00921,LHP0128
SV00922,LHP0128
SV00923,LHP0128
SV00924,LHP0128
SV02532,LHP0129
SV02585,LHP0129
SV02588,LHP0129
SV02594,LHP0129
SV02605,LHP0129
SV02853,LHP0129
SV02885,LHP0129
SV02887,LHP0129
SV02890,LHP0129
SV02900,LHP0129
SV02902,LHP0129
SV02905,LHP0129
SV02910,LHP0129
SV02916,LHP0129
SV02918,LHP0129
SV02923,LHP0129
SV02938,LHP0129
SV02943,LHP0129
SV02945,LHP0129
SV02954,LHP0129
SV02961,LHP0129
SV02967,LHP0129
SV02978,LHP0129
SV02989,LHP0129
SV02991,LHP0129
SV02994,LHP0129
SV03009,LHP0129
SV03011,LHP0129
SV03013,LHP0129
SV03015,LHP0129
SV03022,LHP0129
SV03023,LHP0129
SV03025,LHP0129
SV03028,LHP0129
SV03035,LHP0129
SV03038,LHP0129
SV03047,LHP0129
SV03064,LHP0129
SV03065,LHP0129
SV03070,LHP0129
SV03077,LHP0129
SV03082,LHP0129
SV03088,LHP0129
SV03096,LHP0129
SV03101,LHP0129
SV03104,LHP0129
SV03115,LHP0129
SV02669,LHP0130
SV02698,LHP0130
SV02705,LHP0130
SV02723,LHP0130
SV02779,LHP0130
SV02815,LHP0130
SV02875,LHP0130
SV02876,LHP0130
SV02877,LHP0130
SV02878,LHP0130
SV02879,LHP0130
SV02880,LHP0130
SV02881,LHP0130
SV02882,LHP0130
SV02883,LHP0130
SV02884,LHP0130
SV02885,LHP0130
SV02886,LHP0130
SV02887,LHP0130
SV02888,LHP0130
SV02889,LHP0130
SV02890,LHP0130
SV02891,LHP0130
SV02892,LHP0130
SV02893,LHP0130
SV02894,LHP0130
SV02895,LHP0130
SV02896,LHP0130
SV02897,LHP0130
SV02898,LHP0130
SV02899,LHP0130
SV02900,LHP0130
SV02901,LHP0130
SV02902,LHP0130
SV02903,LHP0130
SV00560,LHP0131
SV00578,LHP0131
SV00587,LHP0131
SV00593,LHP0131
SV00595,LHP0131
SV00606,LHP0131
SV00625,LHP0131
SV00634,LHP0131
SV00643,LHP0131
SV00663,LHP0131
SV00671,LHP0131
SV00680,LHP0131
SV00700,LHP0131
SV00736,LHP0131
SV00738,LHP0131
SV00739,LHP0131
SV00748,LHP0131
SV00756,LHP0131
SV00760,LHP0131
SV00761,LHP0131
SV00763,LHP0131
SV00766,LHP0131
SV00771,LHP0131
SV00774,LHP0131
SV00793,LHP0131
SV00798,LHP0131
SV00800,LHP0131
SV00805,LHP0131
SV00810,LHP0131
SV00823,LHP0131
SV00830,LHP0131
SV00833,LHP0131
SV00834,LHP0131
SV00842,LHP0131
SV00844,LHP0131
SV00845,LHP0131
SV00847,LHP0131
SV00849,LHP0131
SV00855,LHP0131
SV00858,LHP0131
SV01694,LHP0132
SV01695,LHP0132
SV01697,LHP0132
SV01709,LHP0132
SV01714,LHP0132
SV01716,LHP0132
SV01717,LHP0132
SV01727,LHP0132
SV01741,LHP0132
SV01757,LHP0132
SV01791,LHP0132
SV01794,LHP0132
SV01795,LHP0132
SV01796,LHP0132
SV01798,LHP0132
SV01803,LHP0132
SV01805,LHP0132
SV01811,LHP0132
SV01812,LHP0132
SV01814,LHP0132
SV01816,LHP0132
SV01819,LHP0132
SV01822,LHP0132
SV01825,LHP0132
SV01829,LHP0132
SV01843,LHP0132
SV01844,LHP0132
SV01848,LHP0132
SV01850,LHP0132
SV01853,LHP0132
SV01856,LHP0132
SV01857,LHP0132
SV01860,LHP0132
SV01862,LHP0132
SV01863,LHP0132
SV01864,LHP0132
SV01865,LHP0132
SV01866,LHP0132
SV01867,LHP0132
SV01868,LHP0132
SV01869,LHP0132
SV01870,LHP0132
SV01871,LHP0132
SV01872,LHP0132
SV01873,LHP0132
SV01874,LHP0132
SV01875,LHP0132
SV01876,LHP0132
SV01877,LHP0132
SV01878,LHP0132
SV01879,LHP0132
SV01880,LHP0132
SV01881,LHP0132
SV01882,LHP0132
SV01883,LHP0132
SV01884,LHP0132
SV01885,LHP0132
SV01886,LHP0132
SV01887,LHP0132
SV01888,LHP0132
SV01889,LHP0132
SV01890,LHP0132
SV01891,LHP0132
SV01892,LHP0132
SV01893,LHP0132
SV01894,LHP0132
SV01895,LHP0132
SV01896,LHP0132
SV01897,LHP0132
SV01898,LHP0132
SV01899,LHP0132
SV01900,LHP0132
SV01901,LHP0132
SV01902,LHP0132
SV01903,LHP0132
SV01904,LHP0132
SV01905,LHP0132
SV01906,LHP0132
SV02013,LHP0133
SV02031,LHP0133
SV02036,LHP0133
SV02038,LHP0133
SV02039,LHP0133
SV02040,LHP0133
SV02052,LHP0133
SV02075,LHP0133
SV02103,LHP0133
SV02111,LHP0133
SV02130,LHP0133
SV02134,LHP0133
SV02135,LHP0133
SV02136,LHP0133
SV02138,LHP0133
SV02140,LHP0133
SV02142,LHP0133
SV02143,LHP0133
SV02144,LHP0133
SV02146,LHP0133
SV02149,LHP0133
SV02150,LHP0133
SV02152,LHP0133
SV02154,LHP0133
SV02155,LHP0133
SV02157,LHP0133
SV02158,LHP0133
SV02160,LHP0133
SV02161,LHP0133
SV02163,LHP0133
SV02166,LHP0133
SV02167,LHP0133
SV02170,LHP0133
SV02172,LHP0133
SV02173,LHP0133
SV02177,LHP0133
SV02178,LHP0133
SV01150,LHP0134
SV01181,LHP0134
SV01189,LHP0134
SV01191,LHP0134
SV01193,LHP0134
SV01203,LHP0134
SV01229,LHP0134
SV01241,LHP0134
SV01251,LHP0134
SV01254,LHP0134
SV01255,LHP0134
SV01256,LHP0134
SV01257,LHP0134
SV01259,LHP0134
SV01261,LHP0134
SV01262,LHP0134
SV01265,LHP0134
SV01266,LHP0134
SV01267,LHP0134
SV01268,LHP0134
SV01272,LHP0134
SV01274,LHP0134
SV01276,LHP0134
SV01278,LHP0134
SV01279,LHP0134
SV01281,LHP0134
SV01282,LHP0134
SV01283,LHP0134
SV01284,LHP0134
SV01285,LHP0134
SV01287,LHP0134
SV01289,LHP0134
SV01290,LHP0134
SV01291,LHP0134
SV01292,LHP0134
SV01293,LHP0134
SV01294,LHP0134
SV01295,LHP0134
SV01296,LHP0134
SV01297,LHP0134
SV01298,LHP0134
SV01299,LHP0134
SV01300,LHP0134
SV01301,LHP0134
SV01302,LHP0134
SV01303,LHP0134
SV01304,LHP0134
SV01305,LHP0134
SV01306,LHP0134
SV01307,LHP0134
SV01308,LHP0134
SV01309,LHP0134
SV01310,LHP0134
SV01311,LHP0134
SV01312,LHP0134
SV01313,LHP0134
SV01314,LHP0134
SV01315,LHP0134
SV01316,LHP0134
SV01317,LHP0134
SV01318,LHP0134
SV01319,LHP0134
SV01320,LHP0134
SV01321,LHP0134
SV01322,LHP0134
SV01323,LHP0134
SV01324,LHP0134
SV01325,LHP0134
SV01326,LHP0134
SV01327,LHP0134
SV01328,LHP0134
SV01329,LHP0134
SV02738,LHP0135
SV02888,LHP0135
SV02896,LHP0135
SV02923,LHP0135
SV02955,LHP0135
SV02979,LHP0135
SV02997,LHP0135
SV03009,LHP0135
SV03033,LHP0135
SV03036,LHP0135
SV03037,LHP0135
SV03039,LHP0135
SV03041,LHP0135
SV03091,LHP0135
SV03117,LHP0135
SV03119,LHP0135
SV03124,LHP0135
SV03130,LHP0135
SV03145,LHP0135
SV03162,LHP0135
SV03166,LHP0135
SV03178,LHP0135
SV03183,LHP0135
SV03204,LHP0135
SV03217,LHP0135
SV03229,LHP0135
SV03238,LHP0135
SV03245,LHP0135
SV03249,LHP0135
SV03256,LHP0135
SV03258,LHP0135
SV03260,LHP0135
SV03262,LHP0135
SV03263,LHP0135
SV03279,LHP0135
SV03298,LHP0135
SV03307,LHP0135
SV03314,LHP0135
SV03316,LHP0135
SV03318,LHP0135
SV03336,LHP0135
SV03343,LHP0135
SV03349,LHP0135
SV03350,LHP0135
SV03355,LHP0135
SV03358,LHP0135
SV03370,LHP0135
SV03376,LHP0135
SV03382,LHP0135
SV03393,LHP0135
SV03394,LHP0135
SV03397,LHP0135
SV03400,LHP0135
SV03052,LHP0136
SV03069,LHP0136
SV03511,LHP0136
SV03626,LHP0136
SV03629,LHP0136
SV03633,LHP0136
SV03638,LHP0136
SV03656,LHP0136
SV03663,LHP0136
SV03665,LHP0136
SV03668,LHP0136
SV03675,LHP0136
SV03692,LHP0136
SV03729,LHP0136
SV03774,LHP0136
SV03785,LHP0136
SV03797,LHP0136
SV03798,LHP0136
SV03799,LHP0136
SV03870,LHP0136
SV03881,LHP0136
SV03883,LHP0136
SV03889,LHP0136
SV03902,LHP0136
SV03909,LHP0136
SV03920,LHP0136
SV03927,LHP0136
SV03936,LHP0136
SV03939,LHP0136
SV03945,LHP0136
SV03950,LHP0136
SV03952,LHP0136
SV03958,LHP0136
SV03960,LHP0136
SV03985,LHP0136
SV03991,LHP0136
SV03994,LHP0136
SV03997,LHP0136
SV04006,LHP0136
SV04024,LHP0136
SV04031,LHP0136
SV04032,LHP0136
SV04034,LHP0136
SV03812,LHP0137
SV03813,LHP0137
SV03814,LHP0137
SV03815,LHP0137
SV03816,LHP0137
SV03817,LHP0137
SV03818,LHP0137
SV03819,LHP0137
SV03820,LHP0137
SV03821,LHP0137
SV03822,LHP0137
SV03823,LHP0137
SV03824,LHP0137
SV03825,LHP0137
SV03826,LHP0137
SV03827,LHP0137
SV03828,LHP0137
SV03829,LHP0137
SV03830,LHP0137
SV03831,LHP0137
SV03832,LHP0137
SV03833,LHP0137
SV03834,LHP0137
SV03835,LHP0137
SV03836,LHP0137
SV03837,LHP0137
SV03838,LHP0137
SV03839,LHP0137
SV03840,LHP0137
SV03841,LHP0137
SV03842,LHP0137
SV03843,LHP0137
SV03844,LHP0137
SV03845,LHP0137
SV03846,LHP0137
SV03847,LHP0137
SV03848,LHP0137
SV02907,LHP0138
SV02917,LHP0138
SV02953,LHP0138
SV03045,LHP0138
SV03140,LHP0138
SV03145,LHP0138
SV03157,LHP0138
SV03193,LHP0138
SV03213,LHP0138
SV03262,LHP0138
SV03269,LHP0138
SV03270,LHP0138
SV03284,LHP0138
SV03300,LHP0138
SV03304,LHP0138
SV03329,LHP0138
SV03336,LHP0138
SV03339,LHP0138
SV03355,LHP0138
SV03363,LHP0138
SV03367,LHP0138
SV03369,LHP0138
SV03378,LHP0138
SV03388,LHP0138
SV03402,LHP0138
SV03405,LHP0138
SV03411,LHP0138
SV03417,LHP0138
SV03420,LHP0138
SV03434,LHP0138
SV03435,LHP0138
SV03439,LHP0138
SV03441,LHP0138
SV03442,LHP0138
SV03443,LHP0138
SV03445,LHP0138
SV03456,LHP0138
SV03461,LHP0138
SV03536,LHP0138
SV03537,LHP0138
SV03540,LHP0138
SV03545,LHP0138
SV03548,LHP0138
SV03549,LHP0138
SV03553,LHP0138
SV03555,LHP0138
SV03557,LHP0138
SV03572,LHP0138
SV03581,LHP0138
SV02999,LHP0139
SV03241,LHP0139
SV03415,LHP0139
SV03417,LHP0139
SV03418,LHP0139
SV03419,LHP0139
SV03424,LHP0139
SV03439,LHP0139
SV03443,LHP0139
SV03451,LHP0139
SV03453,LHP0139
SV03458,LHP0139
SV03462,LHP0139
SV03471,LHP0139
SV03472,LHP0139
SV03477,LHP0139
SV03478,LHP0139
SV03479,LHP0139
SV03480,LHP0139
SV03490,LHP0139
SV03491,LHP0139
SV03498,LHP0139
SV03504,LHP0139
SV03509,LHP0139
SV03510,LHP0139
SV03512,LHP0139
SV03513,LHP0139
SV03514,LHP0139
SV03515,LHP0139
SV03516,LHP0139
SV03524,LHP0139
SV03526,LHP0139
SV03529,LHP0139
SV03531,LHP0139
SV03537,LHP0139
SV03547,LHP0139
SV03548,LHP0139
SV03549,LHP0139
SV03554,LHP0139
SV03571,LHP0139
SV03584,LHP0139
SV03587,LHP0139
SV03590,LHP0139
SV03591,LHP0139
SV03600,LHP0139
SV03601,LHP0139
SV03612,LHP0139
SV03613,LHP0139
SV03614,LHP0139
SV03617,LHP0139
SV03619,LHP0139
SV03621,LHP0139
SV03623,LHP0139
SV03627,LHP0139
SV03628,LHP0139
SV03636,LHP0139
SV03645,LHP0139
SV03660,LHP0139
SV03661,LHP0139
SV01062,LHP0140
SV01068,LHP0140
SV01081,LHP0140
SV01082,LHP0140
SV01088,LHP0140
SV01105,LHP0140
SV01109,LHP0140
SV01110,LHP0140
SV01111,LHP0140
SV01113,LHP0140
SV01118,LHP0140
SV01119,LHP0140
SV01130,LHP0140
SV01133,LHP0140
SV01142,LHP0140
SV01147,LHP0140
SV01152,LHP0140
SV01154,LHP0140
SV01159,LHP0140
SV01163,LHP0140
SV01164,LHP0140
SV01166,LHP0140
SV01170,LHP0140
SV01178,LHP0140
SV01179,LHP0140
SV01181,LHP0140
SV01187,LHP0140
SV01190,LHP0140
SV01191,LHP0140
SV01193,LHP0140
SV01197,LHP0140
SV01198,LHP0140
SV01200,LHP0140
SV01201,LHP0140
SV01206,LHP0140
SV01209,LHP0140
SV01210,LHP0140
SV01215,LHP0140
SV01217,LHP0140
SV01222,LHP0140
SV01231,LHP0140
SV01238,LHP0140
SV01239,LHP0140
SV01242,LHP0140
SV01245,LHP0140
SV01246,LHP0140
SV01247,LHP0140
SV01248,LHP0140
SV01249,LHP0140
SV01250,LHP0140
SV01251,LHP0140
SV01252,LHP0140
SV01253,LHP0140
SV01254,LHP0140
SV01255,LHP0140
SV01256,LHP0140
SV01257,LHP0140
SV01258,LHP0140
SV01259,LHP0140
SV01260,LHP0140
SV01261,LHP0140
SV01262,LHP0140
SV04436,LHP0141
SV04437,LHP0141
SV04440,LHP0141
SV04445,LHP0141
SV04446,LHP0141
SV04450,LHP0141
SV04454,LHP0141
SV04457,LHP0141
SV04458,LHP0141
SV04459,LHP0141
SV04460,LHP0141
SV04462,LHP0141
SV04463,LHP0141
SV04464,LHP0141
SV04465,LHP0141
SV04469,LHP0141
SV04470,LHP0141
SV04474,LHP0141
SV04475,LHP0141
SV04483,LHP0141
SV04486,LHP0141
SV04488,LHP0141
SV04490,LHP0141
SV04496,LHP0141
SV04498,LHP0141
SV04499,LHP0141
SV04501,LHP0141
SV04502,LHP0141
SV04504,LHP0141
SV04511,LHP0141
SV04512,LHP0141
SV04513,LHP0141
SV04517,LHP0141
SV04521,LHP0141
SV04522,LHP0141
SV04523,LHP0141
SV04524,LHP0141
SV04526,LHP0141
SV04532,LHP0141
SV04533,LHP0141
SV04534,LHP0141
SV04536,LHP0141
SV04537,LHP0141
SV04539,LHP0141
SV04544,LHP0141
SV01870,LHP0142
SV01881,LHP0142
SV01884,LHP0142
SV01894,LHP0142
SV01936,LHP0142
SV01945,LHP0142
SV01952,LHP0142
SV01956,LHP0142
SV01971,LHP0142
SV01974,LHP0142
SV01980,LHP0142
SV01987,LHP0142
SV01989,LHP0142
SV01991,LHP0142
SV02001,LHP0142
SV02002,LHP0142
SV02004,LHP0142
SV02009,LHP0142
SV02011,LHP0142
SV02013,LHP0142
SV02014,LHP0142
SV02018,LHP0142
SV02019,LHP0142
SV02020,LHP0142
SV02022,LHP0142
SV02023,LHP0142
SV02024,LHP0142
SV02025,LHP0142
SV02026,LHP0142
SV02028,LHP0142
SV02029,LHP0142
SV02031,LHP0142
SV02033,LHP0142
SV02034,LHP0142
SV02035,LHP0142
SV02036,LHP0142
SV02037,LHP0142
SV02038,LHP0142
SV02039,LHP0142
SV02040,LHP0142
SV02045,LHP0142
SV02046,LHP0142
SV02050,LHP0142
SV02053,LHP0142
SV02055,LHP0142
SV02056,LHP0142
SV02057,LHP0142
SV02058,LHP0142
SV02059,LHP0142
SV02060,LHP0142
SV02063,LHP0142
SV02064,LHP0142
SV02066,LHP0142
SV02068,LHP0142
SV02071,LHP0142
SV02073,LHP0142
SV02074,LHP0142
SV02076,LHP0142
SV02077,LHP0142
SV02078,LHP0142
SV02080,LHP0142
SV02081,LHP0142
SV03297,LHP0143
SV03496,LHP0143
SV03556,LHP0143
SV03604,LHP0143
SV03642,LHP0143
SV03733,LHP0143
SV03864,LHP0143
SV03872,LHP0143
SV03888,LHP0143
SV03896,LHP0143
SV03924,LHP0143
SV03929,LHP0143
SV04002,LHP0143
SV04022,LHP0143
SV04036,LHP0143
SV04037,LHP0143
SV04046,LHP0143
SV04051,LHP0143
SV04066,LHP0143
SV04068,LHP0143
SV04079,LHP0143
SV04083,LHP0143
SV04084,LHP0143
SV04107,LHP0143
SV04111,LHP0143
SV04113,LHP0143
SV04122,LHP0143
SV04133,LHP0143
SV04135,LHP0143
SV04136,LHP0143
SV04138,LHP0143
SV04143,LHP0143
SV04152,LHP0143
SV04154,LHP0143
SV04155,LHP0143
SV04157,LHP0143
SV04159,LHP0143
SV04164,LHP0143
SV04168,LHP0143
SV04170,LHP0143
SV04178,LHP0143
SV04180,LHP0143
SV04182,LHP0143
SV04188,LHP0143
SV04192,LHP0143
SV04197,LHP0143
SV04199,LHP0143
SV04200,LHP0143
SV04207,LHP0143
SV04210,LHP0143
SV04212,LHP0143
SV00517,LHP0144
SV00518,LHP0144
SV00519,LHP0144
SV00521,LHP0144
SV00524,LHP0144
SV00527,LHP0144
SV00531,LHP0144
SV00533,LHP0144
SV00534,LHP0144
SV00536,LHP0144
SV00538,LHP0144
SV00539,LHP0144
SV00540,LHP0144
SV00542,LHP0144
SV00544,LHP0144
SV00545,LHP0144
SV00546,LHP0144
SV00547,LHP0144
SV00548,LHP0144
SV00549,LHP0144
SV00550,LHP0144
SV00551,LHP0144
SV00556,LHP0144
SV00557,LHP0144
SV00560,LHP0144
SV00561,LHP0144
SV00562,LHP0144
SV00564,LHP0144
SV00566,LHP0144
SV00567,LHP0144
SV00568,LHP0144
SV00569,LHP0144
SV00570,LHP0144
SV00571,LHP0144
SV00572,LHP0144
SV00573,LHP0144
SV00576,LHP0144
SV00577,LHP0144
SV00578,LHP0144
SV00579,LHP0144
SV00580,LHP0144
SV00582,LHP0144
SV00583,LHP0144
SV00584,LHP0144
SV00588,LHP0144
SV00592,LHP0144
SV00593,LHP0144
SV00594,LHP0144
SV00596,LHP0144
SV00598,LHP0144
SV00599,LHP0144
SV00600,LHP0144
SV00601,LHP0144
SV00604,LHP0144
SV00605,LHP0144
SV00607,LHP0144
SV00608,LHP0144
SV00609,LHP0144
SV00610,LHP0144
SV00617,LHP0144
SV00618,LHP0144
SV00619,LHP0144
SV00620,LHP0144
SV00621,LHP0144
SV00622,LHP0144
SV00624,LHP0144
SV00625,LHP0144
SV00627,LHP0144
SV00628,LHP0144
SV00629,LHP0144
SV00630,LHP0144
SV00631,LHP0144
SV00632,LHP0144
SV00633,LHP0144
SV00634,LHP0144
SV00635,LHP0144
SV00347,LHP0145
SV00498,LHP0145
SV00509,LHP0145
SV00523,LHP0145
SV00543,LHP0145
SV00574,LHP0145
SV00585,LHP0145
SV00586,LHP0145
SV00589,LHP0145
SV00597,LHP0145
SV00612,LHP0145
SV00623,LHP0145
SV00640,LHP0145
SV00644,LHP0145
SV00648,LHP0145
SV00649,LHP0145
SV00650,LHP0145
SV00652,LHP0145
SV00654,LHP0145
SV00656,LHP0145
SV00657,LHP0145
SV00665,LHP0145
SV00666,LHP0145
SV00668,LHP0145
SV00669,LHP0145
SV00673,LHP0145
SV00678,LHP0145
SV00680,LHP0145
SV00682,LHP0145
SV00684,LHP0145
SV00685,LHP0145
SV00687,LHP0145
SV00690,LHP0145
SV00702,LHP0145
SV00708,LHP0145
SV00709,LHP0145
SV00710,LHP0145
SV00713,LHP0145
SV00719,LHP0145
SV02398,LHP0146
SV02399,LHP0146
SV02411,LHP0146
SV02417,LHP0146
SV02419,LHP0146
SV02424,LHP0146
SV02425,LHP0146
SV02427,LHP0146
SV02428,LHP0146
SV02429,LHP0146
SV02430,LHP0146
SV02432,LHP0146
SV02433,LHP0146
SV02436,LHP0146
SV02437,LHP0146
SV02438,LHP0146
SV02441,LHP0146
SV02442,LHP0146
SV02443,LHP0146
SV02444,LHP0146
SV02445,LHP0146
SV02446,LHP0146
SV02447,LHP0146
SV02448,LHP0146
SV02449,LHP0146
SV02450,LHP0146
SV02451,LHP0146
SV02452,LHP0146
SV02453,LHP0146
SV02454,LHP0146
SV02455,LHP0146
SV02457,LHP0146
SV02459,LHP0146
SV02460,LHP0146
SV02462,LHP0146
SV02463,LHP0146
SV02464,LHP0146
SV02465,LHP0146
SV02466,LHP0146
SV02467,LHP0146
SV02468,LHP0146
SV02469,LHP0146
SV02470,LHP0146
SV02471,LHP0146
SV02472,LHP0146
SV02473,LHP0146
SV02474,LHP0146
SV02475,LHP0146
SV02476,LHP0146
SV02477,LHP0146
SV02478,LHP0146
SV02479,LHP0146
SV02480,LHP0146
SV02481,LHP0146
SV01794,LHP0147
SV01795,LHP0147
SV01796,LHP0147
SV01797,LHP0147
SV01798,LHP0147
SV01799,LHP0147
SV01800,LHP0147
SV01801,LHP0147
SV01802,LHP0147
SV01803,LHP0147
SV01804,LHP0147
SV01805,LHP0147
SV01806,LHP0147
SV01807,LHP0147
SV01808,LHP0147
SV01809,LHP0147
SV01810,LHP0147
SV01811,LHP0147
SV01812,LHP0147
SV01813,LHP0147
SV01814,LHP0147
SV01815,LHP0147
SV01816,LHP0147
SV01817,LHP0147
SV01818,LHP0147
SV01819,LHP0147
SV01820,LHP0147
SV01821,LHP0147
SV01822,LHP0147
SV01823,LHP0147
SV01824,LHP0147
SV01825,LHP0147
SV01826,LHP0147
SV01827,LHP0147
SV01828,LHP0147
SV01829,LHP0147
SV01830,LHP0147
SV01831,LHP0147
SV01832,LHP0147
SV01833,LHP0147
SV01834,LHP0147
SV01835,LHP0147
SV01836,LHP0147
SV01837,LHP0147
SV01838,LHP0147
SV01839,LHP0147
SV01840,LHP0147
SV01841,LHP0147
SV01842,LHP0147
SV01843,LHP0147
SV01844,LHP0147
SV01845,LHP0147
SV01846,LHP0147
SV01847,LHP0147
SV01848,LHP0147
SV01849,LHP0147
SV01850,LHP0147
SV01851,LHP0147
SV01852,LHP0147
SV01853,LHP0147
SV01854,LHP0147
SV01855,LHP0147
SV01856,LHP0147
SV01857,LHP0147
SV01858,LHP0147
SV01859,LHP0147
SV01579,LHP0148
SV01587,LHP0148
SV01677,LHP0148
SV01680,LHP0148
SV01681,LHP0148
SV01684,LHP0148
SV01687,LHP0148
SV01688,LHP0148
SV01690,LHP0148
SV01692,LHP0148
SV01694,LHP0148
SV01695,LHP0148
SV01697,LHP0148
SV01701,LHP0148
SV01703,LHP0148
SV01704,LHP0148
SV01706,LHP0148
SV01708,LHP0148
SV01709,LHP0148
SV01711,LHP0148
SV01714,LHP0148
SV01715,LHP0148
SV01716,LHP0148
SV01717,LHP0148
SV01721,LHP0148
SV01722,LHP0148
SV01723,LHP0148
SV01724,LHP0148
SV01726,LHP0148
SV01727,LHP0148
SV01728,LHP0148
SV01729,LHP0148
SV01730,LHP0148
SV01732,LHP0148
SV01733,LHP0148
SV01734,LHP0148
SV01735,LHP0148
SV01736,LHP0148
SV01739,LHP0148
SV01740,LHP0148
SV01741,LHP0148
SV01742,LHP0148
SV01744,LHP0148
SV01748,LHP0148
SV01749,LHP0148
SV01750,LHP0148
SV01751,LHP0148
SV01752,LHP0148
SV01753,LHP0148
SV01754,LHP0148
SV01756,LHP0148
SV01757,LHP0148
SV01758,LHP0148
SV01759,LHP0148
SV01760,LHP0148
SV01762,LHP0148
SV01763,LHP0148
SV01764,LHP0148
SV01765,LHP0148
SV01766,LHP0148
SV01768,LHP0148
SV01771,LHP0148
SV01772,LHP0148
SV01773,LHP0148
SV01774,LHP0148
SV01776,LHP0148
SV01781,LHP0148
SV01782,LHP0148
SV01784,LHP0148
SV01785,LHP0148
SV01786,LHP0148
SV01788,LHP0148
SV01789,LHP0148
SV01790,LHP0148
SV01791,LHP0148
SV01792,LHP0148
SV01793,LHP0148
SV03337,LHP0149
SV03389,LHP0149
SV03391,LHP0149
SV03422,LHP0149
SV03427,LHP0149
SV03435,LHP0149
SV03463,LHP0149
SV03466,LHP0149
SV03473,LHP0149
SV03475,LHP0149
SV03482,LHP0149
SV03487,LHP0149
SV03520,LHP0149
SV03534,LHP0149
SV03561,LHP0149
SV03582,LHP0149
SV03592,LHP0149
SV03602,LHP0149
SV03606,LHP0149
SV03616,LHP0149
SV03620,LHP0149
SV03625,LHP0149
SV03626,LHP0149
SV03631,LHP0149
SV03648,LHP0149
SV03651,LHP0149
SV03652,LHP0149
SV03656,LHP0149
SV03657,LHP0149
SV03659,LHP0149
SV03664,LHP0149
SV03675,LHP0149
SV03685,LHP0149
SV03698,LHP0149
SV03712,LHP0149
SV03714,LHP0149
SV03716,LHP0149
SV03722,LHP0149
SV03727,LHP0149
SV03729,LHP0149
SV03730,LHP0149
SV03735,LHP0149
SV03737,LHP0149
SV03738,LHP0149
SV03739,LHP0149
SV03740,LHP0149
SV03747,LHP0149
SV03757,LHP0149
SV03758,LHP0149
SV03765,LHP0149
SV03768,LHP0149
SV03769,LHP0149
SV03772,LHP0149
SV03785,LHP0149
SV03788,LHP0149
SV03794,LHP0149
SV03824,LHP0149
SV03826,LHP0149
SV03827,LHP0149
SV03838,LHP0149
SV03843,LHP0149
SV01327,LHP0150
SV01344,LHP0150
SV01355,LHP0150
SV01363,LHP0150
SV01376,LHP0150
SV01377,LHP0150
SV01378,LHP0150
SV01379,LHP0150
SV01380,LHP0150
SV01381,LHP0150
SV01395,LHP0150
SV01414,LHP0150
SV01419,LHP0150
SV01425,LHP0150
SV01427,LHP0150
SV01429,LHP0150
SV01430,LHP0150
SV01431,LHP0150
SV01432,LHP0150
SV01449,LHP0150
SV01452,LHP0150
SV01455,LHP0150
SV01476,LHP0150
SV01484,LHP0150
SV01494,LHP0150
SV01497,LHP0150
SV01499,LHP0150
SV01507,LHP0150
SV01509,LHP0150
SV01510,LHP0150
SV01512,LHP0150
SV01514,LHP0150
SV01523,LHP0150
SV01526,LHP0150
SV01527,LHP0150
SV01528,LHP0150
SV03498,LHP0151
SV03610,LHP0151
SV03629,LHP0151
SV03661,LHP0151
SV03667,LHP0151
SV03677,LHP0151
SV03761,LHP0151
SV03801,LHP0151
SV03809,LHP0151
SV03835,LHP0151
SV03851,LHP0151
SV03856,LHP0151
SV03857,LHP0151
SV03867,LHP0151
SV03869,LHP0151
SV03885,LHP0151
SV03889,LHP0151
SV03901,LHP0151
SV03908,LHP0151
SV03922,LHP0151
SV03923,LHP0151
SV03930,LHP0151
SV03931,LHP0151
SV03939,LHP0151
SV03943,LHP0151
SV03959,LHP0151
SV03961,LHP0151
SV03967,LHP0151
SV03971,LHP0151
SV03979,LHP0151
SV01605,LHP0152
SV01607,LHP0152
SV01615,LHP0152
SV01616,LHP0152
SV01624,LHP0152
SV01626,LHP0152
SV01627,LHP0152
SV01633,LHP0152
SV01634,LHP0152
SV01636,LHP0152
SV01641,LHP0152
SV01645,LHP0152
SV01647,LHP0152
SV01659,LHP0152
SV01666,LHP0152
SV01669,LHP0152
SV01671,LHP0152
SV01675,LHP0152
SV01678,LHP0152
SV01681,LHP0152
SV01682,LHP0152
SV01683,LHP0152
SV01685,LHP0152
SV01687,LHP0152
SV01688,LHP0152
SV01690,LHP0152
SV01691,LHP0152
SV01692,LHP0152
SV01694,LHP0152
SV01695,LHP0152
SV01697,LHP0152
SV01699,LHP0152
SV01700,LHP0152
SV01701,LHP0152
SV01361,LHP0153
SV01397,LHP0153
SV01401,LHP0153
SV01424,LHP0153
SV01459,LHP0153
SV01464,LHP0153
SV01470,LHP0153
SV01479,LHP0153
SV01480,LHP0153
SV01500,LHP0153
SV01502,LHP0153
SV01505,LHP0153
SV01511,LHP0153
SV01520,LHP0153
SV01522,LHP0153
SV01525,LHP0153
SV01527,LHP0153
SV01529,LHP0153
SV01542,LHP0153
SV01543,LHP0153
SV01544,LHP0153
SV01545,LHP0153
SV01546,LHP0153
SV01547,LHP0153
SV01548,LHP0153
SV01550,LHP0153
SV01552,LHP0153
SV01553,LHP0153
SV01554,LHP0153
SV01555,LHP0153
SV01557,LHP0153
SV01558,LHP0153
SV01559,LHP0153
SV01560,LHP0153
SV01562,LHP0153
SV01563,LHP0153
SV01564,LHP0153
SV01565,LHP0153
SV01566,LHP0153
SV01567,LHP0153
SV01568,LHP0153
SV01569,LHP0153
SV01571,LHP0153
SV01572,LHP0153
SV01573,LHP0153
SV01574,LHP0153
SV01575,LHP0153
SV01576,LHP0153
SV01577,LHP0153
SV01578,LHP0153
SV01579,LHP0153
SV01580,LHP0153
SV01581,LHP0153
SV01582,LHP0153
SV01584,LHP0153
SV01585,LHP0153
SV01586,LHP0153
SV01587,LHP0153
SV01589,LHP0153
SV01590,LHP0153
SV01591,LHP0153
SV01592,LHP0153
SV01593,LHP0153
SV01594,LHP0153
SV01596,LHP0153
SV01597,LHP0153
SV01598,LHP0153
SV01599,LHP0153
SV01600,LHP0153
SV01602,LHP0153
SV01603,LHP0153
SV02555,LHP0154
SV02556,LHP0154
SV02558,LHP0154
SV02567,LHP0154
SV02568,LHP0154
SV02575,LHP0154
SV02576,LHP0154
SV02578,LHP0154
SV02581,LHP0154
SV02589,LHP0154
SV02597,LHP0154
SV02608,LHP0154
SV02614,LHP0154
SV02618,LHP0154
SV02624,LHP0154
SV02631,LHP0154
SV02646,LHP0154
SV02650,LHP0154
SV02654,LHP0154
SV02655,LHP0154
SV02662,LHP0154
SV02664,LHP0154
SV02673,LHP0154
SV02675,LHP0154
SV02679,LHP0154
SV02684,LHP0154
SV02685,LHP0154
SV02689,LHP0154
SV02693,LHP0154
SV02699,LHP0154
SV02700,LHP0154
SV02703,LHP0154
SV02704,LHP0154
SV02706,LHP0154
SV02707,LHP0154
SV02709,LHP0154
SV02711,LHP0154
SV02715,LHP0154
SV02718,LHP0154
SV02719,LHP0154
SV02720,LHP0154
SV02721,LHP0154
SV02722,LHP0154
SV02723,LHP0154
SV02725,LHP0154
SV02727,LHP0154
SV02731,LHP0154
SV02734,LHP0154
SV02735,LHP0154
SV02741,LHP0154
SV02745,LHP0154
SV02747,LHP0154
SV02751,LHP0154
SV02754,LHP0154
SV00764,LHP0155
SV00766,LHP0155
SV00774,LHP0155
SV00784,LHP0155
SV00821,LHP0155
SV00836,LHP0155
SV00848,LHP0155
SV00849,LHP0155
SV00852,LHP0155
SV00854,LHP0155
SV00866,LHP0155
SV00867,LHP0155
SV00876,LHP0155
SV00886,LHP0155
SV00890,LHP0155
SV00903,LHP0155
SV00906,LHP0155
SV00916,LHP0155
SV00923,LHP0155
SV00925,LHP0155
SV00926,LHP0155
SV00927,LHP0155
SV00928,LHP0155
SV00929,LHP0155
SV00930,LHP0155
SV00931,LHP0155
SV00932,LHP0155
SV00933,LHP0155
SV00934,LHP0155
SV00935,LHP0155
SV00936,LHP0155
SV00937,LHP0155
SV00938,LHP0155
SV00939,LHP0155
SV00940,LHP0155
SV00941,LHP0155
SV00942,LHP0155
SV00943,LHP0155
SV00944,LHP0155
SV00945,LHP0155
SV00946,LHP0155
SV00947,LHP0155
SV00948,LHP0155
SV00949,LHP0155
SV00950,LHP0155
SV00951,LHP0155
SV00952,LHP0155
SV00953,LHP0155
SV00954,LHP0155
SV00955,LHP0155
SV00956,LHP0155
SV00957,LHP0155
SV00958,LHP0155
SV00959,LHP0155
SV00960,LHP0155
SV00961,LHP0155
SV00962,LHP0155
SV00963,LHP0155
SV00964,LHP0155
SV00965,LHP0155
SV00966,LHP0155
SV00967,LHP0155
SV00968,LHP0155
SV00969,LHP0155
SV02587,LHP0156
SV02592,LHP0156
SV02599,LHP0156
SV02601,LHP0156
SV02616,LHP0156
SV02624,LHP0156
SV02630,LHP0156
SV02639,LHP0156
SV02641,LHP0156
SV02657,LHP0156
SV02659,LHP0156
SV02669,LHP0156
SV02681,LHP0156
SV02691,LHP0156
SV02696,LHP0156
SV02698,LHP0156
SV02705,LHP0156
SV02706,LHP0156
SV02707,LHP0156
SV02713,LHP0156
SV02723,LHP0156
SV02737,LHP0156
SV02748,LHP0156
SV02753,LHP0156
SV02755,LHP0156
SV02758,LHP0156
SV02771,LHP0156
SV02772,LHP0156
SV02779,LHP0156
SV02787,LHP0156
SV02788,LHP0156
SV02790,LHP0156
SV02793,LHP0156
SV02797,LHP0156
SV02799,LHP0156
SV02805,LHP0156
SV02807,LHP0156
SV02815,LHP0156
SV02818,LHP0156
SV02822,LHP0156
SV02833,LHP0156
SV02834,LHP0156
SV02836,LHP0156
SV02838,LHP0156
SV01611,LHP0157
SV01612,LHP0157
SV01618,LHP0157
SV01649,LHP0157
SV01651,LHP0157
SV01673,LHP0157
SV01676,LHP0157
SV01677,LHP0157
SV01680,LHP0157
SV01684,LHP0157
SV01693,LHP0157
SV01698,LHP0157
SV01746,LHP0157
SV01747,LHP0157
SV01748,LHP0157
SV01749,LHP0157
SV01750,LHP0157
SV01751,LHP0157
SV01752,LHP0157
SV01753,LHP0157
SV01754,LHP0157
SV01755,LHP0157
SV01756,LHP0157
SV01757,LHP0157
SV01758,LHP0157
SV01759,LHP0157
SV01760,LHP0157
SV01761,LHP0157
SV01762,LHP0157
SV01763,LHP0157
SV01764,LHP0157
SV01765,LHP0157
SV01766,LHP0157
SV01767,LHP0157
SV01768,LHP0157
SV01769,LHP0157
SV01770,LHP0157
SV01771,LHP0157
SV01772,LHP0157
SV01773,LHP0157
SV01774,LHP0157
SV01775,LHP0157
SV01776,LHP0157
SV01777,LHP0157
SV01778,LHP0157
SV01779,LHP0157
SV01780,LHP0157
SV01781,LHP0157
SV01782,LHP0157
SV01783,LHP0157
SV01784,LHP0157
SV01785,LHP0157
SV01786,LHP0157
SV01787,LHP0157
SV01788,LHP0157
SV01789,LHP0157
SV01790,LHP0157
SV01791,LHP0157
SV01311,LHP0158
SV01338,LHP0158
SV01349,LHP0158
SV01350,LHP0158
SV01351,LHP0158
SV01352,LHP0158
SV01353,LHP0158
SV01355,LHP0158
SV01359,LHP0158
SV01362,LHP0158
SV01365,LHP0158
SV01371,LHP0158
SV01372,LHP0158
SV01382,LHP0158
SV01383,LHP0158
SV01385,LHP0158
SV01387,LHP0158
SV01388,LHP0158
SV01389,LHP0158
SV01391,LHP0158
SV01392,LHP0158
SV01393,LHP0158
SV01395,LHP0158
SV01397,LHP0158
SV01400,LHP0158
SV01401,LHP0158
SV01402,LHP0158
SV01407,LHP0158
SV01409,LHP0158
SV01411,LHP0158
SV01412,LHP0158
SV01414,LHP0158
SV01420,LHP0158
SV01425,LHP0158
SV01428,LHP0158
SV01433,LHP0158
SV01442,LHP0158
SV01447,LHP0158
SV01448,LHP0158
SV01449,LHP0158
SV01451,LHP0158
SV01452,LHP0158
SV01453,LHP0158
SV01454,LHP0158
SV01455,LHP0158
SV01457,LHP0158
SV01459,LHP0158
SV01461,LHP0158
SV01462,LHP0158
SV01465,LHP0158
SV01466,LHP0158
SV01467,LHP0158
SV01468,LHP0158
SV01474,LHP0158
SV01476,LHP0158
SV01477,LHP0158
SV01479,LHP0158
SV01480,LHP0158
SV01483,LHP0158
SV01485,LHP0158
SV01486,LHP0158
SV01487,LHP0158
SV01491,LHP0158
SV01496,LHP0158
SV01504,LHP0158
SV01506,LHP0158
SV01510,LHP0158
SV01515,LHP0158
SV01516,LHP0158
SV01517,LHP0158
SV01520,LHP0158
SV01521,LHP0158
SV01530,LHP0158
SV01531,LHP0158
SV01532,LHP0158
SV01533,LHP0158
SV01534,LHP0158
SV01535,LHP0158
SV01536,LHP0158
SV01541,LHP0158
SV00001,LHP0159
SV00002,LHP0159
SV00003,LHP0159
SV00004,LHP0159
SV00005,LHP0159
SV00006,LHP0159
SV00007,LHP0159
SV00008,LHP0159
SV00009,LHP0159
SV00010,LHP0159
SV00011,LHP0159
SV00012,LHP0159
SV00013,LHP0159
SV00014,LHP0159
SV00015,LHP0159
SV00016,LHP0159
SV00017,LHP0159
SV00018,LHP0159
SV00019,LHP0159
SV00020,LHP0159
SV00021,LHP0159
SV00022,LHP0159
SV00023,LHP0159
SV00024,LHP0159
SV00025,LHP0159
SV00026,LHP0159
SV00027,LHP0159
SV00028,LHP0159
SV00029,LHP0159
SV00030,LHP0159
SV00031,LHP0159
SV00032,LHP0159
SV00033,LHP0159
SV00034,LHP0159
SV00035,LHP0159
SV00036,LHP0159
SV00037,LHP0159
SV00038,LHP0159
SV00039,LHP0159
SV00040,LHP0159
SV00041,LHP0159
SV00042,LHP0159
SV00043,LHP0159
SV00044,LHP0159
SV00045,LHP0159
SV00046,LHP0159
SV00047,LHP0159
SV00048,LHP0159
SV00049,LHP0159
SV00050,LHP0159
SV00051,LHP0159
SV00052,LHP0159
SV00053,LHP0159
SV00054,LHP0159
SV00055,LHP0159
SV00056,LHP0159
SV00057,LHP0159
SV00058,LHP0159
SV00059,LHP0159
SV00060,LHP0159
SV00061,LHP0159
SV00062,LHP0159
SV00063,LHP0159
SV01082,LHP0160
SV01088,LHP0160
SV01089,LHP0160
SV01091,LHP0160
SV01093,LHP0160
SV01094,LHP0160
SV01095,LHP0160
SV01097,LHP0160
SV01098,LHP0160
SV01099,LHP0160
SV01100,LHP0160
SV01101,LHP0160
SV01102,LHP0160
SV01104,LHP0160
SV01110,LHP0160
SV01111,LHP0160
SV01113,LHP0160
SV01114,LHP0160
SV01117,LHP0160
SV01118,LHP0160
SV01119,LHP0160
SV01191,LHP0160
SV01192,LHP0160
SV01193,LHP0160
SV01194,LHP0160
SV01195,LHP0160
SV01196,LHP0160
SV01197,LHP0160
SV01198,LHP0160
SV01199,LHP0160
SV01200,LHP0160
SV01201,LHP0160
SV01202,LHP0160
SV01203,LHP0160
SV01204,LHP0160
SV02506,LHP0161
SV02513,LHP0161
SV02517,LHP0161
SV02529,LHP0161
SV02536,LHP0161
SV02538,LHP0161
SV02541,LHP0161
SV02547,LHP0161
SV02550,LHP0161
SV02551,LHP0161
SV02554,LHP0161
SV02558,LHP0161
SV02562,LHP0161
SV02565,LHP0161
SV02567,LHP0161
SV02570,LHP0161
SV02582,LHP0161
SV02590,LHP0161
SV02591,LHP0161
SV02597,LHP0161
SV02605,LHP0161
SV02607,LHP0161
SV02617,LHP0161
SV02621,LHP0161
SV02630,LHP0161
SV02638,LHP0161
SV02651,LHP0161
SV02653,LHP0161
SV02661,LHP0161
SV02672,LHP0161
SV02682,LHP0161
SV02684,LHP0161
SV02685,LHP0161
SV02697,LHP0161
SV02704,LHP0161
SV02709,LHP0161
SV02712,LHP0161
SV02714,LHP0161
SV02719,LHP0161
SV02723,LHP0161
SV02726,LHP0161
SV02729,LHP0161
SV02741,LHP0161
SV02743,LHP0161
SV02747,LHP0161
SV02748,LHP0161
SV02760,LHP0161
SV02776,LHP0161
SV02798,LHP0161
SV02803,LHP0161
SV02806,LHP0161
SV02827,LHP0161
SV02837,LHP0161
SV02844,LHP0161
SV02846,LHP0161
SV02847,LHP0161
SV02849,LHP0161
SV02850,LHP0161
SV02854,LHP0161
SV02855,LHP0161
SV02856,LHP0161
SV02859,LHP0161
SV02860,LHP0161
SV02862,LHP0161
SV02863,LHP0161
SV02865,LHP0161
SV02866,LHP0161
SV02693,LHP0162
SV02761,LHP0162
SV02922,LHP0162
SV02937,LHP0162
SV03029,LHP0162
SV03095,LHP0162
SV03107,LHP0162
SV03108,LHP0162
SV03218,LHP0162
SV03221,LHP0162
SV03234,LHP0162
SV03326,LHP0162
SV03327,LHP0162
SV03337,LHP0162
SV03345,LHP0162
SV03349,LHP0162
SV03358,LHP0162
SV03362,LHP0162
SV03377,LHP0162
SV03380,LHP0162
SV03386,LHP0162
SV03399,LHP0162
SV03407,LHP0162
SV03408,LHP0162
SV03415,LHP0162
SV03422,LHP0162
SV03423,LHP0162
SV03424,LHP0162
SV03425,LHP0162
SV03426,LHP0162
SV03429,LHP0162
SV03433,LHP0162
SV03436,LHP0162
SV03438,LHP0162
SV03440,LHP0162
SV03447,LHP0162
SV03448,LHP0162
SV03450,LHP0162
SV03451,LHP0162
SV03453,LHP0162
SV03454,LHP0162
SV03458,LHP0162
SV03463,LHP0162
SV03464,LHP0162
SV03539,LHP0162
SV03544,LHP0162
SV03546,LHP0162
SV03547,LHP0162
SV03551,LHP0162
SV03554,LHP0162
SV03556,LHP0162
SV03558,LHP0162
SV03561,LHP0162
SV03562,LHP0162
SV03563,LHP0162
SV03564,LHP0162
SV03565,LHP0162
SV03566,LHP0162
SV03569,LHP0162
SV03571,LHP0162
SV03575,LHP0162
SV03576,LHP0162
SV03577,LHP0162
SV03578,LHP0162
SV03579,LHP0162
SV03582,LHP0162
SV03583,LHP0162
SV03584,LHP0162
SV03585,LHP0162
SV03587,LHP0162
SV03588,LHP0162
SV03590,LHP0162
SV00552,LHP0163
SV00638,LHP0163
SV00676,LHP0163
SV00695,LHP0163
SV00696,LHP0163
SV00782,LHP0163
SV00783,LHP0163
SV00784,LHP0163
SV00788,LHP0163
SV00794,LHP0163
SV00802,LHP0163
SV00804,LHP0163
SV00808,LHP0163
SV00821,LHP0163
SV00825,LHP0163
SV00826,LHP0163
SV00828,LHP0163
SV00831,LHP0163
SV00832,LHP0163
SV00837,LHP0163
SV00838,LHP0163
SV00841,LHP0163
SV00852,LHP0163
SV00865,LHP0163
SV00866,LHP0163
SV00867,LHP0163
SV00868,LHP0163
SV00871,LHP0163
SV00876,LHP0163
SV00879,LHP0163
SV00881,LHP0163
SV00897,LHP0163
SV00900,LHP0163
SV00901,LHP0163
SV00902,LHP0163
SV00909,LHP0163
SV00910,LHP0163
SV00917,LHP0163
SV00920,LHP0163
SV00921,LHP0163
SV02665,LHP0164
SV02673,LHP0164
SV02674,LHP0164
SV02676,LHP0164
SV02679,LHP0164
SV02681,LHP0164
SV02682,LHP0164
SV02684,LHP0164
SV02686,LHP0164
SV02689,LHP0164
SV02690,LHP0164
SV02692,LHP0164
SV02696,LHP0164
SV02697,LHP0164
SV02701,LHP0164
SV02704,LHP0164
SV02706,LHP0164
SV02709,LHP0164
SV02716,LHP0164
SV02717,LHP0164
SV02719,LHP0164
SV02722,LHP0164
SV02724,LHP0164
SV02725,LHP0164
SV02726,LHP0164
SV02727,LHP0164
SV02729,LHP0164
SV02730,LHP0164
SV02735,LHP0164
SV02737,LHP0164
SV02738,LHP0164
SV02740,LHP0164
SV02746,LHP0164
SV02747,LHP0164
SV02748,LHP0164
SV02753,LHP0164
SV02755,LHP0164
SV02756,LHP0164
SV02757,LHP0164
SV02759,LHP0164
SV02760,LHP0164
SV02763,LHP0164
SV02766,LHP0164
SV02768,LHP0164
SV02771,LHP0164
SV02772,LHP0164
SV02773,LHP0164
SV02776,LHP0164
SV02778,LHP0164
SV02780,LHP0164
SV02781,LHP0164
SV02784,LHP0164
SV02785,LHP0164
SV02786,LHP0164
SV02790,LHP0164
SV02792,LHP0164
SV02793,LHP0164
SV02796,LHP0164
SV02799,LHP0164
SV02804,LHP0164
SV02805,LHP0164
SV02812,LHP0164
SV02814,LHP0164
SV02817,LHP0164
SV02824,LHP0164
SV02827,LHP0164
SV02830,LHP0164
SV02835,LHP0164
SV02843,LHP0164
SV02844,LHP0164
SV00002,LHP0165
SV00003,LHP0165
SV00004,LHP0165
SV00006,LHP0165
SV00010,LHP0165
SV00011,LHP0165
SV00012,LHP0165
SV00014,LHP0165
SV00015,LHP0165
SV00018,LHP0165
SV00019,LHP0165
SV00020,LHP0165
SV00021,LHP0165
SV00022,LHP0165
SV00023,LHP0165
SV00024,LHP0165
SV00027,LHP0165
SV00028,LHP0165
SV00029,LHP0165
SV00030,LHP0165
SV00031,LHP0165
SV00032,LHP0165
SV00033,LHP0165
SV00034,LHP0165
SV00035,LHP0165
SV00036,LHP0165
SV00039,LHP0165
SV00040,LHP0165
SV00042,LHP0165
SV00043,LHP0165
SV00047,LHP0165
SV00048,LHP0165
SV00049,LHP0165
SV00052,LHP0165
SV00055,LHP0165
SV00056,LHP0165
SV00057,LHP0165
SV00058,LHP0165
SV00060,LHP0165
SV00061,LHP0165
SV00062,LHP0165
SV00063,LHP0165
SV00943,LHP0166
SV01020,LHP0166
SV01027,LHP0166
SV01039,LHP0166
SV01042,LHP0166
SV01046,LHP0166
SV01047,LHP0166
SV01052,LHP0166
SV01061,LHP0166
SV01062,LHP0166
SV01063,LHP0166
SV01064,LHP0166
SV01066,LHP0166
SV01067,LHP0166
SV01068,LHP0166
SV01069,LHP0166
SV01070,LHP0166
SV01071,LHP0166
SV01072,LHP0166
SV01073,LHP0166
SV01074,LHP0166
SV01075,LHP0166
SV01076,LHP0166
SV01077,LHP0166
SV01078,LHP0166
SV01079,LHP0166
SV01080,LHP0166
SV01081,LHP0166
SV01082,LHP0166
SV01083,LHP0166
SV01084,LHP0166
SV01085,LHP0166
SV01086,LHP0166
SV01087,LHP0166
SV01088,LHP0166
SV01089,LHP0166
SV01090,LHP0166
SV01091,LHP0166
SV01092,LHP0166
SV01093,LHP0166
SV01094,LHP0166
SV01095,LHP0166
SV01096,LHP0166
SV01097,LHP0166
SV01098,LHP0166
SV01099,LHP0166
SV01100,LHP0166
SV01101,LHP0166
SV01102,LHP0166
SV01103,LHP0166
SV01104,LHP0166
SV01105,LHP0166
SV01106,LHP0166
SV01107,LHP0166
SV01108,LHP0166
SV01109,LHP0166
SV01110,LHP0166
SV01111,LHP0166
SV01112,LHP0166
SV01113,LHP0166
SV01114,LHP0166
SV01115,LHP0166
SV01116,LHP0166
SV01117,LHP0166
SV01118,LHP0166
SV01119,LHP0166
SV03591,LHP0167
SV03592,LHP0167
SV03593,LHP0167
SV03594,LHP0167
SV03595,LHP0167
SV03596,LHP0167
SV03597,LHP0167
SV03598,LHP0167
SV03599,LHP0167
SV03600,LHP0167
SV03601,LHP0167
SV03602,LHP0167
SV03603,LHP0167
SV03604,LHP0167
SV03605,LHP0167
SV03606,LHP0167
SV03607,LHP0167
SV03608,LHP0167
SV03609,LHP0167
SV03610,LHP0167
SV03611,LHP0167
SV03612,LHP0167
SV03613,LHP0167
SV03614,LHP0167
SV03615,LHP0167
SV03616,LHP0167
SV03617,LHP0167
SV03618,LHP0167
SV03619,LHP0167
SV03620,LHP0167
SV03621,LHP0167
SV03622,LHP0167
SV03623,LHP0167
SV03624,LHP0167
SV03625,LHP0167
SV03626,LHP0167
SV03627,LHP0167
SV03628,LHP0167
SV03629,LHP0167
SV03630,LHP0167
SV03631,LHP0167
SV03632,LHP0167
SV03633,LHP0167
SV03634,LHP0167
SV03635,LHP0167
SV03636,LHP0167
SV03637,LHP0167
SV03638,LHP0167
SV03639,LHP0167
SV03640,LHP0167
SV03641,LHP0167
SV03642,LHP0167
SV03643,LHP0167
SV03644,LHP0167
SV03645,LHP0167
SV03646,LHP0167
SV03647,LHP0167
SV03648,LHP0167
SV03649,LHP0167
SV03650,LHP0167
SV03651,LHP0167
SV03652,LHP0167
SV03653,LHP0167
SV03654,LHP0167
SV03655,LHP0167
SV03656,LHP0167
SV03657,LHP0167
SV03658,LHP0167
SV03659,LHP0167
SV03660,LHP0167
SV03661,LHP0167
SV03662,LHP0167
SV00938,LHP0168
SV00940,LHP0168
SV00943,LHP0168
SV00944,LHP0168
SV00948,LHP0168
SV00950,LHP0168
SV00952,LHP0168
SV00966,LHP0168
SV00981,LHP0168
SV00983,LHP0168
SV00992,LHP0168
SV00994,LHP0168
SV01000,LHP0168
SV01002,LHP0168
SV01005,LHP0168
SV01010,LHP0168
SV01011,LHP0168
SV01013,LHP0168
SV01014,LHP0168
SV01015,LHP0168
SV01020,LHP0168
SV01022,LHP0168
SV01025,LHP0168
SV01027,LHP0168
SV01035,LHP0168
SV01036,LHP0168
SV01037,LHP0168
SV01039,LHP0168
SV01040,LHP0168
SV01041,LHP0168
SV01042,LHP0168
SV01046,LHP0168
SV01047,LHP0168
SV01049,LHP0168
SV01050,LHP0168
SV01051,LHP0168
SV01052,LHP0168
SV01053,LHP0168
SV01054,LHP0168
SV01055,LHP0168
SV01056,LHP0168
SV01057,LHP0168
SV01059,LHP0168
SV01060,LHP0168
SV01061,LHP0168
SV01062,LHP0168
SV01063,LHP0168
SV01064,LHP0168
SV01065,LHP0168
SV01066,LHP0168
SV01067,LHP0168
SV01068,LHP0168
SV01069,LHP0168
SV01070,LHP0168
SV01071,LHP0168
SV01072,LHP0168
SV01073,LHP0168
SV01074,LHP0168
SV01075,LHP0168
SV01076,LHP0168
SV01077,LHP0168
SV01078,LHP0168
SV01079,LHP0168
SV01080,LHP0168
SV01081,LHP0168
SV01082,LHP0168
SV01083,LHP0168
SV01084,LHP0168
SV02237,LHP0169
SV02289,LHP0169
SV02301,LHP0169
SV02303,LHP0169
SV02304,LHP0169
SV02305,LHP0169
SV02307,LHP0169
SV02308,LHP0169
SV02309,LHP0169
SV02310,LHP0169
SV02312,LHP0169
SV02313,LHP0169
SV02314,LHP0169
SV02315,LHP0169
SV02316,LHP0169
SV02317,LHP0169
SV02318,LHP0169
SV02319,LHP0169
SV02320,LHP0169
SV02321,LHP0169
SV02322,LHP0169
SV02323,LHP0169
SV02324,LHP0169
SV02326,LHP0169
SV02327,LHP0169
SV02328,LHP0169
SV02329,LHP0169
SV02330,LHP0169
SV02332,LHP0169
SV02333,LHP0169
SV02334,LHP0169
SV02335,LHP0169
SV02336,LHP0169
SV02338,LHP0169
SV02339,LHP0169
SV02340,LHP0169
SV02341,LHP0169
SV02342,LHP0169
SV02343,LHP0169
SV02344,LHP0169
SV02345,LHP0169
SV02346,LHP0169
SV02347,LHP0169
SV02348,LHP0169
SV02349,LHP0169
SV02350,LHP0169
SV02351,LHP0169
SV02352,LHP0169
SV02353,LHP0169
SV02354,LHP0169
SV02355,LHP0169
SV02356,LHP0169
SV02357,LHP0169
SV02358,LHP0169
SV02359,LHP0169
SV02360,LHP0169
SV02361,LHP0169
SV02362,LHP0169
SV02363,LHP0169
SV02364,LHP0169
SV02365,LHP0169
SV02366,LHP0169
SV02367,LHP0169
SV02368,LHP0169
SV02369,LHP0169
SV02370,LHP0169
SV02371,LHP0169
SV02372,LHP0169
SV00074,LHP0170
SV00075,LHP0170
SV00078,LHP0170
SV00154,LHP0170
SV00156,LHP0170
SV00157,LHP0170
SV00158,LHP0170
SV00160,LHP0170
SV00161,LHP0170
SV00162,LHP0170
SV00165,LHP0170
SV00167,LHP0170
SV00170,LHP0170
SV00172,LHP0170
SV00176,LHP0170
SV00177,LHP0170
SV00178,LHP0170
SV00180,LHP0170
SV00181,LHP0170
SV00182,LHP0170
SV00183,LHP0170
SV00187,LHP0170
SV00188,LHP0170
SV00192,LHP0170
SV00193,LHP0170
SV00196,LHP0170
SV00197,LHP0170
SV00278,LHP0170
SV00279,LHP0170
SV00280,LHP0170
SV00285,LHP0170
SV00286,LHP0170
SV00287,LHP0170
SV00289,LHP0170
SV00296,LHP0170
SV00298,LHP0170
SV00299,LHP0170
SV00300,LHP0170
SV00301,LHP0170
SV00302,LHP0170
SV00304,LHP0170
SV00305,LHP0170
SV00307,LHP0170
SV00317,LHP0170
SV00321,LHP0170
SV00323,LHP0170
SV00325,LHP0170
SV00331,LHP0170
SV00333,LHP0170
SV00334,LHP0170
SV00336,LHP0170
SV00337,LHP0170
SV00339,LHP0170
SV00340,LHP0170
SV00341,LHP0170
SV00342,LHP0170
SV00343,LHP0170
SV00346,LHP0170
SV00347,LHP0170
SV00348,LHP0170
SV00349,LHP0170
SV00350,LHP0170
SV00351,LHP0170
SV00352,LHP0170
SV00353,LHP0170
SV00354,LHP0170
SV00355,LHP0170
SV00356,LHP0170
SV00357,LHP0170
SV00358,LHP0170
SV00359,LHP0170
SV00360,LHP0170
SV00361,LHP0170
SV00940,LHP0171
SV00944,LHP0171
SV00950,LHP0171
SV00981,LHP0171
SV01042,LHP0171
SV01046,LHP0171
SV01050,LHP0171
SV01051,LHP0171
SV01062,LHP0171
SV01067,LHP0171
SV01071,LHP0171
SV01073,LHP0171
SV01081,LHP0171
SV01084,LHP0171
SV01088,LHP0171
SV01089,LHP0171
SV01094,LHP0171
SV01095,LHP0171
SV01097,LHP0171
SV01101,LHP0171
SV01102,LHP0171
SV01106,LHP0171
SV01107,LHP0171
SV01109,LHP0171
SV01111,LHP0171
SV01113,LHP0171
SV01114,LHP0171
SV01115,LHP0171
SV01117,LHP0171
SV01119,LHP0171
SV01121,LHP0171
SV01123,LHP0171
SV01124,LHP0171
SV01125,LHP0171
SV01127,LHP0171
SV01129,LHP0171
SV01134,LHP0171
SV01135,LHP0171
SV01136,LHP0171
SV01138,LHP0171
SV01140,LHP0171
SV01142,LHP0171
SV01144,LHP0171
SV01149,LHP0171
SV01150,LHP0171
SV01152,LHP0171
SV01153,LHP0171
SV01155,LHP0171
SV01156,LHP0171
SV01157,LHP0171
SV01159,LHP0171
SV01161,LHP0171
SV01163,LHP0171
SV01164,LHP0171
SV01166,LHP0171
SV01167,LHP0171
SV01168,LHP0171
SV01169,LHP0171
SV01171,LHP0171
SV01174,LHP0171
SV01176,LHP0171
SV01177,LHP0171
SV01180,LHP0171
SV01182,LHP0171
SV01183,LHP0171
SV01184,LHP0171
SV01185,LHP0171
SV01186,LHP0171
SV01188,LHP0171
SV01190,LHP0171
SV02019,LHP0172
SV02054,LHP0172
SV02061,LHP0172
SV02103,LHP0172
SV02111,LHP0172
SV02180,LHP0172
SV02181,LHP0172
SV02182,LHP0172
SV02183,LHP0172
SV02184,LHP0172
SV02185,LHP0172
SV02186,LHP0172
SV02187,LHP0172
SV02188,LHP0172
SV02189,LHP0172
SV02190,LHP0172
SV02191,LHP0172
SV02192,LHP0172
SV02193,LHP0172
SV02194,LHP0172
SV02195,LHP0172
SV02196,LHP0172
SV02197,LHP0172
SV02198,LHP0172
SV02199,LHP0172
SV02200,LHP0172
SV02201,LHP0172
SV02202,LHP0172
SV02203,LHP0172
SV02204,LHP0172
SV02205,LHP0172
SV02206,LHP0172
SV03451,LHP0173
SV03460,LHP0173
SV03496,LHP0173
SV03499,LHP0173
SV03515,LHP0173
SV03540,LHP0173
SV03604,LHP0173
SV03640,LHP0173
SV03689,LHP0173
SV03692,LHP0173
SV03709,LHP0173
SV03849,LHP0173
SV03871,LHP0173
SV03904,LHP0173
SV03931,LHP0173
SV03946,LHP0173
SV03955,LHP0173
SV03994,LHP0173
SV03996,LHP0173
SV04003,LHP0173
SV04008,LHP0173
SV04013,LHP0173
SV04016,LHP0173
SV04020,LHP0173
SV04022,LHP0173
SV04024,LHP0173
SV04027,LHP0173
SV04037,LHP0173
SV04040,LHP0173
SV04045,LHP0173
SV04047,LHP0173
SV04050,LHP0173
SV04052,LHP0173
SV04056,LHP0173
SV04057,LHP0173
SV04065,LHP0173
SV04068,LHP0173
SV04072,LHP0173
SV04073,LHP0173
SV04074,LHP0173
SV04076,LHP0173
SV04081,LHP0173
SV04086,LHP0173
SV04087,LHP0173
SV04089,LHP0173
SV04095,LHP0173
SV04096,LHP0173
SV04097,LHP0173
SV04099,LHP0173
SV04105,LHP0173
SV01794,LHP0174
SV01795,LHP0174
SV01812,LHP0174
SV01814,LHP0174
SV01819,LHP0174
SV01825,LHP0174
SV01829,LHP0174
SV01860,LHP0174
SV01864,LHP0174
SV01865,LHP0174
SV01866,LHP0174
SV01867,LHP0174
SV01868,LHP0174
SV01869,LHP0174
SV01870,LHP0174
SV01871,LHP0174
SV01872,LHP0174
SV01873,LHP0174
SV01874,LHP0174
SV01875,LHP0174
SV01876,LHP0174
SV01877,LHP0174
SV01878,LHP0174
SV01879,LHP0174
SV01880,LHP0174
SV01881,LHP0174
SV01882,LHP0174
SV01883,LHP0174
SV01884,LHP0174
SV01885,LHP0174
SV01886,LHP0174
SV01887,LHP0174
SV01888,LHP0174
SV01889,LHP0174
SV01890,LHP0174
SV01891,LHP0174
SV01892,LHP0174
SV01893,LHP0174
SV01894,LHP0174
SV01895,LHP0174
SV01896,LHP0174
SV01897,LHP0174
SV01898,LHP0174
SV01899,LHP0174
SV01900,LHP0174
SV01901,LHP0174
SV01902,LHP0174
SV01903,LHP0174
SV01904,LHP0174
SV01905,LHP0174
SV01906,LHP0174
SV01907,LHP0174
SV01908,LHP0174
SV04152,LHP0175
SV04153,LHP0175
SV04154,LHP0175
SV04155,LHP0175
SV04156,LHP0175
SV04157,LHP0175
SV04158,LHP0175
SV04159,LHP0175
SV04160,LHP0175
SV04161,LHP0175
SV04162,LHP0175
SV04163,LHP0175
SV04164,LHP0175
SV04165,LHP0175
SV04166,LHP0175
SV04167,LHP0175
SV04168,LHP0175
SV04169,LHP0175
SV04170,LHP0175
SV04171,LHP0175
SV04172,LHP0175
SV04173,LHP0175
SV04174,LHP0175
SV04175,LHP0175
SV04176,LHP0175
SV04177,LHP0175
SV04178,LHP0175
SV04179,LHP0175
SV04180,LHP0175
SV04181,LHP0175
SV04182,LHP0175
SV04183,LHP0175
SV04184,LHP0175
SV04185,LHP0175
SV04186,LHP0175
SV04187,LHP0175
SV04188,LHP0175
SV04189,LHP0175
SV04190,LHP0175
SV04191,LHP0175
SV04192,LHP0175
SV04193,LHP0175
SV04194,LHP0175
SV04195,LHP0175
SV04196,LHP0175
SV04197,LHP0175
SV04198,LHP0175
SV04199,LHP0175
SV04200,LHP0175
SV04201,LHP0175
SV04202,LHP0175
SV04203,LHP0175
SV04204,LHP0175
SV04205,LHP0175
SV04206,LHP0175
SV04207,LHP0175
SV04208,LHP0175
SV04209,LHP0175
SV04210,LHP0175
SV04211,LHP0175
SV00517,LHP0176
SV00522,LHP0176
SV00523,LHP0176
SV00527,LHP0176
SV00529,LHP0176
SV00532,LHP0176
SV00533,LHP0176
SV00535,LHP0176
SV00542,LHP0176
SV00544,LHP0176
SV00545,LHP0176
SV00546,LHP0176
SV00549,LHP0176
SV00550,LHP0176
SV00551,LHP0176
SV00557,LHP0176
SV00560,LHP0176
SV00562,LHP0176
SV00568,LHP0176
SV00569,LHP0176
SV00573,LHP0176
SV00574,LHP0176
SV00575,LHP0176
SV00577,LHP0176
SV00578,LHP0176
SV00580,LHP0176
SV00581,LHP0176
SV00582,LHP0176
SV00583,LHP0176
SV00586,LHP0176
SV00587,LHP0176
SV00588,LHP0176
SV00589,LHP0176
SV00590,LHP0176
SV00591,LHP0176
SV00592,LHP0176
SV00594,LHP0176
SV00596,LHP0176
SV00598,LHP0176
SV00601,LHP0176
SV00603,LHP0176
SV00607,LHP0176
SV00610,LHP0176
SV00614,LHP0176
SV00615,LHP0176
SV00616,LHP0176
SV00618,LHP0176
SV00619,LHP0176
SV00621,LHP0176
SV00622,LHP0176
SV00624,LHP0176
SV00626,LHP0176
SV00627,LHP0176
SV00630,LHP0176
SV00632,LHP0176
SV00633,LHP0176
SV00634,LHP0176
SV00635,LHP0176
SV00636,LHP0176
SV02937,LHP0177
SV02999,LHP0177
SV03326,LHP0177
SV03341,LHP0177
SV03386,LHP0177
SV03430,LHP0177
SV03455,LHP0177
SV03458,LHP0177
SV03489,LHP0177
SV03494,LHP0177
SV03523,LHP0177
SV03524,LHP0177
SV03554,LHP0177
SV03555,LHP0177
SV03563,LHP0177
SV03567,LHP0177
SV03579,LHP0177
SV03647,LHP0177
SV03657,LHP0177
SV03692,LHP0177
SV03719,LHP0177
SV03732,LHP0177
SV03737,LHP0177
SV03738,LHP0177
SV03752,LHP0177
SV03767,LHP0177
SV03780,LHP0177
SV03795,LHP0177
SV03818,LHP0177
SV03861,LHP0177
SV03862,LHP0177
SV03872,LHP0177
SV03884,LHP0177
SV03885,LHP0177
SV03894,LHP0177
SV03910,LHP0177
SV03913,LHP0177
SV03916,LHP0177
SV03917,LHP0177
SV03924,LHP0177
SV03941,LHP0177
SV03944,LHP0177
SV03949,LHP0177
SV03950,LHP0177
SV03957,LHP0177
SV03965,LHP0177
SV03968,LHP0177
SV03970,LHP0177
SV03980,LHP0177
SV03989,LHP0177
SV03998,LHP0177
SV03999,LHP0177
SV04001,LHP0177
SV04003,LHP0177
SV04009,LHP0177
SV04013,LHP0177
SV04018,LHP0177
SV04027,LHP0177
SV04032,LHP0177
SV04035,LHP0177
SV04038,LHP0177
SV04040,LHP0177
SV04041,LHP0177
SV04048,LHP0177
SV04055,LHP0177
SV01864,LHP0178
SV01866,LHP0178
SV01881,LHP0178
SV01888,LHP0178
SV01890,LHP0178
SV01893,LHP0178
SV01894,LHP0178
SV01898,LHP0178
SV01899,LHP0178
SV01904,LHP0178
SV01906,LHP0178
SV01910,LHP0178
SV01917,LHP0178
SV01918,LHP0178
SV01919,LHP0178
SV01922,LHP0178
SV01923,LHP0178
SV01924,LHP0178
SV01931,LHP0178
SV01935,LHP0178
SV01936,LHP0178
SV01937,LHP0178
SV01938,LHP0178
SV01942,LHP0178
SV01943,LHP0178
SV01945,LHP0178
SV01947,LHP0178
SV01950,LHP0178
SV01953,LHP0178
SV01955,LHP0178
SV01961,LHP0178
SV01962,LHP0178
SV01968,LHP0178
SV01970,LHP0178
SV01972,LHP0178
SV01975,LHP0178
SV01983,LHP0178
SV01272,LHP0179
SV01274,LHP0179
SV01278,LHP0179
SV01283,LHP0179
SV01306,LHP0179
SV01323,LHP0179
SV01330,LHP0179
SV01332,LHP0179
SV01335,LHP0179
SV01336,LHP0179
SV01339,LHP0179
SV01348,LHP0179
SV01359,LHP0179
SV01361,LHP0179
SV01380,LHP0179
SV01384,LHP0179
SV01386,LHP0179
SV01401,LHP0179
SV01403,LHP0179
SV01407,LHP0179
SV01413,LHP0179
SV01417,LHP0179
SV01418,LHP0179
SV01424,LHP0179
SV01425,LHP0179
SV01428,LHP0179
SV01429,LHP0179
SV01437,LHP0179
SV01440,LHP0179
SV01443,LHP0179
SV01446,LHP0179
SV01448,LHP0179
SV01452,LHP0179
SV01456,LHP0179
SV01460,LHP0179
SV01464,LHP0179
SV01466,LHP0179
SV01471,LHP0179
SV01474,LHP0179
SV01478,LHP0179
SV01480,LHP0179
SV01494,LHP0179
SV01496,LHP0179
SV01498,LHP0179
SV01499,LHP0179
SV01504,LHP0179
SV01506,LHP0179
SV01507,LHP0179
SV01515,LHP0179
SV01520,LHP0179
SV01522,LHP0179
SV01525,LHP0179
SV01527,LHP0179
SV01529,LHP0179
SV01869,LHP0180
SV01870,LHP0180
SV01880,LHP0180
SV01881,LHP0180
SV01884,LHP0180
SV01886,LHP0180
SV01888,LHP0180
SV01891,LHP0180
SV01894,LHP0180
SV01898,LHP0180
SV01899,LHP0180
SV01904,LHP0180
SV01910,LHP0180
SV01918,LHP0180
SV01921,LHP0180
SV01923,LHP0180
SV01925,LHP0180
SV01927,LHP0180
SV01931,LHP0180
SV01935,LHP0180
SV01936,LHP0180
SV01937,LHP0180
SV01938,LHP0180
SV01942,LHP0180
SV01944,LHP0180
SV01945,LHP0180
SV01948,LHP0180
SV01950,LHP0180
SV01951,LHP0180
SV01952,LHP0180
SV01956,LHP0180
SV01959,LHP0180
SV01965,LHP0180
SV01970,LHP0180
SV01971,LHP0180
SV01974,LHP0180
SV01980,LHP0180
SV01981,LHP0180
SV01982,LHP0180
SV01987,LHP0180
SV01989,LHP0180
SV01990,LHP0180
SV01991,LHP0180
SV01993,LHP0180
SV01995,LHP0180
SV01998,LHP0180
SV01999,LHP0180
SV02001,LHP0180
SV02002,LHP0180
SV02004,LHP0180
SV02005,LHP0180
SV02006,LHP0180
SV02007,LHP0180
SV02008,LHP0180
SV02009,LHP0180
SV02010,LHP0180
SV02011,LHP0180
SV02012,LHP0180
SV02013,LHP0180
SV02014,LHP0180
SV00528,LHP0181
SV00560,LHP0181
SV00609,LHP0181
SV00615,LHP0181
SV00625,LHP0181
SV00651,LHP0181
SV00671,LHP0181
SV00707,LHP0181
SV00714,LHP0181
SV00731,LHP0181
SV00740,LHP0181
SV00741,LHP0181
SV00747,LHP0181
SV00748,LHP0181
SV00750,LHP0181
SV00752,LHP0181
SV00754,LHP0181
SV00756,LHP0181
SV00757,LHP0181
SV00762,LHP0181
SV00767,LHP0181
SV00768,LHP0181
SV00770,LHP0181
SV00772,LHP0181
SV00774,LHP0181
SV00775,LHP0181
SV00777,LHP0181
SV00778,LHP0181
SV00783,LHP0181
SV00787,LHP0181
SV00790,LHP0181
SV00797,LHP0181
SV00798,LHP0181
SV00799,LHP0181
SV00813,LHP0181
SV00814,LHP0181
SV00815,LHP0181
SV00817,LHP0181
SV00818,LHP0181
SV00824,LHP0181
SV00829,LHP0181
SV00835,LHP0181
SV00846,LHP0181
SV00852,LHP0181
SV03663,LHP0182
SV03665,LHP0182
SV03666,LHP0182
SV03667,LHP0182
SV03668,LHP0182
SV03669,LHP0182
SV03671,LHP0182
SV03672,LHP0182
SV03674,LHP0182
SV03677,LHP0182
SV03678,LHP0182
SV03679,LHP0182
SV03680,LHP0182
SV03681,LHP0182
SV03683,LHP0182
SV03684,LHP0182
SV03688,LHP0182
SV03689,LHP0182
SV03690,LHP0182
SV03692,LHP0182
SV03693,LHP0182
SV03694,LHP0182
SV03696,LHP0182
SV03697,LHP0182
SV03699,LHP0182
SV03700,LHP0182
SV03701,LHP0182
SV03702,LHP0182
SV03703,LHP0182
SV03707,LHP0182
SV03781,LHP0182
SV03783,LHP0182
SV03784,LHP0182
SV03790,LHP0182
SV03791,LHP0182
SV03795,LHP0182
SV03796,LHP0182
SV03797,LHP0182
SV03798,LHP0182
SV03800,LHP0182
SV03805,LHP0182
SV03806,LHP0182
SV03807,LHP0182
SV03810,LHP0182
SV03811,LHP0182
SV03812,LHP0182
SV03813,LHP0182
SV03814,LHP0182
SV03815,LHP0182
SV03816,LHP0182
SV03817,LHP0182
SV03818,LHP0182
SV03819,LHP0182
SV03820,LHP0182
SV03821,LHP0182
SV03822,LHP0182
SV03823,LHP0182
SV03828,LHP0182
SV03829,LHP0182
SV03830,LHP0182
SV03831,LHP0182
SV03832,LHP0182
SV03833,LHP0182
SV03834,LHP0182
SV03836,LHP0182
SV03837,LHP0182
SV03841,LHP0182
SV03842,LHP0182
SV03845,LHP0182
SV03847,LHP0182
SV03848,LHP0182
SV02115,LHP0183
SV02137,LHP0183
SV02139,LHP0183
SV02141,LHP0183
SV02143,LHP0183
SV02144,LHP0183
SV02145,LHP0183
SV02146,LHP0183
SV02147,LHP0183
SV02152,LHP0183
SV02153,LHP0183
SV02154,LHP0183
SV02155,LHP0183
SV02156,LHP0183
SV02159,LHP0183
SV02162,LHP0183
SV02164,LHP0183
SV02167,LHP0183
SV02169,LHP0183
SV02170,LHP0183
SV02171,LHP0183
SV02174,LHP0183
SV02175,LHP0183
SV02179,LHP0183
SV02180,LHP0183
SV02181,LHP0183
SV02184,LHP0183
SV02185,LHP0183
SV02187,LHP0183
SV02188,LHP0183
SV02189,LHP0183
SV02190,LHP0183
SV02191,LHP0183
SV02192,LHP0183
SV02194,LHP0183
SV02196,LHP0183
SV02197,LHP0183
SV02198,LHP0183
SV02200,LHP0183
SV02203,LHP0183
SV02204,LHP0183
SV02205,LHP0183
SV02207,LHP0183
SV02208,LHP0183
SV02209,LHP0183
SV02210,LHP0183
SV02211,LHP0183
SV02212,LHP0183
SV02213,LHP0183
SV02214,LHP0183
SV02215,LHP0183
SV02216,LHP0183
SV02217,LHP0183
SV02219,LHP0183
SV02220,LHP0183
SV02221,LHP0183
SV02222,LHP0183
SV02223,LHP0183
SV02224,LHP0183
SV02225,LHP0183
SV02226,LHP0183
SV03333,LHP0184
SV03451,LHP0184
SV03499,LHP0184
SV03505,LHP0184
SV03519,LHP0184
SV03554,LHP0184
SV03567,LHP0184
SV03579,LHP0184
SV03621,LHP0184
SV03631,LHP0184
SV03647,LHP0184
SV03649,LHP0184
SV03650,LHP0184
SV03652,LHP0184
SV03657,LHP0184
SV03665,LHP0184
SV03713,LHP0184
SV03737,LHP0184
SV03752,LHP0184
SV03774,LHP0184
SV03793,LHP0184
SV03799,LHP0184
SV03801,LHP0184
SV03803,LHP0184
SV03806,LHP0184
SV03852,LHP0184
SV03853,LHP0184
SV03856,LHP0184
SV03860,LHP0184
SV03862,LHP0184
SV03863,LHP0184
SV03865,LHP0184
SV03874,LHP0184
SV03876,LHP0184
SV03880,LHP0184
SV03881,LHP0184
SV03887,LHP0184
SV03891,LHP0184
SV03895,LHP0184
SV03900,LHP0184
SV03904,LHP0184
SV03905,LHP0184
SV03913,LHP0184
SV03930,LHP0184
SV03962,LHP0184
SV03965,LHP0184
SV03967,LHP0184
SV04000,LHP0184
SV04003,LHP0184
SV04011,LHP0184
SV04034,LHP0184
SV04036,LHP0184
SV04039,LHP0184
SV04047,LHP0184
SV04050,LHP0184
SV04054,LHP0184
SV04057,LHP0184
SV04059,LHP0184
SV04060,LHP0184
SV01333,LHP0185
SV01349,LHP0185
SV01355,LHP0185
SV01457,LHP0185
SV01474,LHP0185
SV01483,LHP0185
SV01543,LHP0185
SV01545,LHP0185
SV01549,LHP0185
SV01550,LHP0185
SV01554,LHP0185
SV01557,LHP0185
SV01559,LHP0185
SV01560,LHP0185
SV01562,LHP0185
SV01563,LHP0185
SV01564,LHP0185
SV01569,LHP0185
SV01570,LHP0185
SV01574,LHP0185
SV01575,LHP0185
SV01590,LHP0185
SV01591,LHP0185
SV01596,LHP0185
SV01599,LHP0185
SV01601,LHP0185
SV01604,LHP0185
SV01606,LHP0185
SV01607,LHP0185
SV01612,LHP0185
SV01613,LHP0185
SV01616,LHP0185
SV01617,LHP0185
SV01618,LHP0185
SV01621,LHP0185
SV01623,LHP0185
SV01624,LHP0185
SV01626,LHP0185
SV01629,LHP0185
SV01630,LHP0185
SV01637,LHP0185
SV01638,LHP0185
SV01639,LHP0185
SV01640,LHP0185
SV01644,LHP0185
SV01646,LHP0185
SV01650,LHP0185
SV01651,LHP0185
SV01653,LHP0185
SV01655,LHP0185
SV01656,LHP0185
SV01658,LHP0185
SV01659,LHP0185
SV01661,LHP0185
SV01667,LHP0185
SV01669,LHP0185
SV03328,LHP0186
SV03418,LHP0186
SV03498,LHP0186
SV03548,LHP0186
SV03549,LHP0186
SV03553,LHP0186
SV03617,LHP0186
SV03619,LHP0186
SV03621,LHP0186
SV03631,LHP0186
SV03633,LHP0186
SV03646,LHP0186
SV03647,LHP0186
SV03651,LHP0186
SV03656,LHP0186
SV03657,LHP0186
SV03781,LHP0186
SV03782,LHP0186
SV03794,LHP0186
SV03798,LHP0186
SV03799,LHP0186
SV03806,LHP0186
SV03807,LHP0186
SV03820,LHP0186
SV03829,LHP0186
SV03830,LHP0186
SV03832,LHP0186
SV03840,LHP0186
SV03844,LHP0186
SV03852,LHP0186
SV03854,LHP0186
SV03856,LHP0186
SV03863,LHP0186
SV03870,LHP0186
SV03871,LHP0186
SV03877,LHP0186
SV03878,LHP0186
SV03883,LHP0186
SV03887,LHP0186
SV03893,LHP0186
SV03894,LHP0186
SV03896,LHP0186
SV03897,LHP0186
SV03898,LHP0186
SV03902,LHP0186
SV03904,LHP0186
SV03909,LHP0186
SV03912,LHP0186
SV03916,LHP0186
SV03917,LHP0186
SV03927,LHP0186
SV03931,LHP0186
SV03935,LHP0186
SV03937,LHP0186
SV03942,LHP0186
SV03945,LHP0186
SV03948,LHP0186
SV03960,LHP0186
SV03983,LHP0186
SV03987,LHP0186
SV03993,LHP0186
SV03414,LHP0187
SV03457,LHP0187
SV03469,LHP0187
SV03480,LHP0187
SV03491,LHP0187
SV03492,LHP0187
SV03510,LHP0187
SV03511,LHP0187
SV03527,LHP0187
SV03541,LHP0187
SV03570,LHP0187
SV03571,LHP0187
SV03578,LHP0187
SV03579,LHP0187
SV03585,LHP0187
SV03597,LHP0187
SV03598,LHP0187
SV03599,LHP0187
SV03602,LHP0187
SV03612,LHP0187
SV03617,LHP0187
SV03628,LHP0187
SV03635,LHP0187
SV03643,LHP0187
SV03649,LHP0187
SV03653,LHP0187
SV03658,LHP0187
SV03671,LHP0187
SV03684,LHP0187
SV03687,LHP0187
SV03706,LHP0187
SV03708,LHP0187
SV03772,LHP0187
SV03784,LHP0187
SV03786,LHP0187
SV03794,LHP0187
SV03811,LHP0187
SV03812,LHP0187
SV03814,LHP0187
SV03817,LHP0187
SV03823,LHP0187
SV03834,LHP0187
SV03839,LHP0187
SV02353,LHP0188
SV02355,LHP0188
SV02359,LHP0188
SV02362,LHP0188
SV02372,LHP0188
SV02373,LHP0188
SV02380,LHP0188
SV02381,LHP0188
SV02384,LHP0188
SV02385,LHP0188
SV02389,LHP0188
SV02390,LHP0188
SV02391,LHP0188
SV02392,LHP0188
SV02395,LHP0188
SV02396,LHP0188
SV02397,LHP0188
SV02398,LHP0188
SV02399,LHP0188
SV02400,LHP0188
SV02401,LHP0188
SV02403,LHP0188
SV02404,LHP0188
SV02405,LHP0188
SV02406,LHP0188
SV02407,LHP0188
SV02411,LHP0188
SV02416,LHP0188
SV02417,LHP0188
SV02418,LHP0188
SV02419,LHP0188
SV02421,LHP0188
SV02423,LHP0188
SV02424,LHP0188
SV02425,LHP0188
SV02426,LHP0188
SV02427,LHP0188
SV02428,LHP0188
SV02429,LHP0188
SV02430,LHP0188
SV02431,LHP0188
SV02432,LHP0188
SV02433,LHP0188
SV02434,LHP0188
SV02435,LHP0188
SV02436,LHP0188
SV02437,LHP0188
SV02438,LHP0188
SV02439,LHP0188
SV02440,LHP0188
SV02441,LHP0188
SV02442,LHP0188
SV02443,LHP0188
SV02444,LHP0188
SV02445,LHP0188
SV02446,LHP0188
SV02447,LHP0188
SV02448,LHP0188
SV02449,LHP0188
SV02450,LHP0188
SV02451,LHP0188
SV02452,LHP0188
SV02453,LHP0188
SV02454,LHP0188
SV02455,LHP0188
SV02456,LHP0188
SV02457,LHP0188
SV02458,LHP0188
SV02459,LHP0188
SV02460,LHP0188
SV02461,LHP0188
SV02462,LHP0188
SV02463,LHP0188
SV01089,LHP0189
SV01093,LHP0189
SV01094,LHP0189
SV01096,LHP0189
SV01098,LHP0189
SV01099,LHP0189
SV01101,LHP0189
SV01102,LHP0189
SV01103,LHP0189
SV01104,LHP0189
SV01137,LHP0189
SV01148,LHP0189
SV01150,LHP0189
SV01153,LHP0189
SV01155,LHP0189
SV01158,LHP0189
SV01160,LHP0189
SV01162,LHP0189
SV01171,LHP0189
SV01173,LHP0189
SV01175,LHP0189
SV01177,LHP0189
SV01184,LHP0189
SV01189,LHP0189
SV01192,LHP0189
SV01194,LHP0189
SV01195,LHP0189
SV01196,LHP0189
SV01199,LHP0189
SV01202,LHP0189
SV01203,LHP0189
SV01204,LHP0189
SV01205,LHP0189
SV01207,LHP0189
SV01208,LHP0189
SV01211,LHP0189
SV01213,LHP0189
SV01221,LHP0189
SV01223,LHP0189
SV01224,LHP0189
SV01225,LHP0189
SV01226,LHP0189
SV01227,LHP0189
SV01228,LHP0189
SV01229,LHP0189
SV01230,LHP0189
SV01232,LHP0189
SV01233,LHP0189
SV01234,LHP0189
SV01235,LHP0189
SV01236,LHP0189
SV01237,LHP0189
SV01240,LHP0189
SV01241,LHP0189
SV01243,LHP0189
SV03664,LHP0190
SV03670,LHP0190
SV03673,LHP0190
SV03675,LHP0190
SV03682,LHP0190
SV03686,LHP0190
SV03687,LHP0190
SV03691,LHP0190
SV03695,LHP0190
SV03698,LHP0190
SV03704,LHP0190
SV03705,LHP0190
SV03706,LHP0190
SV03785,LHP0190
SV03786,LHP0190
SV03787,LHP0190
SV03788,LHP0190
SV03789,LHP0190
SV03793,LHP0190
SV03794,LHP0190
SV03799,LHP0190
SV03802,LHP0190
SV03803,LHP0190
SV03808,LHP0190
SV03809,LHP0190
SV03824,LHP0190
SV03825,LHP0190
SV03826,LHP0190
SV03827,LHP0190
SV03838,LHP0190
SV03839,LHP0190
SV03840,LHP0190
SV03843,LHP0190
SV03844,LHP0190
SV03846,LHP0190
SV00021,LHP0191
SV00040,LHP0191
SV00062,LHP0191
SV00065,LHP0191
SV00066,LHP0191
SV00067,LHP0191
SV00071,LHP0191
SV00072,LHP0191
SV00074,LHP0191
SV00075,LHP0191
SV00077,LHP0191
SV00078,LHP0191
SV00080,LHP0191
SV00081,LHP0191
SV00088,LHP0191
SV00089,LHP0191
SV00093,LHP0191
SV00103,LHP0191
SV00104,LHP0191
SV00105,LHP0191
SV00108,LHP0191
SV00109,LHP0191
SV00110,LHP0191
SV00112,LHP0191
SV00125,LHP0191
SV00135,LHP0191
SV00139,LHP0191
SV00141,LHP0191
SV00145,LHP0191
SV00147,LHP0191
SV00150,LHP0191
SV00151,LHP0191
SV00152,LHP0191
SV01544,LHP0192
SV01546,LHP0192
SV01550,LHP0192
SV01554,LHP0192
SV01555,LHP0192
SV01556,LHP0192
SV01559,LHP0192
SV01561,LHP0192
SV01564,LHP0192
SV01565,LHP0192
SV01567,LHP0192
SV01569,LHP0192
SV01579,LHP0192
SV01580,LHP0192
SV01582,LHP0192
SV01583,LHP0192
SV01584,LHP0192
SV01587,LHP0192
SV01594,LHP0192
SV01595,LHP0192
SV01597,LHP0192
SV01604,LHP0192
SV01605,LHP0192
SV01610,LHP0192
SV01613,LHP0192
SV01620,LHP0192
SV01621,LHP0192
SV01632,LHP0192
SV01634,LHP0192
SV01635,LHP0192
SV01636,LHP0192
SV01638,LHP0192
SV01639,LHP0192
SV01643,LHP0192
SV01644,LHP0192
SV01645,LHP0192
SV01646,LHP0192
SV01654,LHP0192
SV01657,LHP0192
SV01658,LHP0192
SV01669,LHP0192
SV01671,LHP0192
SV01672,LHP0192
SV00154,LHP0193
SV00155,LHP0193
SV00156,LHP0193
SV00157,LHP0193
SV00158,LHP0193
SV00159,LHP0193
SV00160,LHP0193
SV00161,LHP0193
SV00162,LHP0193
SV00163,LHP0193
SV00164,LHP0193
SV00165,LHP0193
SV00166,LHP0193
SV00167,LHP0193
SV00168,LHP0193
SV00169,LHP0193
SV00170,LHP0193
SV00171,LHP0193
SV00172,LHP0193
SV00173,LHP0193
SV00174,LHP0193
SV00175,LHP0193
SV00176,LHP0193
SV00177,LHP0193
SV00178,LHP0193
SV00179,LHP0193
SV00180,LHP0193
SV00181,LHP0193
SV00182,LHP0193
SV00183,LHP0193
SV00184,LHP0193
SV00185,LHP0193
SV00186,LHP0193
SV00187,LHP0193
SV00188,LHP0193
SV00189,LHP0193
SV00190,LHP0193
SV00191,LHP0193
SV00192,LHP0193
SV00193,LHP0193
SV00194,LHP0193
SV00195,LHP0193
SV00196,LHP0193
SV00197,LHP0193
SV03855,LHP0194
SV03857,LHP0194
SV03866,LHP0194
SV03878,LHP0194
SV03879,LHP0194
SV03880,LHP0194
SV03883,LHP0194
SV03885,LHP0194
SV03896,LHP0194
SV03900,LHP0194
SV03902,LHP0194
SV03905,LHP0194
SV03910,LHP0194
SV03913,LHP0194
SV03915,LHP0194
SV03928,LHP0194
SV03933,LHP0194
SV03936,LHP0194
SV03946,LHP0194
SV03948,LHP0194
SV03952,LHP0194
SV03953,LHP0194
SV03967,LHP0194
SV03972,LHP0194
SV03974,LHP0194
SV03975,LHP0194
SV03976,LHP0194
SV03978,LHP0194
SV03985,LHP0194
SV03996,LHP0194
SV04004,LHP0194
SV04005,LHP0194
SV04007,LHP0194
SV04012,LHP0194
SV04014,LHP0194
SV04015,LHP0194
SV04021,LHP0194
SV04023,LHP0194
SV04027,LHP0194
SV04028,LHP0194
SV04040,LHP0194
SV04042,LHP0194
SV04043,LHP0194
SV04052,LHP0194
SV04053,LHP0194
SV04062,LHP0194
SV04063,LHP0194
SV04065,LHP0195
SV04066,LHP0195
SV04067,LHP0195
SV04068,LHP0195
SV04069,LHP0195
SV04070,LHP0195
SV04071,LHP0195
SV04072,LHP0195
SV04073,LHP0195
SV04074,LHP0195
SV04075,LHP0195
SV04076,LHP0195
SV04077,LHP0195
SV04078,LHP0195
SV04079,LHP0195
SV04080,LHP0195
SV04081,LHP0195
SV04082,LHP0195
SV04083,LHP0195
SV04084,LHP0195
SV04085,LHP0195
SV04086,LHP0195
SV04087,LHP0195
SV04088,LHP0195
SV04089,LHP0195
SV04090,LHP0195
SV04091,LHP0195
SV04092,LHP0195
SV04093,LHP0195
SV04094,LHP0195
SV04095,LHP0195
SV04096,LHP0195
SV04097,LHP0195
SV04098,LHP0195
SV04099,LHP0195
SV04100,LHP0195
SV04101,LHP0195
SV04102,LHP0195
SV04103,LHP0195
SV04104,LHP0195
SV04105,LHP0195
SV02568,LHP0196
SV02571,LHP0196
SV02606,LHP0196
SV02619,LHP0196
SV02622,LHP0196
SV02643,LHP0196
SV02686,LHP0196
SV02689,LHP0196
SV02747,LHP0196
SV02753,LHP0196
SV02762,LHP0196
SV02878,LHP0196
SV02886,LHP0196
SV02891,LHP0196
SV02898,LHP0196
SV02906,LHP0196
SV02907,LHP0196
SV02920,LHP0196
SV02925,LHP0196
SV02928,LHP0196
SV02929,LHP0196
SV02931,LHP0196
SV02932,LHP0196
SV02934,LHP0196
SV02937,LHP0196
SV02944,LHP0196
SV02946,LHP0196
SV02950,LHP0196
SV02955,LHP0196
SV02958,LHP0196
SV02967,LHP0196
SV02970,LHP0196
SV02971,LHP0196
SV02972,LHP0196
SV02974,LHP0196
SV02977,LHP0196
SV02980,LHP0196
SV02981,LHP0196
SV02983,LHP0196
SV02986,LHP0196
SV02992,LHP0196
SV02999,LHP0196
SV03004,LHP0196
SV03008,LHP0196
SV03012,LHP0196
SV03013,LHP0196
SV03016,LHP0196
SV03022,LHP0196
SV03026,LHP0196
SV03030,LHP0196
SV03044,LHP0196
SV03055,LHP0196
SV03056,LHP0196
SV03068,LHP0196
SV03089,LHP0196
SV03095,LHP0196
SV03102,LHP0196
SV03113,LHP0196
SV03115,LHP0196
SV03122,LHP0196
SV03128,LHP0196
SV03131,LHP0196
SV03132,LHP0196
SV03135,LHP0196
SV03144,LHP0196
SV03147,LHP0196
SV03148,LHP0196
SV03150,LHP0196
SV03152,LHP0196
SV03153,LHP0196
SV03156,LHP0196
SV03158,LHP0196
SV03160,LHP0196
SV03161,LHP0196
SV03164,LHP0196
SV03170,LHP0196
SV03172,LHP0196
SV03176,LHP0196
SV03177,LHP0196
SV03180,LHP0196
SV02390,LHP0197
SV02391,LHP0197
SV02392,LHP0197
SV02393,LHP0197
SV02394,LHP0197
SV02395,LHP0197
SV02396,LHP0197
SV02397,LHP0197
SV02398,LHP0197
SV02399,LHP0197
SV02400,LHP0197
SV02401,LHP0197
SV02402,LHP0197
SV02403,LHP0197
SV02404,LHP0197
SV02405,LHP0197
SV02406,LHP0197
SV02407,LHP0197
SV02408,LHP0197
SV02409,LHP0197
SV02410,LHP0197
SV02411,LHP0197
SV02412,LHP0197
SV02413,LHP0197
SV02414,LHP0197
SV02415,LHP0197
SV02416,LHP0197
SV02417,LHP0197
SV02418,LHP0197
SV02419,LHP0197
SV02420,LHP0197
SV02421,LHP0197
SV02422,LHP0197
SV02558,LHP0198
SV02625,LHP0198
SV02637,LHP0198
SV02682,LHP0198
SV02726,LHP0198
SV02747,LHP0198
SV02847,LHP0198
SV02879,LHP0198
SV02880,LHP0198
SV02883,LHP0198
SV02933,LHP0198
SV02934,LHP0198
SV02935,LHP0198
SV02937,LHP0198
SV02944,LHP0198
SV02950,LHP0198
SV02952,LHP0198
SV02958,LHP0198
SV02967,LHP0198
SV02975,LHP0198
SV02977,LHP0198
SV02980,LHP0198
SV02984,LHP0198
SV02985,LHP0198
SV02995,LHP0198
SV03012,LHP0198
SV03016,LHP0198
SV03017,LHP0198
SV03021,LHP0198
SV03027,LHP0198
SV03029,LHP0198
SV03036,LHP0198
SV03064,LHP0198
SV03085,LHP0198
SV03087,LHP0198
SV03112,LHP0198
SV03114,LHP0198
SV03116,LHP0198
SV03119,LHP0198
SV03121,LHP0198
SV03122,LHP0198
SV03126,LHP0198
SV03129,LHP0198
SV03130,LHP0198
SV03133,LHP0198
SV03138,LHP0198
SV03139,LHP0198
SV03140,LHP0198
SV03148,LHP0198
SV03156,LHP0198
SV03158,LHP0198
SV03160,LHP0198
SV03161,LHP0198
SV03162,LHP0198
SV03166,LHP0198
SV03170,LHP0198
SV03171,LHP0198
SV03173,LHP0198
SV03175,LHP0198
SV03178,LHP0198
SV00362,LHP0199
SV00363,LHP0199
SV00364,LHP0199
SV00365,LHP0199
SV00366,LHP0199
SV00367,LHP0199
SV00368,LHP0199
SV00369,LHP0199
SV00370,LHP0199
SV00371,LHP0199
SV00372,LHP0199
SV00373,LHP0199
SV00374,LHP0199
SV00375,LHP0199
SV00376,LHP0199
SV00377,LHP0199
SV00378,LHP0199
SV00379,LHP0199
SV00380,LHP0199
SV00381,LHP0199
SV00382,LHP0199
SV00383,LHP0199
SV00384,LHP0199
SV00385,LHP0199
SV00386,LHP0199
SV00387,LHP0199
SV00388,LHP0199
SV00389,LHP0199
SV00390,LHP0199
SV00391,LHP0199
SV00392,LHP0199
SV00393,LHP0199
SV00394,LHP0199
SV00395,LHP0199
SV00396,LHP0199
SV00397,LHP0199
SV00398,LHP0199
SV00399,LHP0199
SV00400,LHP0199
SV00401,LHP0199
SV00402,LHP0199
SV00403,LHP0199
SV00404,LHP0199
SV00405,LHP0199
SV00406,LHP0199
SV00407,LHP0199
SV00408,LHP0199
SV00409,LHP0199
SV00410,LHP0199
SV00411,LHP0199
SV00412,LHP0199
SV00413,LHP0199
SV00414,LHP0199
SV00415,LHP0199
SV00416,LHP0199
SV00417,LHP0199
SV00418,LHP0199
SV00419,LHP0199
SV00420,LHP0199
SV00421,LHP0199
SV00422,LHP0199
SV00423,LHP0199
SV02510,LHP0200
SV02532,LHP0200
SV02545,LHP0200
SV02563,LHP0200
SV02566,LHP0200
SV02574,LHP0200
SV02576,LHP0200
SV02583,LHP0200
SV02584,LHP0200
SV02592,LHP0200
SV02604,LHP0200
SV02608,LHP0200
SV02613,LHP0200
SV02628,LHP0200
SV02634,LHP0200
SV02645,LHP0200
SV02647,LHP0200
SV02666,LHP0200
SV02670,LHP0200
SV02692,LHP0200
SV02700,LHP0200
SV02701,LHP0200
SV02703,LHP0200
SV02705,LHP0200
SV02706,LHP0200
SV02708,LHP0200
SV02710,LHP0200
SV02722,LHP0200
SV02728,LHP0200
SV02733,LHP0200
SV02734,LHP0200
SV02738,LHP0200
SV02750,LHP0200
SV02753,LHP0200
SV02763,LHP0200
SV02769,LHP0200
SV02770,LHP0200
SV02771,LHP0200
SV02781,LHP0200
SV02812,LHP0200
SV02815,LHP0200
SV02823,LHP0200
SV02826,LHP0200
SV02829,LHP0200
SV02832,LHP0200
SV02833,LHP0200
SV02836,LHP0200
SV02841,LHP0200
SV02842,LHP0200
SV01786,LHP0201
SV01789,LHP0201
SV01792,LHP0201
SV01793,LHP0201
SV01794,LHP0201
SV01795,LHP0201
SV01797,LHP0201
SV01798,LHP0201
SV01799,LHP0201
SV01800,LHP0201
SV01802,LHP0201
SV01803,LHP0201
SV01806,LHP0201
SV01808,LHP0201
SV01809,LHP0201
SV01810,LHP0201
SV01811,LHP0201
SV01812,LHP0201
SV01813,LHP0201
SV01814,LHP0201
SV01816,LHP0201
SV01819,LHP0201
SV01821,LHP0201
SV01822,LHP0201
SV01823,LHP0201
SV01824,LHP0201
SV01825,LHP0201
SV01826,LHP0201
SV01828,LHP0201
SV01830,LHP0201
SV01831,LHP0201
SV01833,LHP0201
SV01834,LHP0201
SV01835,LHP0201
SV01836,LHP0201
SV01837,LHP0201
SV01839,LHP0201
SV01841,LHP0201
SV01842,LHP0201
SV01844,LHP0201
SV01845,LHP0201
SV01846,LHP0201
SV01847,LHP0201
SV01848,LHP0201
SV01849,LHP0201
SV01850,LHP0201
SV01851,LHP0201
SV01853,LHP0201
SV01856,LHP0201
SV01857,LHP0201
SV01859,LHP0201
SV01860,LHP0201
SV01861,LHP0201
SV01862,LHP0201
SV01863,LHP0201
SV01345,LHP0202
SV01441,LHP0202
SV01442,LHP0202
SV01456,LHP0202
SV01482,LHP0202
SV01673,LHP0202
SV01674,LHP0202
SV01675,LHP0202
SV01676,LHP0202
SV01677,LHP0202
SV01678,LHP0202
SV01679,LHP0202
SV01680,LHP0202
SV01681,LHP0202
SV01682,LHP0202
SV01683,LHP0202
SV01684,LHP0202
SV01685,LHP0202
SV01686,LHP0202
SV01687,LHP0202
SV01688,LHP0202
SV01689,LHP0202
SV01690,LHP0202
SV01691,LHP0202
SV01692,LHP0202
SV01693,LHP0202
SV01694,LHP0202
SV01695,LHP0202
SV01696,LHP0202
SV01697,LHP0202
SV01698,LHP0202
SV01699,LHP0202
SV01700,LHP0202
SV01701,LHP0202
SV02994,LHP0203
SV03023,LHP0203
SV03039,LHP0203
SV03059,LHP0203
SV03069,LHP0203
SV03094,LHP0203
SV03098,LHP0203
SV03165,LHP0203
SV03169,LHP0203
SV03171,LHP0203
SV03179,LHP0203
SV03186,LHP0203
SV03198,LHP0203
SV03200,LHP0203
SV03206,LHP0203
SV03209,LHP0203
SV03210,LHP0203
SV03218,LHP0203
SV03223,LHP0203
SV03224,LHP0203
SV03228,LHP0203
SV03229,LHP0203
SV03231,LHP0203
SV03232,LHP0203
SV03245,LHP0203
SV03248,LHP0203
SV03254,LHP0203
SV03263,LHP0203
SV03267,LHP0203
SV03286,LHP0203
SV03304,LHP0203
SV03307,LHP0203
SV03320,LHP0203
SV03329,LHP0203
SV03331,LHP0203
SV03334,LHP0203
SV03371,LHP0203
SV03377,LHP0203
SV03380,LHP0203
SV03403,LHP0203
SV03405,LHP0203
SV03406,LHP0203
SV03407,LHP0203
SV03408,LHP0203
SV03410,LHP0203
SV03412,LHP0203
SV03414,LHP0203
SV00744,LHP0204
SV00746,LHP0204
SV00758,LHP0204
SV00775,LHP0204
SV00776,LHP0204
SV00784,LHP0204
SV00785,LHP0204
SV00817,LHP0204
SV00826,LHP0204
SV00831,LHP0204
SV00833,LHP0204
SV00840,LHP0204
SV00849,LHP0204
SV00879,LHP0204
SV00890,LHP0204
SV00897,LHP0204
SV00925,LHP0204
SV00928,LHP0204
SV00930,LHP0204
SV00932,LHP0204
SV00934,LHP0204
SV00935,LHP0204
SV00936,LHP0204
SV00937,LHP0204
SV00939,LHP0204
SV00942,LHP0204
SV00943,LHP0204
SV00944,LHP0204
SV00945,LHP0204
SV00946,LHP0204
SV00949,LHP0204
SV00951,LHP0204
SV00959,LHP0204
SV00962,LHP0204
SV00963,LHP0204
SV00966,LHP0204
SV00967,LHP0204
SV00969,LHP0204
SV00970,LHP0204
SV00974,LHP0204
SV00986,LHP0204
SV00987,LHP0204
SV00988,LHP0204
SV00990,LHP0204
SV00991,LHP0204
SV00996,LHP0204
SV00997,LHP0204
SV00998,LHP0204
SV01000,LHP0204
SV01001,LHP0204
SV01003,LHP0204
SV01004,LHP0204
SV01006,LHP0204
SV01009,LHP0204
SV01012,LHP0204
SV01014,LHP0204
SV01015,LHP0204
SV01017,LHP0204
SV01019,LHP0204
SV01020,LHP0204
SV01021,LHP0204
SV01022,LHP0204
SV01026,LHP0204
SV01028,LHP0204
SV01029,LHP0204
SV01031,LHP0204
SV01032,LHP0204
SV01033,LHP0204
SV03124,LHP0205
SV03125,LHP0205
SV03127,LHP0205
SV03138,LHP0205
SV03143,LHP0205
SV03145,LHP0205
SV03151,LHP0205
SV03163,LHP0205
SV03166,LHP0205
SV03167,LHP0205
SV03168,LHP0205
SV03171,LHP0205
SV03175,LHP0205
SV03178,LHP0205
SV03179,LHP0205
SV03183,LHP0205
SV03188,LHP0205
SV03189,LHP0205
SV03191,LHP0205
SV03193,LHP0205
SV03194,LHP0205
SV03197,LHP0205
SV03198,LHP0205
SV03199,LHP0205
SV03201,LHP0205
SV03202,LHP0205
SV03206,LHP0205
SV03211,LHP0205
SV03214,LHP0205
SV03218,LHP0205
SV03223,LHP0205
SV03225,LHP0205
SV03227,LHP0205
SV03228,LHP0205
SV03234,LHP0205
SV03237,LHP0205
SV03238,LHP0205
SV03240,LHP0205
SV03241,LHP0205
SV03242,LHP0205
SV03243,LHP0205
SV03245,LHP0205
SV03247,LHP0205
SV03252,LHP0205
SV03253,LHP0205
SV03255,LHP0205
SV03256,LHP0205
SV03258,LHP0205
SV03260,LHP0205
SV03266,LHP0205
SV03267,LHP0205
SV03269,LHP0205
SV03271,LHP0205
SV03274,LHP0205
SV03276,LHP0205
SV03278,LHP0205
SV03279,LHP0205
SV03283,LHP0205
SV03284,LHP0205
SV03289,LHP0205
SV03292,LHP0205
SV03293,LHP0205
SV03294,LHP0205
SV03295,LHP0205
SV03301,LHP0205
SV03302,LHP0205
SV03303,LHP0205
SV03306,LHP0205
SV03307,LHP0205
SV03310,LHP0205
SV03312,LHP0205
SV03314,LHP0205
SV03316,LHP0205
SV03319,LHP0205
SV03320,LHP0205
SV03321,LHP0205
SV03322,LHP0205
SV03323,LHP0205
SV03324,LHP0205
SV03325,LHP0205
SV03029,LHP0206
SV03037,LHP0206
SV03049,LHP0206
SV03059,LHP0206
SV03073,LHP0206
SV03107,LHP0206
SV03131,LHP0206
SV03200,LHP0206
SV03217,LHP0206
SV03224,LHP0206
SV03234,LHP0206
SV03248,LHP0206
SV03251,LHP0206
SV03267,LHP0206
SV03276,LHP0206
SV03277,LHP0206
SV03306,LHP0206
SV03313,LHP0206
SV03320,LHP0206
SV03332,LHP0206
SV03349,LHP0206
SV03362,LHP0206
SV03366,LHP0206
SV03377,LHP0206
SV03381,LHP0206
SV03401,LHP0206
SV03403,LHP0206
SV03408,LHP0206
SV03413,LHP0206
SV03417,LHP0206
SV03418,LHP0206
SV03422,LHP0206
SV03427,LHP0206
SV03428,LHP0206
SV03431,LHP0206
SV03432,LHP0206
SV03435,LHP0206
SV03437,LHP0206
SV03439,LHP0206
SV03442,LHP0206
SV03443,LHP0206
SV03448,LHP0206
SV03453,LHP0206
SV03459,LHP0206
SV03460,LHP0206
SV03466,LHP0206
SV03470,LHP0206
SV03475,LHP0206
SV03481,LHP0206
SV03485,LHP0206
SV03486,LHP0206
SV03493,LHP0206
SV03502,LHP0206
SV03504,LHP0206
SV03506,LHP0206
SV03507,LHP0206
SV03508,LHP0206
SV03510,LHP0206
SV03514,LHP0206
SV03520,LHP0206
SV03522,LHP0206
SV03538,LHP0206
SV03543,LHP0206
SV03557,LHP0206
SV03558,LHP0206
SV03560,LHP0206
SV03565,LHP0206
SV03568,LHP0206
SV03569,LHP0206
SV03570,LHP0206
SV03571,LHP0206
SV03574,LHP0206
SV03575,LHP0206
SV03576,LHP0206
SV03578,LHP0206
SV03583,LHP0206
SV02454,LHP0207
SV02457,LHP0207
SV02470,LHP0207
SV02471,LHP0207
SV02474,LHP0207
SV02476,LHP0207
SV02482,LHP0207
SV02483,LHP0207
SV02484,LHP0207
SV02489,LHP0207
SV02490,LHP0207
SV02492,LHP0207
SV02493,LHP0207
SV02495,LHP0207
SV02498,LHP0207
SV02500,LHP0207
SV02502,LHP0207
SV02504,LHP0207
SV02506,LHP0207
SV02507,LHP0207
SV02509,LHP0207
SV02511,LHP0207
SV02513,LHP0207
SV02514,LHP0207
SV02515,LHP0207
SV02516,LHP0207
SV02518,LHP0207
SV02519,LHP0207
SV02520,LHP0207
SV02521,LHP0207
SV02522,LHP0207
SV02523,LHP0207
SV02524,LHP0207
SV02525,LHP0207
SV02527,LHP0207
SV02528,LHP0207
SV02529,LHP0207
SV02530,LHP0207
SV02531,LHP0207
SV02533,LHP0207
SV02534,LHP0207
SV02535,LHP0207
SV02536,LHP0207
SV02539,LHP0207
SV02540,LHP0207
SV02541,LHP0207
SV02542,LHP0207
SV02543,LHP0207
SV02544,LHP0207
SV02545,LHP0207
SV02549,LHP0207
SV01626,LHP0208
SV01641,LHP0208
SV01677,LHP0208
SV01682,LHP0208
SV01688,LHP0208
SV01692,LHP0208
SV01698,LHP0208
SV01703,LHP0208
SV01704,LHP0208
SV01706,LHP0208
SV01711,LHP0208
SV01714,LHP0208
SV01716,LHP0208
SV01717,LHP0208
SV01718,LHP0208
SV01722,LHP0208
SV01723,LHP0208
SV01724,LHP0208
SV01728,LHP0208
SV01729,LHP0208
SV01730,LHP0208
SV01731,LHP0208
SV01732,LHP0208
SV01733,LHP0208
SV01734,LHP0208
SV01739,LHP0208
SV01740,LHP0208
SV01742,LHP0208
SV01744,LHP0208
SV01748,LHP0208
SV01750,LHP0208
SV01751,LHP0208
SV01752,LHP0208
SV01753,LHP0208
SV01754,LHP0208
SV01756,LHP0208
SV01757,LHP0208
SV01758,LHP0208
SV01760,LHP0208
SV01762,LHP0208
SV01764,LHP0208
SV01765,LHP0208
SV01766,LHP0208
SV01768,LHP0208
SV01769,LHP0208
SV01770,LHP0208
SV01772,LHP0208
SV01774,LHP0208
SV01776,LHP0208
SV01777,LHP0208
SV01778,LHP0208
SV01782,LHP0208
SV01784,LHP0208
SV01785,LHP0208
SV01788,LHP0208
SV01789,LHP0208
SV01791,LHP0208
SV02329,LHP0209
SV02342,LHP0209
SV02371,LHP0209
SV02389,LHP0209
SV02405,LHP0209
SV02409,LHP0209
SV02423,LHP0209
SV02424,LHP0209
SV02425,LHP0209
SV02426,LHP0209
SV02427,LHP0209
SV02428,LHP0209
SV02429,LHP0209
SV02430,LHP0209
SV02431,LHP0209
SV02432,LHP0209
SV02433,LHP0209
SV02434,LHP0209
SV02435,LHP0209
SV02436,LHP0209
SV02437,LHP0209
SV02438,LHP0209
SV02439,LHP0209
SV02440,LHP0209
SV02441,LHP0209
SV02442,LHP0209
SV02443,LHP0209
SV02444,LHP0209
SV02445,LHP0209
SV02446,LHP0209
SV02447,LHP0209
SV02448,LHP0209
SV02449,LHP0209
SV02450,LHP0209
SV00202,LHP0210
SV00209,LHP0210
SV00212,LHP0210
SV00229,LHP0210
SV00244,LHP0210
SV00247,LHP0210
SV00264,LHP0210
SV00274,LHP0210
SV00312,LHP0210
SV00328,LHP0210
SV00350,LHP0210
SV00351,LHP0210
SV00354,LHP0210
SV00363,LHP0210
SV00365,LHP0210
SV00366,LHP0210
SV00367,LHP0210
SV00368,LHP0210
SV00369,LHP0210
SV00371,LHP0210
SV00372,LHP0210
SV00374,LHP0210
SV00376,LHP0210
SV00379,LHP0210
SV00384,LHP0210
SV00386,LHP0210
SV00387,LHP0210
SV00388,LHP0210
SV00392,LHP0210
SV00393,LHP0210
SV00397,LHP0210
SV00399,LHP0210
SV00404,LHP0210
SV00405,LHP0210
SV00410,LHP0210
SV00420,LHP0210
SV00421,LHP0210
SV00422,LHP0210
SV02301,LHP0211
SV02303,LHP0211
SV02304,LHP0211
SV02305,LHP0211
SV02307,LHP0211
SV02309,LHP0211
SV02310,LHP0211
SV02313,LHP0211
SV02314,LHP0211
SV02317,LHP0211
SV02318,LHP0211
SV02319,LHP0211
SV02321,LHP0211
SV02322,LHP0211
SV02323,LHP0211
SV02326,LHP0211
SV02328,LHP0211
SV02329,LHP0211
SV02330,LHP0211
SV02332,LHP0211
SV02333,LHP0211
SV02335,LHP0211
SV02338,LHP0211
SV02339,LHP0211
SV02340,LHP0211
SV02341,LHP0211
SV02342,LHP0211
SV02343,LHP0211
SV02344,LHP0211
SV02346,LHP0211
SV02347,LHP0211
SV02349,LHP0211
SV02350,LHP0211
SV02351,LHP0211
SV02352,LHP0211
SV02353,LHP0211
SV02354,LHP0211
SV02355,LHP0211
SV02356,LHP0211
SV02357,LHP0211
SV02358,LHP0211
SV02359,LHP0211
SV02360,LHP0211
SV02361,LHP0211
SV02362,LHP0211
SV02363,LHP0211
SV02364,LHP0211
SV02365,LHP0211
SV02366,LHP0211
SV02367,LHP0211
SV02368,LHP0211
SV02369,LHP0211
SV02370,LHP0211
SV02371,LHP0211
SV02372,LHP0211
SV02373,LHP0211
SV02374,LHP0211
SV02375,LHP0211
SV02376,LHP0211
SV02377,LHP0211
SV02378,LHP0211
SV02379,LHP0211
SV02380,LHP0211
SV02381,LHP0211
SV02382,LHP0211
SV02383,LHP0211
SV02384,LHP0211
SV02385,LHP0211
SV02386,LHP0211
SV02387,LHP0211
SV02388,LHP0211
SV02389,LHP0211
SV00721,LHP0212
SV00745,LHP0212
SV00751,LHP0212
SV00775,LHP0212
SV00785,LHP0212
SV00806,LHP0212
SV00833,LHP0212
SV00840,LHP0212
SV00848,LHP0212
SV00849,LHP0212
SV00876,LHP0212
SV00886,LHP0212
SV00890,LHP0212
SV00899,LHP0212
SV00916,LHP0212
SV00923,LHP0212
SV00925,LHP0212
SV00940,LHP0212
SV00947,LHP0212
SV00956,LHP0212
SV00957,LHP0212
SV00959,LHP0212
SV00962,LHP0212
SV00964,LHP0212
SV00967,LHP0212
SV00968,LHP0212
SV00974,LHP0212
SV00978,LHP0212
SV00981,LHP0212
SV00984,LHP0212
SV00992,LHP0212
SV01002,LHP0212
SV01003,LHP0212
SV01005,LHP0212
SV01007,LHP0212
SV01010,LHP0212
SV01014,LHP0212
SV01018,LHP0212
SV01019,LHP0212
SV01021,LHP0212
SV01022,LHP0212
SV01023,LHP0212
SV01024,LHP0212
SV01025,LHP0212
SV01026,LHP0212
SV01027,LHP0212
SV01029,LHP0212
SV01030,LHP0212
SV01034,LHP0212
SV01035,LHP0212
SV01036,LHP0212
SV01037,LHP0212
SV01038,LHP0212
SV01039,LHP0212
SV01040,LHP0212
SV01041,LHP0212
SV01042,LHP0212
SV01043,LHP0212
SV01044,LHP0212
SV01045,LHP0212
SV01046,LHP0212
SV01047,LHP0212
SV01048,LHP0212
SV01049,LHP0212
SV01050,LHP0212
SV01051,LHP0212
SV01052,LHP0212
SV01053,LHP0212
SV01054,LHP0212
SV01055,LHP0212
SV01056,LHP0212
SV01057,LHP0212
SV01058,LHP0212
SV01059,LHP0212
SV01060,LHP0212
SV01061,LHP0212
SV02470,LHP0213
SV02479,LHP0213
SV02480,LHP0213
SV02482,LHP0213
SV02483,LHP0213
SV02484,LHP0213
SV02485,LHP0213
SV02487,LHP0213
SV02489,LHP0213
SV02490,LHP0213
SV02491,LHP0213
SV02493,LHP0213
SV02496,LHP0213
SV02498,LHP0213
SV02500,LHP0213
SV02501,LHP0213
SV02506,LHP0213
SV02507,LHP0213
SV02508,LHP0213
SV02509,LHP0213
SV02510,LHP0213
SV02511,LHP0213
SV02512,LHP0213
SV02513,LHP0213
SV02514,LHP0213
SV02515,LHP0213
SV02516,LHP0213
SV02517,LHP0213
SV02518,LHP0213
SV02520,LHP0213
SV02521,LHP0213
SV02523,LHP0213
SV02525,LHP0213
SV02526,LHP0213
SV02527,LHP0213
SV02528,LHP0213
SV02529,LHP0213
SV02530,LHP0213
SV02531,LHP0213
SV02532,LHP0213
SV02533,LHP0213
SV02534,LHP0213
SV02535,LHP0213
SV02536,LHP0213
SV02537,LHP0213
SV02538,LHP0213
SV02539,LHP0213
SV02540,LHP0213
SV02541,LHP0213
SV02542,LHP0213
SV02543,LHP0213
SV02544,LHP0213
SV02545,LHP0213
SV02546,LHP0213
SV02547,LHP0213
SV02548,LHP0213
SV02549,LHP0213
SV02550,LHP0213
SV02551,LHP0213
SV02552,LHP0213
SV02553,LHP0213
SV02554,LHP0213
SV02555,LHP0213
SV02556,LHP0213
SV02557,LHP0213
SV02558,LHP0213
SV00527,LHP0214
SV00543,LHP0214
SV00545,LHP0214
SV00559,LHP0214
SV00568,LHP0214
SV00569,LHP0214
SV00574,LHP0214
SV00575,LHP0214
SV00579,LHP0214
SV00581,LHP0214
SV00586,LHP0214
SV00587,LHP0214
SV00589,LHP0214
SV00590,LHP0214
SV00591,LHP0214
SV00593,LHP0214
SV00595,LHP0214
SV00597,LHP0214
SV00598,LHP0214
SV00601,LHP0214
SV00602,LHP0214
SV00603,LHP0214
SV00605,LHP0214
SV00606,LHP0214
SV00608,LHP0214
SV00609,LHP0214
SV00610,LHP0214
SV00611,LHP0214
SV00614,LHP0214
SV00615,LHP0214
SV00617,LHP0214
SV00623,LHP0214
SV00626,LHP0214
SV00632,LHP0214
SV00633,LHP0214
SV00634,LHP0214
SV00635,LHP0214
SV00636,LHP0214
SV00637,LHP0214
SV00638,LHP0214
SV00640,LHP0214
SV00641,LHP0214
SV00642,LHP0214
SV00643,LHP0214
SV00644,LHP0214
SV00645,LHP0214
SV00646,LHP0214
SV00647,LHP0214
SV00650,LHP0214
SV00651,LHP0214
SV00652,LHP0214
SV00653,LHP0214
SV03882,LHP0215
SV03899,LHP0215
SV03932,LHP0215
SV03953,LHP0215
SV03970,LHP0215
SV04001,LHP0215
SV04017,LHP0215
SV04053,LHP0215
SV04054,LHP0215
SV04082,LHP0215
SV04092,LHP0215
SV04093,LHP0215
SV04095,LHP0215
SV04112,LHP0215
SV04115,LHP0215
SV04118,LHP0215
SV04123,LHP0215
SV04129,LHP0215
SV04139,LHP0215
SV04141,LHP0215
SV04145,LHP0215
SV04147,LHP0215
SV04148,LHP0215
SV04151,LHP0215
SV04160,LHP0215
SV04165,LHP0215
SV04172,LHP0215
SV04177,LHP0215
SV04181,LHP0215
SV04186,LHP0215
SV04193,LHP0215
SV04195,LHP0215
SV04202,LHP0215
SV04204,LHP0215
SV04216,LHP0215
SV04218,LHP0215
SV04224,LHP0215
SV04229,LHP0215
SV04232,LHP0215
SV04237,LHP0215
SV04239,LHP0215
SV04242,LHP0215
SV04243,LHP0215
SV04244,LHP0215
SV02672,LHP0216
SV02677,LHP0216
SV02683,LHP0216
SV02685,LHP0216
SV02687,LHP0216
SV02693,LHP0216
SV02695,LHP0216
SV02700,LHP0216
SV02703,LHP0216
SV02708,LHP0216
SV02710,LHP0216
SV02712,LHP0216
SV02714,LHP0216
SV02715,LHP0216
SV02728,LHP0216
SV02734,LHP0216
SV02736,LHP0216
SV02741,LHP0216
SV02742,LHP0216
SV02743,LHP0216
SV02745,LHP0216
SV02749,LHP0216
SV02750,LHP0216
SV02752,LHP0216
SV02761,LHP0216
SV02762,LHP0216
SV02767,LHP0216
SV02782,LHP0216
SV02789,LHP0216
SV02798,LHP0216
SV02803,LHP0216
SV02806,LHP0216
SV02809,LHP0216
SV02811,LHP0216
SV02816,LHP0216
SV02825,LHP0216
SV02831,LHP0216
SV02832,LHP0216
SV02837,LHP0216
SV02840,LHP0216
SV02846,LHP0216
SV02847,LHP0216
SV02848,LHP0216
SV02849,LHP0216
SV02850,LHP0216
SV02851,LHP0216
SV02852,LHP0216
SV02853,LHP0216
SV02854,LHP0216
SV02855,LHP0216
SV02856,LHP0216
SV02857,LHP0216
SV02858,LHP0216
SV02859,LHP0216
SV02860,LHP0216
SV02861,LHP0216
SV02862,LHP0216
SV02863,LHP0216
SV02864,LHP0216
SV02865,LHP0216
SV02866,LHP0216
SV02867,LHP0216
SV02868,LHP0216
SV02869,LHP0216
SV02870,LHP0216
SV02871,LHP0216
SV02872,LHP0216
SV02873,LHP0216
SV02874,LHP0216
SV04194,LHP0217
SV04249,LHP0217
SV04255,LHP0217
SV04261,LHP0217
SV04271,LHP0217
SV04276,LHP0217
SV04302,LHP0217
SV04307,LHP0217
SV04318,LHP0217
SV04321,LHP0217
SV04327,LHP0217
SV04329,LHP0217
SV04330,LHP0217
SV04336,LHP0217
SV04338,LHP0217
SV04342,LHP0217
SV04343,LHP0217
SV04344,LHP0217
SV04346,LHP0217
SV04350,LHP0217
SV04356,LHP0217
SV04361,LHP0217
SV04362,LHP0217
SV04363,LHP0217
SV04368,LHP0217
SV04373,LHP0217
SV04377,LHP0217
SV04379,LHP0217
SV04380,LHP0217
SV04382,LHP0217
SV04385,LHP0217
SV00063,LHP0218
SV00064,LHP0218
SV00069,LHP0218
SV00076,LHP0218
SV00155,LHP0218
SV00159,LHP0218
SV00163,LHP0218
SV00166,LHP0218
SV00169,LHP0218
SV00173,LHP0218
SV00174,LHP0218
SV00175,LHP0218
SV00179,LHP0218
SV00185,LHP0218
SV00186,LHP0218
SV00189,LHP0218
SV00190,LHP0218
SV00194,LHP0218
SV00195,LHP0218
SV00281,LHP0218
SV00282,LHP0218
SV00283,LHP0218
SV00290,LHP0218
SV00291,LHP0218
SV00293,LHP0218
SV00294,LHP0218
SV00295,LHP0218
SV00297,LHP0218
SV00303,LHP0218
SV00306,LHP0218
SV00308,LHP0218
SV00309,LHP0218
SV00310,LHP0218
SV00311,LHP0218
SV00312,LHP0218
SV00313,LHP0218
SV00314,LHP0218
SV00315,LHP0218
SV00316,LHP0218
SV00319,LHP0218
SV00320,LHP0218
SV00322,LHP0218
SV00324,LHP0218
SV00326,LHP0218
SV00327,LHP0218
SV00328,LHP0218
SV00329,LHP0218
SV00332,LHP0218
SV00335,LHP0218
SV00338,LHP0218
SV00344,LHP0218
SV00345,LHP0218
SV01089,LHP0219
SV01118,LHP0219
SV01133,LHP0219
SV01147,LHP0219
SV01152,LHP0219
SV01154,LHP0219
SV01159,LHP0219
SV01162,LHP0219
SV01166,LHP0219
SV01173,LHP0219
SV01184,LHP0219
SV01195,LHP0219
SV01201,LHP0219
SV01206,LHP0219
SV01215,LHP0219
SV01233,LHP0219
SV01235,LHP0219
SV01249,LHP0219
SV01250,LHP0219
SV01257,LHP0219
SV01261,LHP0219
SV01263,LHP0219
SV01264,LHP0219
SV01265,LHP0219
SV01266,LHP0219
SV01267,LHP0219
SV01269,LHP0219
SV01271,LHP0219
SV01273,LHP0219
SV01277,LHP0219
SV01279,LHP0219
SV01285,LHP0219
SV01286,LHP0219
SV01291,LHP0219
SV02588,LHP0220
SV02714,LHP0220
SV02747,LHP0220
SV02982,LHP0220
SV02991,LHP0220
SV03026,LHP0220
SV03035,LHP0220
SV03038,LHP0220
SV03040,LHP0220
SV03041,LHP0220
SV03048,LHP0220
SV03074,LHP0220
SV03081,LHP0220
SV03126,LHP0220
SV03133,LHP0220
SV03143,LHP0220
SV03180,LHP0220
SV03182,LHP0220
SV03196,LHP0220
SV03199,LHP0220
SV03203,LHP0220
SV03213,LHP0220
SV03222,LHP0220
SV03230,LHP0220
SV03246,LHP0220
SV03271,LHP0220
SV03287,LHP0220
SV03293,LHP0220
SV03303,LHP0220
SV03314,LHP0220
SV03318,LHP0220
SV03319,LHP0220
SV03324,LHP0220
SV03335,LHP0220
SV03337,LHP0220
SV03339,LHP0220
SV03342,LHP0220
SV03345,LHP0220
SV03356,LHP0220
SV03372,LHP0220
SV03382,LHP0220
SV03393,LHP0220
SV03395,LHP0220
SV00721,LHP0221
SV00758,LHP0221
SV00771,LHP0221
SV00782,LHP0221
SV00787,LHP0221
SV00806,LHP0221
SV00817,LHP0221
SV00820,LHP0221
SV00823,LHP0221
SV00858,LHP0221
SV00868,LHP0221
SV00922,LHP0221
SV00970,LHP0221
SV00971,LHP0221
SV00972,LHP0221
SV00973,LHP0221
SV00974,LHP0221
SV00975,LHP0221
SV00976,LHP0221
SV00977,LHP0221
SV00978,LHP0221
SV00979,LHP0221
SV00980,LHP0221
SV00981,LHP0221
SV00982,LHP0221
SV00983,LHP0221
SV00984,LHP0221
SV00985,LHP0221
SV00986,LHP0221
SV00987,LHP0221
SV00988,LHP0221
SV00989,LHP0221
SV00990,LHP0221
SV00991,LHP0221
SV00992,LHP0221
SV00993,LHP0221
SV00994,LHP0221
SV00995,LHP0221
SV00996,LHP0221
SV00997,LHP0221
SV00998,LHP0221
SV00999,LHP0221
SV01000,LHP0221
SV01001,LHP0221
SV01002,LHP0221
SV01003,LHP0221
SV01004,LHP0221
SV01005,LHP0221
SV01006,LHP0221
SV01007,LHP0221
SV01008,LHP0221
SV01009,LHP0221
SV01010,LHP0221
SV01011,LHP0221
SV01012,LHP0221
SV01013,LHP0221
SV01014,LHP0221
SV01015,LHP0221
SV01016,LHP0221
SV01017,LHP0221
SV01018,LHP0221
SV01019,LHP0221
SV01020,LHP0221
SV01021,LHP0221
SV01022,LHP0221
SV01023,LHP0221
SV01024,LHP0221
SV01025,LHP0221
SV01026,LHP0221
SV01027,LHP0221
SV01028,LHP0221
SV01029,LHP0221
SV01030,LHP0221
SV01031,LHP0221
SV01032,LHP0221
SV01033,LHP0221
SV01253,LHP0222
SV01254,LHP0222
SV01255,LHP0222
SV01256,LHP0222
SV01257,LHP0222
SV01258,LHP0222
SV01259,LHP0222
SV01260,LHP0222
SV01261,LHP0222
SV01262,LHP0222
SV01263,LHP0222
SV01264,LHP0222
SV01265,LHP0222
SV01266,LHP0222
SV01267,LHP0222
SV01268,LHP0222
SV01269,LHP0222
SV01270,LHP0222
SV01271,LHP0222
SV01272,LHP0222
SV01273,LHP0222
SV01274,LHP0222
SV01275,LHP0222
SV01276,LHP0222
SV01277,LHP0222
SV01278,LHP0222
SV01279,LHP0222
SV01280,LHP0222
SV01281,LHP0222
SV01282,LHP0222
SV01283,LHP0222
SV01284,LHP0222
SV01285,LHP0222
SV01286,LHP0222
SV01287,LHP0222
SV01288,LHP0222
SV01289,LHP0222
SV01290,LHP0222
SV01291,LHP0222
SV03046,LHP0223
SV03047,LHP0223
SV03048,LHP0223
SV03049,LHP0223
SV03050,LHP0223
SV03051,LHP0223
SV03052,LHP0223
SV03053,LHP0223
SV03054,LHP0223
SV03055,LHP0223
SV03056,LHP0223
SV03057,LHP0223
SV03058,LHP0223
SV03059,LHP0223
SV03060,LHP0223
SV03061,LHP0223
SV03062,LHP0223
SV03063,LHP0223
SV03064,LHP0223
SV03065,LHP0223
SV03066,LHP0223
SV03067,LHP0223
SV03068,LHP0223
SV03069,LHP0223
SV03070,LHP0223
SV03071,LHP0223
SV03072,LHP0223
SV03073,LHP0223
SV03074,LHP0223
SV03075,LHP0223
SV03076,LHP0223
SV03077,LHP0223
SV03078,LHP0223
SV03079,LHP0223
SV03080,LHP0223
SV03081,LHP0223
SV03082,LHP0223
SV03083,LHP0223
SV03084,LHP0223
SV03085,LHP0223
SV03086,LHP0223
SV03087,LHP0223
SV03088,LHP0223
SV03089,LHP0223
SV03090,LHP0223
SV03091,LHP0223
SV03092,LHP0223
SV03093,LHP0223
SV03094,LHP0223
SV03095,LHP0223
SV03096,LHP0223
SV03097,LHP0223
SV03098,LHP0223
SV03099,LHP0223
SV03100,LHP0223
SV03101,LHP0223
SV03102,LHP0223
SV03103,LHP0223
SV02424,LHP0224
SV02425,LHP0224
SV02427,LHP0224
SV02428,LHP0224
SV02429,LHP0224
SV02432,LHP0224
SV02436,LHP0224
SV02437,LHP0224
SV02441,LHP0224
SV02442,LHP0224
SV02443,LHP0224
SV02444,LHP0224
SV02445,LHP0224
SV02446,LHP0224
SV02447,LHP0224
SV02448,LHP0224
SV02452,LHP0224
SV02453,LHP0224
SV02454,LHP0224
SV02455,LHP0224
SV02457,LHP0224
SV02459,LHP0224
SV02460,LHP0224
SV02462,LHP0224
SV02463,LHP0224
SV02464,LHP0224
SV02465,LHP0224
SV02466,LHP0224
SV02467,LHP0224
SV02468,LHP0224
SV02469,LHP0224
SV02470,LHP0224
SV02471,LHP0224
SV02472,LHP0224
SV02473,LHP0224
SV02474,LHP0224
SV02475,LHP0224
SV02476,LHP0224
SV02477,LHP0224
SV02478,LHP0224
SV02479,LHP0224
SV02480,LHP0224
SV02481,LHP0224
SV02484,LHP0225
SV02489,LHP0225
SV02490,LHP0225
SV02491,LHP0225
SV02496,LHP0225
SV02500,LHP0225
SV02501,LHP0225
SV02506,LHP0225
SV02507,LHP0225
SV02509,LHP0225
SV02510,LHP0225
SV02511,LHP0225
SV02513,LHP0225
SV02514,LHP0225
SV02515,LHP0225
SV02516,LHP0225
SV02517,LHP0225
SV02520,LHP0225
SV02525,LHP0225
SV02526,LHP0225
SV02528,LHP0225
SV02529,LHP0225
SV02530,LHP0225
SV02531,LHP0225
SV02532,LHP0225
SV02533,LHP0225
SV02534,LHP0225
SV02535,LHP0225
SV02536,LHP0225
SV02537,LHP0225
SV02538,LHP0225
SV02541,LHP0225
SV02542,LHP0225
SV02543,LHP0225
SV02544,LHP0225
SV02545,LHP0225
SV02546,LHP0225
SV02547,LHP0225
SV02548,LHP0225
SV02550,LHP0225
SV02551,LHP0225
SV02552,LHP0225
SV02553,LHP0225
SV02554,LHP0225
SV02555,LHP0225
SV02556,LHP0225
SV02557,LHP0225
SV02558,LHP0225
SV02559,LHP0225
SV02560,LHP0225
SV02561,LHP0225
SV02562,LHP0225
SV02563,LHP0225
SV02564,LHP0225
SV02565,LHP0225
SV02566,LHP0225
SV02567,LHP0225
SV02568,LHP0225
SV02569,LHP0225
SV02570,LHP0225
SV02571,LHP0225
SV02572,LHP0225
SV02573,LHP0225
SV02574,LHP0225
SV02575,LHP0225
SV02576,LHP0225
SV02577,LHP0225
SV02578,LHP0225
SV02579,LHP0225
SV02580,LHP0225
SV02581,LHP0225
SV02582,LHP0225
SV02583,LHP0225
SV00674,LHP0226
SV00744,LHP0226
SV00746,LHP0226
SV00751,LHP0226
SV00761,LHP0226
SV00762,LHP0226
SV00779,LHP0226
SV00787,LHP0226
SV00811,LHP0226
SV00823,LHP0226
SV00825,LHP0226
SV00833,LHP0226
SV00837,LHP0226
SV00845,LHP0226
SV00855,LHP0226
SV00858,LHP0226
SV00863,LHP0226
SV00873,LHP0226
SV00886,LHP0226
SV00889,LHP0226
SV00903,LHP0226
SV00910,LHP0226
SV00925,LHP0226
SV00930,LHP0226
SV00937,LHP0226
SV00947,LHP0226
SV00951,LHP0226
SV00960,LHP0226
SV00962,LHP0226
SV00963,LHP0226
SV00965,LHP0226
SV00968,LHP0226
SV00971,LHP0226
SV00972,LHP0226
SV00973,LHP0226
SV00974,LHP0226
SV00979,LHP0226
SV00986,LHP0226
SV00987,LHP0226
SV00992,LHP0226
SV00993,LHP0226
SV00995,LHP0226
SV00997,LHP0226
SV00999,LHP0226
SV01205,LHP0227
SV01206,LHP0227
SV01207,LHP0227
SV01208,LHP0227
SV01209,LHP0227
SV01210,LHP0227
SV01211,LHP0227
SV01212,LHP0227
SV01213,LHP0227
SV01214,LHP0227
SV01215,LHP0227
SV01216,LHP0227
SV01217,LHP0227
SV01218,LHP0227
SV01219,LHP0227
SV01220,LHP0227
SV01221,LHP0227
SV01222,LHP0227
SV01223,LHP0227
SV01224,LHP0227
SV01225,LHP0227
SV01226,LHP0227
SV01227,LHP0227
SV01228,LHP0227
SV01229,LHP0227
SV01230,LHP0227
SV01231,LHP0227
SV01232,LHP0227
SV01233,LHP0227
SV01234,LHP0227
SV01235,LHP0227
SV01236,LHP0227
SV01237,LHP0227
SV01238,LHP0227
SV01239,LHP0227
SV01240,LHP0227
SV01241,LHP0227
SV01242,LHP0227
SV01243,LHP0227
SV01244,LHP0227
SV01245,LHP0227
SV01246,LHP0227
SV01247,LHP0227
SV00643,LHP0228
SV00648,LHP0228
SV00649,LHP0228
SV00651,LHP0228
SV00652,LHP0228
SV00653,LHP0228
SV00654,LHP0228
SV00659,LHP0228
SV00661,LHP0228
SV00662,LHP0228
SV00663,LHP0228
SV00668,LHP0228
SV00669,LHP0228
SV00672,LHP0228
SV00674,LHP0228
SV00675,LHP0228
SV00679,LHP0228
SV00680,LHP0228
SV00682,LHP0228
SV00687,LHP0228
SV00693,LHP0228
SV00700,LHP0228
SV00702,LHP0228
SV00710,LHP0228
SV00711,LHP0228
SV00713,LHP0228
SV00714,LHP0228
SV00717,LHP0228
SV00718,LHP0228
SV00719,LHP0228
SV00079,LHP0229
SV00080,LHP0229
SV00081,LHP0229
SV00082,LHP0229
SV00083,LHP0229
SV00084,LHP0229
SV00085,LHP0229
SV00086,LHP0229
SV00087,LHP0229
SV00088,LHP0229
SV00089,LHP0229
SV00090,LHP0229
SV00091,LHP0229
SV00092,LHP0229
SV00093,LHP0229
SV00094,LHP0229
SV00095,LHP0229
SV00096,LHP0229
SV00097,LHP0229
SV00098,LHP0229
SV00099,LHP0229
SV00100,LHP0229
SV00101,LHP0229
SV00102,LHP0229
SV00103,LHP0229
SV00104,LHP0229
SV00105,LHP0229
SV00106,LHP0229
SV00107,LHP0229
SV00108,LHP0229
SV00109,LHP0229
SV00110,LHP0229
SV00111,LHP0229
SV00112,LHP0229
SV00113,LHP0229
SV00114,LHP0229
SV00115,LHP0229
SV00116,LHP0229
SV00117,LHP0229
SV00118,LHP0229
SV00119,LHP0229
SV00120,LHP0229
SV00121,LHP0229
SV00122,LHP0229
SV00123,LHP0229
SV00124,LHP0229
SV00125,LHP0229
SV00126,LHP0229
SV00127,LHP0229
SV00128,LHP0229
SV00129,LHP0229
SV00130,LHP0229
SV00131,LHP0229
SV00132,LHP0229
SV00133,LHP0229
SV00134,LHP0229
SV00135,LHP0229
SV00136,LHP0229
SV00137,LHP0229
SV00138,LHP0229
SV00139,LHP0229
SV00140,LHP0229
SV00141,LHP0229
SV00142,LHP0229
SV00143,LHP0229
SV00144,LHP0229
SV00145,LHP0229
SV00146,LHP0229
SV00147,LHP0229
SV00148,LHP0229
SV00149,LHP0229
SV00150,LHP0229
SV00151,LHP0229
SV00152,LHP0229
SV00153,LHP0229
SV04153,LHP0230
SV04154,LHP0230
SV04156,LHP0230
SV04158,LHP0230
SV04159,LHP0230
SV04162,LHP0230
SV04163,LHP0230
SV04165,LHP0230
SV04167,LHP0230
SV04168,LHP0230
SV04172,LHP0230
SV04173,LHP0230
SV04177,LHP0230
SV04178,LHP0230
SV04181,LHP0230
SV04182,LHP0230
SV04183,LHP0230
SV04184,LHP0230
SV04186,LHP0230
SV04187,LHP0230
SV04188,LHP0230
SV04189,LHP0230
SV04191,LHP0230
SV04195,LHP0230
SV04196,LHP0230
SV04197,LHP0230
SV04198,LHP0230
SV04199,LHP0230
SV04200,LHP0230
SV04202,LHP0230
SV04205,LHP0230
SV04206,LHP0230
SV04207,LHP0230
SV04208,LHP0230
SV00136,LHP0231
SV00204,LHP0231
SV00253,LHP0231
SV00262,LHP0231
SV00372,LHP0231
SV00430,LHP0231
SV00435,LHP0231
SV00453,LHP0231
SV00454,LHP0231
SV00455,LHP0231
SV00457,LHP0231
SV00458,LHP0231
SV00463,LHP0231
SV00464,LHP0231
SV00468,LHP0231
SV00470,LHP0231
SV00492,LHP0231
SV00493,LHP0231
SV00495,LHP0231
SV00496,LHP0231
SV00497,LHP0231
SV00499,LHP0231
SV00500,LHP0231
SV00501,LHP0231
SV00502,LHP0231
SV00503,LHP0231
SV00504,LHP0231
SV00505,LHP0231
SV00506,LHP0231
SV00509,LHP0231
SV00511,LHP0231
SV00513,LHP0231
SV00514,LHP0231
SV00515,LHP0231
SV01034,LHP0232
SV01035,LHP0232
SV01036,LHP0232
SV01037,LHP0232
SV01038,LHP0232
SV01039,LHP0232
SV01040,LHP0232
SV01041,LHP0232
SV01042,LHP0232
SV01043,LHP0232
SV01044,LHP0232
SV01045,LHP0232
SV01046,LHP0232
SV01047,LHP0232
SV01048,LHP0232
SV01049,LHP0232
SV01050,LHP0232
SV01051,LHP0232
SV01052,LHP0232
SV01053,LHP0232
SV01054,LHP0232
SV01055,LHP0232
SV01056,LHP0232
SV01057,LHP0232
SV01058,LHP0232
SV01059,LHP0232
SV01060,LHP0232
SV01061,LHP0232
SV01062,LHP0232
SV01063,LHP0232
SV01064,LHP0232
SV01065,LHP0232
SV01066,LHP0232
SV01067,LHP0232
SV01068,LHP0232
SV01069,LHP0232
SV01070,LHP0232
SV01071,LHP0232
SV01072,LHP0232
SV01073,LHP0232
SV01074,LHP0232
SV01075,LHP0232
SV01076,LHP0232
SV01077,LHP0232
SV01078,LHP0232
SV01079,LHP0232
SV01080,LHP0232
SV01081,LHP0232
SV03165,LHP0233
SV03209,LHP0233
SV03223,LHP0233
SV03281,LHP0233
SV03345,LHP0233
SV03349,LHP0233
SV03358,LHP0233
SV03374,LHP0233
SV03377,LHP0233
SV03388,LHP0233
SV03408,LHP0233
SV03419,LHP0233
SV03426,LHP0233
SV03435,LHP0233
SV03436,LHP0233
SV03452,LHP0233
SV03464,LHP0233
SV03469,LHP0233
SV03470,LHP0233
SV03473,LHP0233
SV03475,LHP0233
SV03513,LHP0233
SV03521,LHP0233
SV03527,LHP0233
SV03529,LHP0233
SV03531,LHP0233
SV03537,LHP0233
SV03545,LHP0233
SV03561,LHP0233
SV03569,LHP0233
SV03590,LHP0233
SV03593,LHP0233
SV03616,LHP0233
SV03618,LHP0233
SV03621,LHP0233
SV03622,LHP0233
SV03641,LHP0233
SV03642,LHP0233
SV03646,LHP0233
SV03656,LHP0233
SV03672,LHP0233
SV03679,LHP0233
SV03680,LHP0233
SV03701,LHP0233
SV03702,LHP0233
SV03703,LHP0233
SV03718,LHP0233
SV03725,LHP0233
SV03731,LHP0233
SV03732,LHP0233
SV03746,LHP0233
SV03764,LHP0233
SV03765,LHP0233
SV03768,LHP0233
SV03770,LHP0233
SV03774,LHP0233
SV03781,LHP0233
SV03796,LHP0233
SV03808,LHP0233
SV02511,LHP0234
SV02517,LHP0234
SV02525,LHP0234
SV02550,LHP0234
SV02551,LHP0234
SV02553,LHP0234
SV02554,LHP0234
SV02575,LHP0234
SV02591,LHP0234
SV02598,LHP0234
SV02599,LHP0234
SV02604,LHP0234
SV02608,LHP0234
SV02612,LHP0234
SV02614,LHP0234
SV02621,LHP0234
SV02623,LHP0234
SV02642,LHP0234
SV02651,LHP0234
SV02682,LHP0234
SV02685,LHP0234
SV02687,LHP0234
SV02692,LHP0234
SV02708,LHP0234
SV02716,LHP0234
SV02725,LHP0234
SV02734,LHP0234
SV02740,LHP0234
SV02742,LHP0234
SV02781,LHP0234
SV02784,LHP0234
SV02790,LHP0234
SV02804,LHP0234
SV02843,LHP0234
SV02847,LHP0234
SV02849,LHP0234
SV02858,LHP0234
SV02861,LHP0234
SV02863,LHP0234
SV02865,LHP0234
SV02867,LHP0234
SV02871,LHP0234
SV02872,LHP0234
SV02874,LHP0234
SV02881,LHP0234
SV02612,LHP0235
SV02627,LHP0235
SV02648,LHP0235
SV02877,LHP0235
SV02897,LHP0235
SV02939,LHP0235
SV02948,LHP0235
SV02955,LHP0235
SV02969,LHP0235
SV02977,LHP0235
SV02986,LHP0235
SV02988,LHP0235
SV02996,LHP0235
SV02997,LHP0235
SV02998,LHP0235
SV03005,LHP0235
SV03009,LHP0235
SV03014,LHP0235
SV03044,LHP0235
SV03059,LHP0235
SV03071,LHP0235
SV03092,LHP0235
SV03097,LHP0235
SV03109,LHP0235
SV03119,LHP0235
SV03125,LHP0235
SV03132,LHP0235
SV03134,LHP0235
SV03136,LHP0235
SV03140,LHP0235
SV03153,LHP0235
SV03154,LHP0235
SV03162,LHP0235
SV03169,LHP0235
SV03198,LHP0235
SV03200,LHP0235
SV03210,LHP0235
SV03213,LHP0235
SV03215,LHP0235
SV03218,LHP0235
SV03231,LHP0235
SV03236,LHP0235
SV03239,LHP0235
SV03241,LHP0235
SV03248,LHP0235
SV03251,LHP0235
SV03254,LHP0235
SV03257,LHP0235
SV03262,LHP0235
SV03278,LHP0235
SV03285,LHP0235
SV03294,LHP0235
SV03318,LHP0235
SV03320,LHP0235
SV03330,LHP0235
SV03335,LHP0235
SV03336,LHP0235
SV03337,LHP0235
SV03338,LHP0235
SV03339,LHP0235
SV03340,LHP0235
SV03348,LHP0235
SV03361,LHP0235
SV03366,LHP0235
SV03369,LHP0235
SV03370,LHP0235
SV03375,LHP0235
SV03380,LHP0235
SV03385,LHP0235
SV03388,LHP0235
SV03398,LHP0235
SV03401,LHP0235
SV03405,LHP0235
SV03406,LHP0235
SV03409,LHP0235
SV03411,LHP0235
SV03412,LHP0235
SV02886,LHP0236
SV03333,LHP0236
SV03451,LHP0236
SV03478,LHP0236
SV03484,LHP0236
SV03513,LHP0236
SV03515,LHP0236
SV03556,LHP0236
SV03582,LHP0236
SV03595,LHP0236
SV03605,LHP0236
SV03608,LHP0236
SV03615,LHP0236
SV03626,LHP0236
SV03639,LHP0236
SV03642,LHP0236
SV03655,LHP0236
SV03667,LHP0236
SV03677,LHP0236
SV03694,LHP0236
SV03695,LHP0236
SV03710,LHP0236
SV03722,LHP0236
SV03743,LHP0236
SV03757,LHP0236
SV03761,LHP0236
SV03764,LHP0236
SV03765,LHP0236
SV03785,LHP0236
SV03801,LHP0236
SV03805,LHP0236
SV03809,LHP0236
SV03816,LHP0236
SV03847,LHP0236
SV03850,LHP0236
SV03854,LHP0236
SV03855,LHP0236
SV03860,LHP0236
SV03865,LHP0236
SV03870,LHP0236
SV03875,LHP0236
SV03881,LHP0236
SV03886,LHP0236
SV03891,LHP0236
SV03892,LHP0236
SV03900,LHP0236
SV03902,LHP0236
SV03909,LHP0236
SV03920,LHP0236
SV03928,LHP0236
SV03935,LHP0236
SV03936,LHP0236
SV03955,LHP0236
SV03961,LHP0236
SV03978,LHP0236
SV03992,LHP0236
SV03994,LHP0236
SV03995,LHP0236
SV04007,LHP0236
SV04011,LHP0236
SV04023,LHP0236
SV04029,LHP0236
SV04031,LHP0236
SV04042,LHP0236
SV04044,LHP0236
SV04049,LHP0236
SV04050,LHP0236
SV04052,LHP0236
SV04054,LHP0236
SV04057,LHP0236
SV03340,LHP0237
SV03391,LHP0237
SV03455,LHP0237
SV03541,LHP0237
SV03542,LHP0237
SV03559,LHP0237
SV03570,LHP0237
SV03663,LHP0237
SV03664,LHP0237
SV03665,LHP0237
SV03666,LHP0237
SV03667,LHP0237
SV03668,LHP0237
SV03669,LHP0237
SV03670,LHP0237
SV03671,LHP0237
SV03672,LHP0237
SV03673,LHP0237
SV03674,LHP0237
SV03675,LHP0237
SV03676,LHP0237
SV03677,LHP0237
SV03678,LHP0237
SV03679,LHP0237
SV03680,LHP0237
SV03681,LHP0237
SV03682,LHP0237
SV03683,LHP0237
SV03684,LHP0237
SV03685,LHP0237
SV03686,LHP0237
SV03687,LHP0237
SV03688,LHP0237
SV03689,LHP0237
SV03690,LHP0237
SV03691,LHP0237
SV03692,LHP0237
SV03693,LHP0237
SV03694,LHP0237
SV03695,LHP0237
SV03696,LHP0237
SV03697,LHP0237
SV03698,LHP0237
SV03699,LHP0237
SV03700,LHP0237
SV03701,LHP0237
SV03702,LHP0237
SV03703,LHP0237
SV03704,LHP0237
SV03705,LHP0237
SV03706,LHP0237
SV03707,LHP0237
SV02208,LHP0238
SV02228,LHP0238
SV02229,LHP0238
SV02232,LHP0238
SV02234,LHP0238
SV02240,LHP0238
SV02244,LHP0238
SV02245,LHP0238
SV02248,LHP0238
SV02250,LHP0238
SV02254,LHP0238
SV02255,LHP0238
SV02267,LHP0238
SV02269,LHP0238
SV02273,LHP0238
SV02276,LHP0238
SV02277,LHP0238
SV02278,LHP0238
SV02279,LHP0238
SV02280,LHP0238
SV02284,LHP0238
SV02287,LHP0238
SV02289,LHP0238
SV02292,LHP0238
SV02294,LHP0238
SV02295,LHP0238
SV02296,LHP0238
SV02297,LHP0238
SV02298,LHP0238
SV02299,LHP0238
SV02303,LHP0238
SV02304,LHP0238
SV02305,LHP0238
SV02306,LHP0238
SV02307,LHP0238
SV02308,LHP0238
SV01546,LHP0239
SV01681,LHP0239
SV01687,LHP0239
SV01692,LHP0239
SV01703,LHP0239
SV01708,LHP0239
SV01715,LHP0239
SV01722,LHP0239
SV01723,LHP0239
SV01728,LHP0239
SV01730,LHP0239
SV01748,LHP0239
SV01749,LHP0239
SV01759,LHP0239
SV01762,LHP0239
SV01765,LHP0239
SV01782,LHP0239
SV01796,LHP0239
SV01801,LHP0239
SV01804,LHP0239
SV01807,LHP0239
SV01808,LHP0239
SV01810,LHP0239
SV01813,LHP0239
SV01815,LHP0239
SV01816,LHP0239
SV01817,LHP0239
SV01821,LHP0239
SV01822,LHP0239
SV01827,LHP0239
SV01830,LHP0239
SV01832,LHP0239
SV01836,LHP0239
SV01839,LHP0239
SV01840,LHP0239
SV01841,LHP0239
SV01845,LHP0239
SV01849,LHP0239
SV01851,LHP0239
SV01858,LHP0239
SV01861,LHP0239
SV03104,LHP0240
SV03107,LHP0240
SV03108,LHP0240
SV03109,LHP0240
SV03110,LHP0240
SV03112,LHP0240
SV03113,LHP0240
SV03114,LHP0240
SV03115,LHP0240
SV03116,LHP0240
SV03117,LHP0240
SV03118,LHP0240
SV03119,LHP0240
SV03120,LHP0240
SV03121,LHP0240
SV03122,LHP0240
SV03123,LHP0240
SV03124,LHP0240
SV03125,LHP0240
SV03126,LHP0240
SV03127,LHP0240
SV03128,LHP0240
SV03129,LHP0240
SV03130,LHP0240
SV03131,LHP0240
SV03132,LHP0240
SV03133,LHP0240
SV03134,LHP0240
SV03135,LHP0240
SV03136,LHP0240
SV03137,LHP0240
SV03138,LHP0240
SV03139,LHP0240
SV03140,LHP0240
SV03141,LHP0240
SV03142,LHP0240
SV03143,LHP0240
SV03144,LHP0240
SV03145,LHP0240
SV03146,LHP0240
SV03147,LHP0240
SV03148,LHP0240
SV03149,LHP0240
SV03150,LHP0240
SV03151,LHP0240
SV03152,LHP0240
SV03153,LHP0240
SV03154,LHP0240
SV03155,LHP0240
SV03156,LHP0240
SV03157,LHP0240
SV03158,LHP0240
SV03159,LHP0240
SV03160,LHP0240
SV03161,LHP0240
SV03162,LHP0240
SV03163,LHP0240
SV03164,LHP0240
SV03165,LHP0240
SV03166,LHP0240
SV03167,LHP0240
SV03168,LHP0240
SV03169,LHP0240
SV03170,LHP0240
SV03171,LHP0240
SV03172,LHP0240
SV03173,LHP0240
SV03174,LHP0240
SV03175,LHP0240
SV03176,LHP0240
SV03177,LHP0240
SV03178,LHP0240
SV03179,LHP0240
SV03180,LHP0240
SV03181,LHP0240
SV03182,LHP0240
SV03183,LHP0240
SV03184,LHP0240
SV00208,LHP0241
SV00236,LHP0241
SV00348,LHP0241
SV00352,LHP0241
SV00361,LHP0241
SV00364,LHP0241
SV00380,LHP0241
SV00430,LHP0241
SV00443,LHP0241
SV00448,LHP0241
SV00449,LHP0241
SV00456,LHP0241
SV00457,LHP0241
SV00467,LHP0241
SV00489,LHP0241
SV00495,LHP0241
SV00498,LHP0241
SV00505,LHP0241
SV00507,LHP0241
SV00516,LHP0241
SV00517,LHP0241
SV00519,LHP0241
SV00522,LHP0241
SV00523,LHP0241
SV00525,LHP0241
SV00530,LHP0241
SV00531,LHP0241
SV00533,LHP0241
SV00535,LHP0241
SV00536,LHP0241
SV00538,LHP0241
SV00540,LHP0241
SV00541,LHP0241
SV00542,LHP0241
SV00547,LHP0241
SV00548,LHP0241
SV00549,LHP0241
SV00551,LHP0241
SV00552,LHP0241
SV00555,LHP0241
SV00559,LHP0241
SV00561,LHP0241
SV00562,LHP0241
SV00563,LHP0241
SV00564,LHP0241
SV00565,LHP0241
SV00566,LHP0241
SV00567,LHP0241
SV00568,LHP0241
SV00569,LHP0241
SV01148,LHP0242
SV01151,LHP0242
SV01152,LHP0242
SV01160,LHP0242
SV01164,LHP0242
SV01166,LHP0242
SV01171,LHP0242
SV01173,LHP0242
SV01181,LHP0242
SV01186,LHP0242
SV01191,LHP0242
SV01192,LHP0242
SV01193,LHP0242
SV01195,LHP0242
SV01196,LHP0242
SV01197,LHP0242
SV01198,LHP0242
SV01199,LHP0242
SV01200,LHP0242
SV01201,LHP0242
SV01203,LHP0242
SV01204,LHP0242
SV01206,LHP0242
SV01207,LHP0242
SV01209,LHP0242
SV01210,LHP0242
SV01213,LHP0242
SV01214,LHP0242
SV01215,LHP0242
SV01216,LHP0242
SV01217,LHP0242
SV01221,LHP0242
SV01222,LHP0242
SV01224,LHP0242
SV01225,LHP0242
SV01227,LHP0242
SV01228,LHP0242
SV01229,LHP0242
SV01230,LHP0242
SV01231,LHP0242
SV01233,LHP0242
SV01234,LHP0242
SV01235,LHP0242
SV01236,LHP0242
SV01237,LHP0242
SV01238,LHP0242
SV01239,LHP0242
SV01240,LHP0242
SV01241,LHP0242
SV01242,LHP0242
SV01243,LHP0242
SV01244,LHP0242
SV01245,LHP0242
SV01246,LHP0242
SV01247,LHP0242
SV01248,LHP0242
SV01249,LHP0242
SV01250,LHP0242
SV01251,LHP0242
SV01252,LHP0242
SV02015,LHP0243
SV02019,LHP0243
SV02026,LHP0243
SV02027,LHP0243
SV02035,LHP0243
SV02038,LHP0243
SV02039,LHP0243
SV02040,LHP0243
SV02041,LHP0243
SV02044,LHP0243
SV02048,LHP0243
SV02053,LHP0243
SV02056,LHP0243
SV02061,LHP0243
SV02075,LHP0243
SV02082,LHP0243
SV02135,LHP0243
SV02136,LHP0243
SV02138,LHP0243
SV02139,LHP0243
SV02140,LHP0243
SV02141,LHP0243
SV02142,LHP0243
SV02143,LHP0243
SV02144,LHP0243
SV02145,LHP0243
SV02146,LHP0243
SV02147,LHP0243
SV02148,LHP0243
SV02149,LHP0243
SV02151,LHP0243
SV02154,LHP0243
SV02155,LHP0243
SV02156,LHP0243
SV02157,LHP0243
SV02158,LHP0243
SV02159,LHP0243
SV02160,LHP0243
SV02164,LHP0243
SV02165,LHP0243
SV02167,LHP0243
SV02168,LHP0243
SV02169,LHP0243
SV02170,LHP0243
SV02171,LHP0243
SV02172,LHP0243
SV02173,LHP0243
SV02174,LHP0243
SV02176,LHP0243
SV02177,LHP0243
SV02178,LHP0243
SV02179,LHP0243
SV00428,LHP0244
SV00429,LHP0244
SV00430,LHP0244
SV00431,LHP0244
SV00432,LHP0244
SV00433,LHP0244
SV00434,LHP0244
SV00435,LHP0244
SV00436,LHP0244
SV00437,LHP0244
SV00438,LHP0244
SV00439,LHP0244
SV00440,LHP0244
SV00441,LHP0244
SV00442,LHP0244
SV00443,LHP0244
SV00444,LHP0244
SV00445,LHP0244
SV00446,LHP0244
SV00447,LHP0244
SV00449,LHP0244
SV00451,LHP0244
SV00452,LHP0244
SV00453,LHP0244
SV00454,LHP0244
SV00456,LHP0244
SV00457,LHP0244
SV00458,LHP0244
SV00459,LHP0244
SV00461,LHP0244
SV00462,LHP0244
SV00464,LHP0244
SV00465,LHP0244
SV00466,LHP0244
SV00467,LHP0244
SV00468,LHP0244
SV00470,LHP0244
SV00473,LHP0244
SV00474,LHP0244
SV00475,LHP0244
SV00478,LHP0244
SV00479,LHP0244
SV00480,LHP0244
SV00481,LHP0244
SV00482,LHP0244
SV00484,LHP0244
SV00485,LHP0244
SV00486,LHP0244
SV00488,LHP0244
SV00489,LHP0244
SV00491,LHP0244
SV00492,LHP0244
SV00493,LHP0244
SV00054,LHP0245
SV00069,LHP0245
SV00085,LHP0245
SV00087,LHP0245
SV00106,LHP0245
SV00116,LHP0245
SV00122,LHP0245
SV00129,LHP0245
SV00132,LHP0245
SV00136,LHP0245
SV00154,LHP0245
SV00162,LHP0245
SV00173,LHP0245
SV00183,LHP0245
SV00197,LHP0245
SV00206,LHP0245
SV00212,LHP0245
SV00221,LHP0245
SV00227,LHP0245
SV00236,LHP0245
SV00243,LHP0245
SV00247,LHP0245
SV00251,LHP0245
SV00266,LHP0245
SV00268,LHP0245
SV00274,LHP0245
SV00305,LHP0245
SV00309,LHP0245
SV00310,LHP0245
SV00317,LHP0245
SV00344,LHP0245
SV00358,LHP0245
SV00363,LHP0245
SV00364,LHP0245
SV00365,LHP0245
SV00367,LHP0245
SV00371,LHP0245
SV00372,LHP0245
SV00373,LHP0245
SV00374,LHP0245
SV00375,LHP0245
SV00376,LHP0245
SV00377,LHP0245
SV00378,LHP0245
SV00379,LHP0245
SV00380,LHP0245
SV00382,LHP0245
SV00383,LHP0245
SV00384,LHP0245
SV00387,LHP0245
SV00388,LHP0245
SV00392,LHP0245
SV00394,LHP0245
SV00396,LHP0245
SV00397,LHP0245
SV00398,LHP0245
SV00399,LHP0245
SV00400,LHP0245
SV00402,LHP0245
SV00403,LHP0245
SV00408,LHP0245
SV00409,LHP0245
SV00410,LHP0245
SV00411,LHP0245
SV00412,LHP0245
SV00413,LHP0245
SV00415,LHP0245
SV00420,LHP0245
SV00421,LHP0245
SV02184,LHP0246
SV02187,LHP0246
SV02190,LHP0246
SV02196,LHP0246
SV02203,LHP0246
SV02208,LHP0246
SV02217,LHP0246
SV02223,LHP0246
SV02229,LHP0246
SV02231,LHP0246
SV02232,LHP0246
SV02233,LHP0246
SV02234,LHP0246
SV02235,LHP0246
SV02236,LHP0246
SV02237,LHP0246
SV02240,LHP0246
SV02241,LHP0246
SV02242,LHP0246
SV02244,LHP0246
SV02245,LHP0246
SV02247,LHP0246
SV02249,LHP0246
SV02252,LHP0246
SV02253,LHP0246
SV02254,LHP0246
SV02255,LHP0246
SV02256,LHP0246
SV02261,LHP0246
SV02262,LHP0246
SV02264,LHP0246
SV02266,LHP0246
SV02267,LHP0246
SV02269,LHP0246
SV02271,LHP0246
SV02274,LHP0246
SV02276,LHP0246
SV02277,LHP0246
SV02278,LHP0246
SV02279,LHP0246
SV02280,LHP0246
SV02282,LHP0246
SV02283,LHP0246
SV02284,LHP0246
SV02286,LHP0246
SV02287,LHP0246
SV02288,LHP0246
SV02289,LHP0246
SV02290,LHP0246
SV02291,LHP0246
SV02292,LHP0246
SV02293,LHP0246
SV02294,LHP0246
SV02295,LHP0246
SV02296,LHP0246
SV02297,LHP0246
SV02298,LHP0246
SV02300,LHP0246
SV00002,LHP0247
SV00004,LHP0247
SV00007,LHP0247
SV00011,LHP0247
SV00012,LHP0247
SV00013,LHP0247
SV00015,LHP0247
SV00016,LHP0247
SV00018,LHP0247
SV00019,LHP0247
SV00021,LHP0247
SV00022,LHP0247
SV00023,LHP0247
SV00024,LHP0247
SV00025,LHP0247
SV00026,LHP0247
SV00027,LHP0247
SV00028,LHP0247
SV00029,LHP0247
SV00030,LHP0247
SV00032,LHP0247
SV00034,LHP0247
SV00035,LHP0247
SV00036,LHP0247
SV00037,LHP0247
SV00039,LHP0247
SV00040,LHP0247
SV00041,LHP0247
SV00043,LHP0247
SV00044,LHP0247
SV00045,LHP0247
SV00046,LHP0247
SV00047,LHP0247
SV00049,LHP0247
SV00052,LHP0247
SV00054,LHP0247
SV00055,LHP0247
SV00056,LHP0247
SV00057,LHP0247
SV00058,LHP0247
SV00059,LHP0247
SV00060,LHP0247
SV00061,LHP0247
SV00062,LHP0247
SV00063,LHP0247
SV00064,LHP0247
SV00065,LHP0247
SV00066,LHP0247
SV00067,LHP0247
SV00068,LHP0247
SV00069,LHP0247
SV00070,LHP0247
SV00071,LHP0247
SV00072,LHP0247
SV00073,LHP0247
SV00074,LHP0247
SV00075,LHP0247
SV00076,LHP0247
SV00077,LHP0247
SV00078,LHP0247
SV01309,LHP0248
SV01319,LHP0248
SV01328,LHP0248
SV01333,LHP0248
SV01340,LHP0248
SV01346,LHP0248
SV01349,LHP0248
SV01355,LHP0248
SV01358,LHP0248
SV01359,LHP0248
SV01361,LHP0248
SV01364,LHP0248
SV01365,LHP0248
SV01370,LHP0248
SV01371,LHP0248
SV01382,LHP0248
SV01383,LHP0248
SV01384,LHP0248
SV01385,LHP0248
SV01386,LHP0248
SV01391,LHP0248
SV01392,LHP0248
SV01400,LHP0248
SV01401,LHP0248
SV01403,LHP0248
SV01405,LHP0248
SV01413,LHP0248
SV01416,LHP0248
SV01420,LHP0248
SV01424,LHP0248
SV01425,LHP0248
SV01428,LHP0248
SV01429,LHP0248
SV01430,LHP0248
SV01435,LHP0248
SV01436,LHP0248
SV01439,LHP0248
SV01441,LHP0248
SV01444,LHP0248
SV01446,LHP0248
SV01447,LHP0248
SV01451,LHP0248
SV01452,LHP0248
SV01457,LHP0248
SV01462,LHP0248
SV01463,LHP0248
SV01468,LHP0248
SV01470,LHP0248
SV01473,LHP0248
SV01476,LHP0248
SV01483,LHP0248
SV01488,LHP0248
SV01491,LHP0248
SV01495,LHP0248
SV01499,LHP0248
SV01505,LHP0248
SV01506,LHP0248
SV01511,LHP0248
SV01512,LHP0248
SV01519,LHP0248
SV01522,LHP0248
SV01525,LHP0248
SV01526,LHP0248
SV01527,LHP0248
SV01530,LHP0248
SV01531,LHP0248
SV01532,LHP0248
SV01533,LHP0248
SV01534,LHP0248
SV01535,LHP0248
SV01536,LHP0248
SV01537,LHP0248
SV01538,LHP0248
SV01540,LHP0248
SV01541,LHP0248
SV00570,LHP0249
SV00613,LHP0249
SV00616,LHP0249
SV00618,LHP0249
SV00620,LHP0249
SV00639,LHP0249
SV00651,LHP0249
SV00657,LHP0249
SV00660,LHP0249
SV00661,LHP0249
SV00672,LHP0249
SV00674,LHP0249
SV00679,LHP0249
SV00680,LHP0249
SV00694,LHP0249
SV00697,LHP0249
SV00718,LHP0249
SV00741,LHP0249
SV00749,LHP0249
SV00754,LHP0249
SV00755,LHP0249
SV00759,LHP0249
SV00764,LHP0249
SV00767,LHP0249
SV00779,LHP0249
SV00780,LHP0249
SV00782,LHP0249
SV00783,LHP0249
SV00786,LHP0249
SV00787,LHP0249
SV00790,LHP0249
SV00798,LHP0249
SV00799,LHP0249
SV00800,LHP0249
SV00802,LHP0249
SV00804,LHP0249
SV00807,LHP0249
SV00809,LHP0249
SV00810,LHP0249
SV00812,LHP0249
SV00813,LHP0249
SV00816,LHP0249
SV00843,LHP0249
SV00851,LHP0249
SV00860,LHP0249
SV00862,LHP0249
SV00868,LHP0249
SV00869,LHP0249
SV00870,LHP0249
SV00878,LHP0249
SV00885,LHP0249
SV00888,LHP0249
SV00891,LHP0249
SV00893,LHP0249
SV00895,LHP0249
SV00913,LHP0249
SV00915,LHP0249
SV00918,LHP0249
SV00001,LHP0250
SV00002,LHP0250
SV00003,LHP0250
SV00004,LHP0250
SV00005,LHP0250
SV00006,LHP0250
SV00007,LHP0250
SV00008,LHP0250
SV00009,LHP0250
SV00010,LHP0250
SV00011,LHP0250
SV00012,LHP0250
SV00013,LHP0250
SV00014,LHP0250
SV00015,LHP0250
SV00016,LHP0250
SV00017,LHP0250
SV00018,LHP0250
SV00019,LHP0250
SV00020,LHP0250
SV00021,LHP0250
SV00022,LHP0250
SV00023,LHP0250
SV00024,LHP0250
SV00025,LHP0250
SV00026,LHP0250
SV00027,LHP0250
SV00028,LHP0250
SV00029,LHP0250
SV00030,LHP0250
SV00031,LHP0250
SV00032,LHP0250
SV00033,LHP0250
SV00034,LHP0250
SV00035,LHP0250
SV00036,LHP0250
SV00037,LHP0250
SV00038,LHP0250
SV00039,LHP0250
SV00040,LHP0250
SV00041,LHP0250
SV00042,LHP0250
SV00043,LHP0250
SV00044,LHP0250
SV00045,LHP0250
SV00046,LHP0250
SV00047,LHP0250
SV00048,LHP0250
SV00049,LHP0250
SV00050,LHP0250
SV00051,LHP0250
SV00052,LHP0250
SV00053,LHP0250
SV00054,LHP0250
SV01274,LHP0251
SV01367,LHP0251
SV01374,LHP0251
SV01382,LHP0251
SV01389,LHP0251
SV01390,LHP0251
SV01394,LHP0251
SV01402,LHP0251
SV01412,LHP0251
SV01416,LHP0251
SV01417,LHP0251
SV01418,LHP0251
SV01421,LHP0251
SV01422,LHP0251
SV01429,LHP0251
SV01433,LHP0251
SV01434,LHP0251
SV01439,LHP0251
SV01450,LHP0251
SV01455,LHP0251
SV01457,LHP0251
SV01458,LHP0251
SV01461,LHP0251
SV01467,LHP0251
SV01472,LHP0251
SV01474,LHP0251
SV01483,LHP0251
SV01502,LHP0251
SV01506,LHP0251
SV01512,LHP0251
SV01526,LHP0251
SV01527,LHP0251
SV01535,LHP0251
SV01539,LHP0251
SV00076,LHP0252
SV00078,LHP0252
SV00091,LHP0252
SV00098,LHP0252
SV00099,LHP0252
SV00100,LHP0252
SV00104,LHP0252
SV00105,LHP0252
SV00107,LHP0252
SV00108,LHP0252
SV00118,LHP0252
SV00119,LHP0252
SV00130,LHP0252
SV00156,LHP0252
SV00161,LHP0252
SV00170,LHP0252
SV00174,LHP0252
SV00177,LHP0252
SV00178,LHP0252
SV00180,LHP0252
SV00187,LHP0252
SV00190,LHP0252
SV00192,LHP0252
SV00194,LHP0252
SV00201,LHP0252
SV00203,LHP0252
SV00208,LHP0252
SV00215,LHP0252
SV00216,LHP0252
SV00218,LHP0252
SV00220,LHP0252
SV00224,LHP0252
SV00226,LHP0252
SV00228,LHP0252
SV00233,LHP0252
SV00238,LHP0252
SV00239,LHP0252
SV00240,LHP0252
SV00242,LHP0252
SV00244,LHP0252
SV00253,LHP0252
SV00254,LHP0252
SV00255,LHP0252
SV00261,LHP0252
SV00264,LHP0252
SV00267,LHP0252
SV00269,LHP0252
SV00287,LHP0252
SV00294,LHP0252
SV00295,LHP0252
SV00297,LHP0252
SV00298,LHP0252
SV00300,LHP0252
SV00301,LHP0252
SV00302,LHP0252
SV00311,LHP0252
SV00314,LHP0252
SV00319,LHP0252
SV00321,LHP0252
SV00323,LHP0252
SV00326,LHP0252
SV00328,LHP0252
SV00331,LHP0252
SV00334,LHP0252
SV00340,LHP0252
SV00346,LHP0252
SV00347,LHP0252
SV00348,LHP0252
SV00349,LHP0252
SV00350,LHP0252
SV00352,LHP0252
SV00353,LHP0252
SV00354,LHP0252
SV00356,LHP0252
SV00357,LHP0252
SV00361,LHP0252
SV02607,LHP0253
SV02853,LHP0253
SV02888,LHP0253
SV02898,LHP0253
SV02907,LHP0253
SV02909,LHP0253
SV02935,LHP0253
SV02968,LHP0253
SV02979,LHP0253
SV02980,LHP0253
SV02995,LHP0253
SV03002,LHP0253
SV03004,LHP0253
SV03012,LHP0253
SV03020,LHP0253
SV03021,LHP0253
SV03024,LHP0253
SV03029,LHP0253
SV03038,LHP0253
SV03066,LHP0253
SV03079,LHP0253
SV03086,LHP0253
SV03101,LHP0253
SV03102,LHP0253
SV03213,LHP0253
SV03222,LHP0253
SV03226,LHP0253
SV03236,LHP0253
SV03240,LHP0253
SV03251,LHP0253
SV03257,LHP0253
SV03259,LHP0253
SV03266,LHP0253
SV03276,LHP0253
SV03278,LHP0253
SV03287,LHP0253
SV03289,LHP0253
SV03291,LHP0253
SV03302,LHP0253
SV03317,LHP0253
SV03322,LHP0253
SV03326,LHP0253
SV03327,LHP0253
SV03335,LHP0253
SV03337,LHP0253
SV03354,LHP0253
SV03360,LHP0253
SV03366,LHP0253
SV03369,LHP0253
SV03370,LHP0253
SV03379,LHP0253
SV00069,LHP0254
SV00079,LHP0254
SV00114,LHP0254
SV00121,LHP0254
SV00124,LHP0254
SV00134,LHP0254
SV00148,LHP0254
SV00156,LHP0254
SV00166,LHP0254
SV00167,LHP0254
SV00179,LHP0254
SV00183,LHP0254
SV00199,LHP0254
SV00201,LHP0254
SV00202,LHP0254
SV00203,LHP0254
SV00209,LHP0254
SV00210,LHP0254
SV00212,LHP0254
SV00218,LHP0254
SV00219,LHP0254
SV00237,LHP0254
SV00249,LHP0254
SV00253,LHP0254
SV00255,LHP0254
SV00264,LHP0254
SV00268,LHP0254
SV00274,LHP0254
SV00281,LHP0254
SV00293,LHP0254
SV00296,LHP0254
SV00302,LHP0254
SV00310,LHP0254
SV00311,LHP0254
SV00312,LHP0254
SV00323,LHP0254
SV00325,LHP0254
SV00344,LHP0254
SV00351,LHP0254
SV00352,LHP0254
SV00353,LHP0254
SV00354,LHP0254
SV00358,LHP0254
SV00363,LHP0254
SV00364,LHP0254
SV00365,LHP0254
SV00366,LHP0254
SV00367,LHP0254
SV00368,LHP0254
SV00370,LHP0254
SV00372,LHP0254
SV00373,LHP0254
SV00375,LHP0254
SV00378,LHP0254
SV00379,LHP0254
SV00380,LHP0254
SV00381,LHP0254
SV00382,LHP0254
SV00385,LHP0254
SV00391,LHP0254
SV00393,LHP0254
SV00394,LHP0254
SV00395,LHP0254
SV00396,LHP0254
SV00400,LHP0254
SV00403,LHP0254
SV00407,LHP0254
SV00413,LHP0254
SV00419,LHP0254
SV00420,LHP0254
SV00423,LHP0254
SV02565,LHP0255
SV02573,LHP0255
SV02584,LHP0255
SV02587,LHP0255
SV02609,LHP0255
SV02617,LHP0255
SV02619,LHP0255
SV02621,LHP0255
SV02624,LHP0255
SV02625,LHP0255
SV02629,LHP0255
SV02637,LHP0255
SV02650,LHP0255
SV02661,LHP0255
SV02663,LHP0255
SV02683,LHP0255
SV02705,LHP0255
SV02708,LHP0255
SV02714,LHP0255
SV02718,LHP0255
SV02719,LHP0255
SV02720,LHP0255
SV02723,LHP0255
SV02730,LHP0255
SV02732,LHP0255
SV02733,LHP0255
SV02737,LHP0255
SV02746,LHP0255
SV02748,LHP0255
SV02749,LHP0255
SV02755,LHP0255
SV02756,LHP0255
SV02757,LHP0255
SV02758,LHP0255
SV02759,LHP0255
SV02760,LHP0255
SV02770,LHP0255
SV02771,LHP0255
SV02784,LHP0255
SV02789,LHP0255
SV02794,LHP0255
SV02797,LHP0255
SV02803,LHP0255
SV02806,LHP0255
SV02810,LHP0255
SV02817,LHP0255
SV02825,LHP0255
SV02832,LHP0255
SV02835,LHP0255
SV02864,LHP0256
SV02877,LHP0256
SV02879,LHP0256
SV02906,LHP0256
SV02919,LHP0256
SV02922,LHP0256
SV02924,LHP0256
SV02933,LHP0256
SV02939,LHP0256
SV02945,LHP0256
SV02953,LHP0256
SV02959,LHP0256
SV02962,LHP0256
SV02982,LHP0256
SV02983,LHP0256
SV02984,LHP0256
SV02990,LHP0256
SV03003,LHP0256
SV03031,LHP0256
SV03037,LHP0256
SV03040,LHP0256
SV03043,LHP0256
SV03046,LHP0256
SV03052,LHP0256
SV03067,LHP0256
SV03071,LHP0256
SV03076,LHP0256
SV03088,LHP0256
SV03091,LHP0256
SV03095,LHP0256
SV03199,LHP0256
SV03217,LHP0256
SV03221,LHP0256
SV03230,LHP0256
SV03233,LHP0256
SV03241,LHP0256
SV03247,LHP0256
SV03256,LHP0256
SV03261,LHP0256
SV03262,LHP0256
SV03270,LHP0256
SV03277,LHP0256
SV03294,LHP0256
SV03311,LHP0256
SV03324,LHP0256
SV03328,LHP0256
SV03330,LHP0256
SV03333,LHP0256
SV03336,LHP0256
SV03338,LHP0256
SV03339,LHP0256
SV03340,LHP0256
SV03342,LHP0256
SV03345,LHP0256
SV03346,LHP0256
SV03347,LHP0256
SV03357,LHP0256
SV03362,LHP0256
SV03363,LHP0256
SV03367,LHP0256
SV03368,LHP0256
SV03378,LHP0256
SV03383,LHP0256
SV03386,LHP0256
SV03390,LHP0256
SV03392,LHP0256
SV03400,LHP0256
SV03402,LHP0256
SV03404,LHP0256
SV03409,LHP0256
SV03411,LHP0256
SV03413,LHP0256
SV02517,LHP0257
SV02548,LHP0257
SV02550,LHP0257
SV02571,LHP0257
SV02587,LHP0257
SV02593,LHP0257
SV02600,LHP0257
SV02609,LHP0257
SV02622,LHP0257
SV02649,LHP0257
SV02687,LHP0257
SV02692,LHP0257
SV02796,LHP0257
SV02846,LHP0257
SV02851,LHP0257
SV02853,LHP0257
SV02862,LHP0257
SV02863,LHP0257
SV02865,LHP0257
SV02870,LHP0257
SV02874,LHP0257
SV02876,LHP0257
SV02887,LHP0257
SV02888,LHP0257
SV02897,LHP0257
SV02899,LHP0257
SV02917,LHP0257
SV02927,LHP0257
SV02928,LHP0257
SV02931,LHP0257
SV02957,LHP0257
SV02962,LHP0257
SV02964,LHP0257
SV02965,LHP0257
SV02972,LHP0257
SV00004,LHP0258
SV00007,LHP0258
SV00021,LHP0258
SV00027,LHP0258
SV00028,LHP0258
SV00030,LHP0258
SV00037,LHP0258
SV00046,LHP0258
SV00049,LHP0258
SV00062,LHP0258
SV00063,LHP0258
SV00065,LHP0258
SV00067,LHP0258
SV00069,LHP0258
SV00070,LHP0258
SV00071,LHP0258
SV00072,LHP0258
SV00073,LHP0258
SV00074,LHP0258
SV00086,LHP0258
SV00087,LHP0258
SV00090,LHP0258
SV00092,LHP0258
SV00093,LHP0258
SV00097,LHP0258
SV00099,LHP0258
SV00100,LHP0258
SV00101,LHP0258
SV00105,LHP0258
SV00106,LHP0258
SV00108,LHP0258
SV00113,LHP0258
SV00114,LHP0258
SV00115,LHP0258
SV00116,LHP0258
SV00117,LHP0258
SV00121,LHP0258
SV00125,LHP0258
SV00130,LHP0258
SV00132,LHP0258
SV00133,LHP0258
SV00134,LHP0258
SV00142,LHP0258
SV00143,LHP0258
SV00147,LHP0258
SV00149,LHP0258
SV00150,LHP0258
SV00152,LHP0258
SV00153,LHP0258
SV03724,LHP0259
SV04137,LHP0259
SV04139,LHP0259
SV04303,LHP0259
SV04304,LHP0259
SV04305,LHP0259
SV04306,LHP0259
SV04307,LHP0259
SV04308,LHP0259
SV04309,LHP0259
SV04310,LHP0259
SV04311,LHP0259
SV04312,LHP0259
SV04313,LHP0259
SV04314,LHP0259
SV04315,LHP0259
SV04316,LHP0259
SV04317,LHP0259
SV04318,LHP0259
SV04319,LHP0259
SV04320,LHP0259
SV04321,LHP0259
SV04322,LHP0259
SV04323,LHP0259
SV04324,LHP0259
SV04325,LHP0259
SV04326,LHP0259
SV04327,LHP0259
SV04328,LHP0259
SV04329,LHP0259
SV04330,LHP0259
SV04331,LHP0259
SV04332,LHP0259
SV04333,LHP0259
SV04334,LHP0259
SV04335,LHP0259
SV04336,LHP0259
SV04337,LHP0259
SV04338,LHP0259
SV04339,LHP0259
SV04340,LHP0259
SV04341,LHP0259
SV00007,LHP0260
SV00028,LHP0260
SV00054,LHP0260
SV00069,LHP0260
SV00087,LHP0260
SV00092,LHP0260
SV00114,LHP0260
SV00128,LHP0260
SV00129,LHP0260
SV00132,LHP0260
SV00138,LHP0260
SV00148,LHP0260
SV00162,LHP0260
SV00197,LHP0260
SV00202,LHP0260
SV00204,LHP0260
SV00205,LHP0260
SV00212,LHP0260
SV00221,LHP0260
SV00225,LHP0260
SV00236,LHP0260
SV00237,LHP0260
SV00250,LHP0260
SV00262,LHP0260
SV00274,LHP0260
SV00304,LHP0260
SV00310,LHP0260
SV00312,LHP0260
SV00317,LHP0260
SV00325,LHP0260
SV00335,LHP0260
SV00343,LHP0260
SV00344,LHP0260
SV00358,LHP0260
SV00359,LHP0260
SV00363,LHP0260
SV00364,LHP0260
SV00369,LHP0260
SV00370,LHP0260
SV00371,LHP0260
SV00372,LHP0260
SV00376,LHP0260
SV00378,LHP0260
SV00379,LHP0260
SV00386,LHP0260
SV00387,LHP0260
SV00388,LHP0260
SV00391,LHP0260
SV00394,LHP0260
SV00395,LHP0260
SV00396,LHP0260
SV00405,LHP0260
SV00406,LHP0260
SV00407,LHP0260
SV00409,LHP0260
SV00412,LHP0260
SV00413,LHP0260
SV00414,LHP0260
SV00418,LHP0260
SV00419,LHP0260
SV00422,LHP0260
SV00423,LHP0260
SV02563,LHP0261
SV02568,LHP0261
SV02606,LHP0261
SV02635,LHP0261
SV02762,LHP0261
SV02875,LHP0261
SV02896,LHP0261
SV02908,LHP0261
SV02920,LHP0261
SV02924,LHP0261
SV02966,LHP0261
SV02984,LHP0261
SV02991,LHP0261
SV02993,LHP0261
SV03017,LHP0261
SV03019,LHP0261
SV03020,LHP0261
SV03039,LHP0261
SV03047,LHP0261
SV03048,LHP0261
SV03067,LHP0261
SV03096,LHP0261
SV03101,LHP0261
SV03109,LHP0261
SV03111,LHP0261
SV03114,LHP0261
SV03120,LHP0261
SV03133,LHP0261
SV03137,LHP0261
SV03138,LHP0261
SV03142,LHP0261
SV03146,LHP0261
SV03147,LHP0261
SV03149,LHP0261
SV03151,LHP0261
SV03154,LHP0261
SV03168,LHP0261
SV03171,LHP0261
SV03194,LHP0261
SV03205,LHP0261
SV03207,LHP0261
SV03225,LHP0261
SV03226,LHP0261
SV03235,LHP0261
SV03240,LHP0261
SV03244,LHP0261
SV03246,LHP0261
SV03261,LHP0261
SV03263,LHP0261
SV03268,LHP0261
SV03272,LHP0261
SV03273,LHP0261
SV03284,LHP0261
SV03285,LHP0261
SV03288,LHP0261
SV03289,LHP0261
SV03297,LHP0261
SV03300,LHP0261
SV03307,LHP0261
SV03316,LHP0261
SV03326,LHP0261
SV03353,LHP0261
SV03370,LHP0261
SV03374,LHP0261
SV03375,LHP0261
SV03376,LHP0261
SV03379,LHP0261
SV03380,LHP0261
SV03387,LHP0261
SV03391,LHP0261
SV03395,LHP0261
SV03400,LHP0261
SV02846,LHP0262
SV02847,LHP0262
SV02848,LHP0262
SV02849,LHP0262
SV02850,LHP0262
SV02851,LHP0262
SV02852,LHP0262
SV02853,LHP0262
SV02854,LHP0262
SV02855,LHP0262
SV02856,LHP0262
SV02857,LHP0262
SV02858,LHP0262
SV02859,LHP0262
SV02860,LHP0262
SV02861,LHP0262
SV02862,LHP0262
SV02863,LHP0262
SV02864,LHP0262
SV02865,LHP0262
SV02866,LHP0262
SV02867,LHP0262
SV02868,LHP0262
SV02869,LHP0262
SV02870,LHP0262
SV02871,LHP0262
SV02872,LHP0262
SV02873,LHP0262
SV02874,LHP0262
SV02875,LHP0262
SV02876,LHP0262
SV02877,LHP0262
SV02878,LHP0262
SV02879,LHP0262
SV02880,LHP0262
SV02881,LHP0262
SV02882,LHP0262
SV02883,LHP0262
SV02884,LHP0262
SV01910,LHP0263
SV01923,LHP0263
SV01931,LHP0263
SV01935,LHP0263
SV01936,LHP0263
SV01951,LHP0263
SV01993,LHP0263
SV01995,LHP0263
SV02004,LHP0263
SV02005,LHP0263
SV02007,LHP0263
SV02009,LHP0263
SV02011,LHP0263
SV02012,LHP0263
SV02013,LHP0263
SV02014,LHP0263
SV02015,LHP0263
SV02016,LHP0263
SV02017,LHP0263
SV02018,LHP0263
SV02019,LHP0263
SV02021,LHP0263
SV02022,LHP0263
SV02023,LHP0263
SV02024,LHP0263
SV02025,LHP0263
SV02026,LHP0263
SV02027,LHP0263
SV02029,LHP0263
SV02030,LHP0263
SV02032,LHP0263
SV02033,LHP0263
SV02034,LHP0263
SV02035,LHP0263
SV02036,LHP0263
SV02037,LHP0263
SV02038,LHP0263
SV02039,LHP0263
SV02040,LHP0263
SV02041,LHP0263
SV02042,LHP0263
SV02043,LHP0263
SV02044,LHP0263
SV02046,LHP0263
SV02047,LHP0263
SV02048,LHP0263
SV02049,LHP0263
SV02050,LHP0263
SV02051,LHP0263
SV02053,LHP0263
SV02054,LHP0263
SV02055,LHP0263
SV02056,LHP0263
SV02057,LHP0263
SV02058,LHP0263
SV02059,LHP0263
SV02060,LHP0263
SV02061,LHP0263
SV02062,LHP0263
SV02063,LHP0263
SV02064,LHP0263
SV02065,LHP0263
SV02068,LHP0263
SV02069,LHP0263
SV02071,LHP0263
SV02072,LHP0263
SV02073,LHP0263
SV02074,LHP0263
SV02075,LHP0263
SV02076,LHP0263
SV02077,LHP0263
SV02078,LHP0263
SV02079,LHP0263
SV02080,LHP0263
SV02081,LHP0263
SV02082,LHP0263
SV02005,LHP0264
SV02006,LHP0264
SV02008,LHP0264
SV02012,LHP0264
SV02016,LHP0264
SV02021,LHP0264
SV02027,LHP0264
SV02030,LHP0264
SV02032,LHP0264
SV02041,LHP0264
SV02042,LHP0264
SV02047,LHP0264
SV02048,LHP0264
SV02049,LHP0264
SV02051,LHP0264
SV02061,LHP0264
SV02065,LHP0264
SV02067,LHP0264
SV02070,LHP0264
SV02072,LHP0264
SV02079,LHP0264
SV02083,LHP0264
SV02084,LHP0264
SV02086,LHP0264
SV02087,LHP0264
SV02088,LHP0264
SV02089,LHP0264
SV02094,LHP0264
SV02095,LHP0264
SV02096,LHP0264
SV02097,LHP0264
SV02098,LHP0264
SV02099,LHP0264
SV02102,LHP0264
SV02103,LHP0264
SV02104,LHP0264
SV02105,LHP0264
SV02106,LHP0264
SV02107,LHP0264
SV02108,LHP0264
SV02110,LHP0264
SV02112,LHP0264
SV02113,LHP0264
SV02114,LHP0264
SV02117,LHP0264
SV02118,LHP0264
SV02119,LHP0264
SV02120,LHP0264
SV02121,LHP0264
SV02122,LHP0264
SV02123,LHP0264
SV02124,LHP0264
SV02127,LHP0264
SV02128,LHP0264
SV02129,LHP0264
SV02130,LHP0264
SV02131,LHP0264
SV02132,LHP0264
SV01278,LHP0265
SV01292,LHP0265
SV01293,LHP0265
SV01296,LHP0265
SV01297,LHP0265
SV01298,LHP0265
SV01300,LHP0265
SV01301,LHP0265
SV01304,LHP0265
SV01305,LHP0265
SV01306,LHP0265
SV01307,LHP0265
SV01308,LHP0265
SV01309,LHP0265
SV01310,LHP0265
SV01311,LHP0265
SV01314,LHP0265
SV01315,LHP0265
SV01318,LHP0265
SV01319,LHP0265
SV01320,LHP0265
SV01322,LHP0265
SV01323,LHP0265
SV01324,LHP0265
SV01325,LHP0265
SV01326,LHP0265
SV01327,LHP0265
SV01328,LHP0265
SV01329,LHP0265
SV01330,LHP0265
SV01331,LHP0265
SV01332,LHP0265
SV01333,LHP0265
SV01334,LHP0265
SV01335,LHP0265
SV01336,LHP0265
SV01337,LHP0265
SV01338,LHP0265
SV01339,LHP0265
SV01340,LHP0265
SV01341,LHP0265
SV01342,LHP0265
SV01343,LHP0265
SV01344,LHP0265
SV01345,LHP0265
SV01346,LHP0265
SV01347,LHP0265
SV01348,LHP0265
SV01349,LHP0265
SV01350,LHP0265
SV01351,LHP0265
SV01352,LHP0265
SV01353,LHP0265
SV01354,LHP0265
SV01355,LHP0265
SV01356,LHP0265
SV01357,LHP0265
SV01358,LHP0265
SV01359,LHP0265
SV01360,LHP0265
SV01361,LHP0265
SV01362,LHP0265
SV01363,LHP0265
SV01364,LHP0265
SV02314,LHP0266
SV02318,LHP0266
SV02322,LHP0266
SV02326,LHP0266
SV02330,LHP0266
SV02339,LHP0266
SV02340,LHP0266
SV02342,LHP0266
SV02343,LHP0266
SV02344,LHP0266
SV02346,LHP0266
SV02349,LHP0266
SV02354,LHP0266
SV02357,LHP0266
SV02358,LHP0266
SV02359,LHP0266
SV02360,LHP0266
SV02361,LHP0266
SV02362,LHP0266
SV02363,LHP0266
SV02364,LHP0266
SV02365,LHP0266
SV02366,LHP0266
SV02367,LHP0266
SV02369,LHP0266
SV02370,LHP0266
SV02376,LHP0266
SV02379,LHP0266
SV02380,LHP0266
SV02383,LHP0266
SV02384,LHP0266
SV02385,LHP0266
SV02389,LHP0266
SV02390,LHP0266
SV02393,LHP0266
SV02394,LHP0266
SV02396,LHP0266
SV02401,LHP0266
SV02402,LHP0266
SV02403,LHP0266
SV02404,LHP0266
SV02405,LHP0266
SV02408,LHP0266
SV02409,LHP0266
SV02410,LHP0266
SV02412,LHP0266
SV02413,LHP0266
SV02414,LHP0266
SV02415,LHP0266
SV02416,LHP0266
SV02417,LHP0266
SV02418,LHP0266
SV02422,LHP0266
SV02004,LHP0267
SV02005,LHP0267
SV02006,LHP0267
SV02007,LHP0267
SV02008,LHP0267
SV02009,LHP0267
SV02010,LHP0267
SV02011,LHP0267
SV02012,LHP0267
SV02013,LHP0267
SV02014,LHP0267
SV02015,LHP0267
SV02016,LHP0267
SV02017,LHP0267
SV02018,LHP0267
SV02019,LHP0267
SV02020,LHP0267
SV02021,LHP0267
SV02022,LHP0267
SV02023,LHP0267
SV02024,LHP0267
SV02025,LHP0267
SV02026,LHP0267
SV02027,LHP0267
SV02028,LHP0267
SV02029,LHP0267
SV02030,LHP0267
SV02031,LHP0267
SV02032,LHP0267
SV02033,LHP0267
SV02034,LHP0267
SV02035,LHP0267
SV02036,LHP0267
SV02037,LHP0267
SV02038,LHP0267
SV02039,LHP0267
SV02040,LHP0267
SV02041,LHP0267
SV02042,LHP0267
SV02043,LHP0267
SV02044,LHP0267
SV02045,LHP0267
SV02046,LHP0267
SV02047,LHP0267
SV02048,LHP0267
SV02049,LHP0267
SV02050,LHP0267
SV02051,LHP0267
SV02052,LHP0267
SV02053,LHP0267
SV02054,LHP0267
SV02055,LHP0267
SV02056,LHP0267
SV02057,LHP0267
SV02058,LHP0267
SV02059,LHP0267
SV02060,LHP0267
SV02061,LHP0267
SV02062,LHP0267
SV02063,LHP0267
SV02064,LHP0267
SV02065,LHP0267
SV02066,LHP0267
SV02067,LHP0267
SV02068,LHP0267
SV02069,LHP0267
SV02070,LHP0267
SV02071,LHP0267
SV02072,LHP0267
SV02073,LHP0267
SV02074,LHP0267
SV02075,LHP0267
SV02076,LHP0267
SV02077,LHP0267
SV02078,LHP0267
SV02079,LHP0267
SV02080,LHP0267
SV02081,LHP0267
SV02082,LHP0267
SV01898,LHP0268
SV01950,LHP0268
SV01956,LHP0268
SV01965,LHP0268
SV01990,LHP0268
SV01998,LHP0268
SV02006,LHP0268
SV02008,LHP0268
SV02010,LHP0268
SV02020,LHP0268
SV02028,LHP0268
SV02031,LHP0268
SV02045,LHP0268
SV02052,LHP0268
SV02066,LHP0268
SV02067,LHP0268
SV02070,LHP0268
SV02083,LHP0268
SV02084,LHP0268
SV02085,LHP0268
SV02086,LHP0268
SV02087,LHP0268
SV02088,LHP0268
SV02089,LHP0268
SV02090,LHP0268
SV02091,LHP0268
SV02092,LHP0268
SV02093,LHP0268
SV02094,LHP0268
SV02095,LHP0268
SV02096,LHP0268
SV02097,LHP0268
SV02098,LHP0268
SV02099,LHP0268
SV02100,LHP0268
SV02101,LHP0268
SV02102,LHP0268
SV02103,LHP0268
SV02104,LHP0268
SV02105,LHP0268
SV02106,LHP0268
SV02107,LHP0268
SV02108,LHP0268
SV02109,LHP0268
SV02110,LHP0268
SV02111,LHP0268
SV02112,LHP0268
SV02113,LHP0268
SV02114,LHP0268
SV02115,LHP0268
SV02116,LHP0268
SV02117,LHP0268
SV02118,LHP0268
SV02119,LHP0268
SV02120,LHP0268
SV02121,LHP0268
SV02122,LHP0268
SV02123,LHP0268
SV02124,LHP0268
SV02125,LHP0268
SV02126,LHP0268
SV02127,LHP0268
SV02128,LHP0268
SV02129,LHP0268
SV02130,LHP0268
SV02131,LHP0268
SV02132,LHP0268
SV02133,LHP0268
SV00745,LHP0269
SV00916,LHP0269
SV00922,LHP0269
SV00925,LHP0269
SV00934,LHP0269
SV00935,LHP0269
SV00936,LHP0269
SV00938,LHP0269
SV00940,LHP0269
SV00944,LHP0269
SV00945,LHP0269
SV00948,LHP0269
SV00949,LHP0269
SV00950,LHP0269
SV00958,LHP0269
SV00962,LHP0269
SV00964,LHP0269
SV00968,LHP0269
SV00970,LHP0269
SV00974,LHP0269
SV00981,LHP0269
SV00983,LHP0269
SV00984,LHP0269
SV00992,LHP0269
SV00998,LHP0269
SV01001,LHP0269
SV01002,LHP0269
SV01003,LHP0269
SV01005,LHP0269
SV01007,LHP0269
SV01009,LHP0269
SV01010,LHP0269
SV01011,LHP0269
SV01013,LHP0269
SV01014,LHP0269
SV01015,LHP0269
SV01018,LHP0269
SV01019,LHP0269
SV01021,LHP0269
SV01023,LHP0269
SV01024,LHP0269
SV01026,LHP0269
SV01029,LHP0269
SV01030,LHP0269
SV01031,LHP0269
SV01035,LHP0269
SV01036,LHP0269
SV01037,LHP0269
SV01038,LHP0269
SV01040,LHP0269
SV01041,LHP0269
SV01043,LHP0269
SV01044,LHP0269
SV01045,LHP0269
SV01048,LHP0269
SV01050,LHP0269
SV01051,LHP0269
SV01053,LHP0269
SV01054,LHP0269
SV01055,LHP0269
SV01056,LHP0269
SV01057,LHP0269
SV01058,LHP0269
SV01059,LHP0269
SV01060,LHP0269
SV02159,LHP0270
SV02162,LHP0270
SV02181,LHP0270
SV02188,LHP0270
SV02190,LHP0270
SV02205,LHP0270
SV02207,LHP0270
SV02209,LHP0270
SV02210,LHP0270
SV02219,LHP0270
SV02226,LHP0270
SV02227,LHP0270
SV02230,LHP0270
SV02232,LHP0270
SV02233,LHP0270
SV02234,LHP0270
SV02236,LHP0270
SV02238,LHP0270
SV02239,LHP0270
SV02243,LHP0270
SV02244,LHP0270
SV02246,LHP0270
SV02247,LHP0270
SV02249,LHP0270
SV02255,LHP0270
SV02257,LHP0270
SV02259,LHP0270
SV02261,LHP0270
SV02265,LHP0270
SV02266,LHP0270
SV02267,LHP0270
SV02268,LHP0270
SV02269,LHP0270
SV02270,LHP0270
SV02271,LHP0270
SV02275,LHP0270
SV02277,LHP0270
SV02278,LHP0270
SV02279,LHP0270
SV02280,LHP0270
SV02286,LHP0270
SV02288,LHP0270
SV02289,LHP0270
SV02294,LHP0270
SV02295,LHP0270
SV02297,LHP0270
SV02300,LHP0270
SV02302,LHP0270
SV02588,LHP0271
SV02596,LHP0271
SV02602,LHP0271
SV02604,LHP0271
SV02613,LHP0271
SV02627,LHP0271
SV02632,LHP0271
SV02635,LHP0271
SV02642,LHP0271
SV02665,LHP0271
SV02694,LHP0271
SV02696,LHP0271
SV02709,LHP0271
SV02716,LHP0271
SV02717,LHP0271
SV02725,LHP0271
SV02728,LHP0271
SV02738,LHP0271
SV02742,LHP0271
SV02745,LHP0271
SV02763,LHP0271
SV02765,LHP0271
SV02766,LHP0271
SV02769,LHP0271
SV02779,LHP0271
SV02782,LHP0271
SV02783,LHP0271
SV02786,LHP0271
SV02788,LHP0271
SV02799,LHP0271
SV02800,LHP0271
SV02802,LHP0271
SV02814,LHP0271
SV02815,LHP0271
SV02828,LHP0271
SV02830,LHP0271
SV02834,LHP0271
SV02841,LHP0271
SV02844,LHP0271
SV00007,LHP0272
SV00039,LHP0272
SV00043,LHP0272
SV00077,LHP0272
SV00078,LHP0272
SV00084,LHP0272
SV00085,LHP0272
SV00095,LHP0272
SV00108,LHP0272
SV00116,LHP0272
SV00140,LHP0272
SV00153,LHP0272
SV00157,LHP0272
SV00160,LHP0272
SV00164,LHP0272
SV00165,LHP0272
SV00166,LHP0272
SV00168,LHP0272
SV00169,LHP0272
SV00170,LHP0272
SV00176,LHP0272
SV00179,LHP0272
SV00183,LHP0272
SV00187,LHP0272
SV00195,LHP0272
SV00196,LHP0272
SV00207,LHP0272
SV00215,LHP0272
SV00216,LHP0272
SV00220,LHP0272
SV00221,LHP0272
SV00222,LHP0272
SV00226,LHP0272
SV00231,LHP0272
SV00233,LHP0272
SV00234,LHP0272
SV00240,LHP0272
SV00241,LHP0272
SV00246,LHP0272
SV00251,LHP0272
SV00252,LHP0272
SV00256,LHP0272
SV00257,LHP0272
SV00263,LHP0272
SV00276,LHP0272
SV00284,LHP0272
SV00289,LHP0272
SV00292,LHP0272
SV00298,LHP0272
SV00318,LHP0272
SV00333,LHP0272
SV00338,LHP0272
SV02350,LHP0273
SV02351,LHP0273
SV02352,LHP0273
SV02353,LHP0273
SV02354,LHP0273
SV02355,LHP0273
SV02356,LHP0273
SV02357,LHP0273
SV02358,LHP0273
SV02359,LHP0273
SV02360,LHP0273
SV02361,LHP0273
SV02362,LHP0273
SV02363,LHP0273
SV02364,LHP0273
SV02365,LHP0273
SV02366,LHP0273
SV02367,LHP0273
SV02368,LHP0273
SV02369,LHP0273
SV02370,LHP0273
SV02371,LHP0273
SV02372,LHP0273
SV02373,LHP0273
SV02374,LHP0273
SV02375,LHP0273
SV02376,LHP0273
SV02377,LHP0273
SV02378,LHP0273
SV02379,LHP0273
SV02380,LHP0273
SV02381,LHP0273
SV02382,LHP0273
SV02383,LHP0273
SV02384,LHP0273
SV02385,LHP0273
SV02386,LHP0273
SV02387,LHP0273
SV02388,LHP0273
SV02389,LHP0273
SV02390,LHP0273
SV02391,LHP0273
SV02392,LHP0273
SV02393,LHP0273
SV02394,LHP0273
SV03107,LHP0274
SV03327,LHP0274
SV03409,LHP0274
SV03419,LHP0274
SV03435,LHP0274
SV03438,LHP0274
SV03439,LHP0274
SV03463,LHP0274
SV03486,LHP0274
SV03497,LHP0274
SV03518,LHP0274
SV03519,LHP0274
SV03532,LHP0274
SV03551,LHP0274
SV03559,LHP0274
SV03568,LHP0274
SV03570,LHP0274
SV03572,LHP0274
SV03589,LHP0274
SV03597,LHP0274
SV03602,LHP0274
SV03605,LHP0274
SV03608,LHP0274
SV03611,LHP0274
SV03614,LHP0274
SV03618,LHP0274
SV03641,LHP0274
SV03648,LHP0274
SV03649,LHP0274
SV03659,LHP0274
SV03661,LHP0274
SV03669,LHP0274
SV03681,LHP0274
SV03687,LHP0274
SV03691,LHP0274
SV03705,LHP0274
SV03519,LHP0275
SV03544,LHP0275
SV03563,LHP0275
SV03579,LHP0275
SV03610,LHP0275
SV03687,LHP0275
SV03776,LHP0275
SV03781,LHP0275
SV03809,LHP0275
SV03818,LHP0275
SV03825,LHP0275
SV03860,LHP0275
SV03881,LHP0275
SV03886,LHP0275
SV03890,LHP0275
SV03892,LHP0275
SV03897,LHP0275
SV03900,LHP0275
SV03918,LHP0275
SV03930,LHP0275
SV03960,LHP0275
SV03964,LHP0275
SV03967,LHP0275
SV03968,LHP0275
SV03976,LHP0275
SV04008,LHP0275
SV04019,LHP0275
SV04032,LHP0275
SV04039,LHP0275
SV04044,LHP0275
SV04050,LHP0275
SV04063,LHP0275
SV02612,LHP0276
SV02661,LHP0276
SV02763,LHP0276
SV02887,LHP0276
SV02896,LHP0276
SV02904,LHP0276
SV02906,LHP0276
SV02919,LHP0276
SV02930,LHP0276
SV02940,LHP0276
SV02962,LHP0276
SV02980,LHP0276
SV02983,LHP0276
SV02985,LHP0276
SV03017,LHP0276
SV03026,LHP0276
SV03045,LHP0276
SV03069,LHP0276
SV03071,LHP0276
SV03085,LHP0276
SV03094,LHP0276
SV03096,LHP0276
SV03099,LHP0276
SV03101,LHP0276
SV03111,LHP0276
SV03121,LHP0276
SV03123,LHP0276
SV03128,LHP0276
SV03129,LHP0276
SV03153,LHP0276
SV03176,LHP0276
SV03187,LHP0276
SV03190,LHP0276
SV03191,LHP0276
SV03197,LHP0276
SV03199,LHP0276
SV03216,LHP0276
SV03217,LHP0276
SV03220,LHP0276
SV03224,LHP0276
SV03225,LHP0276
SV03231,LHP0276
SV03233,LHP0276
SV03239,LHP0276
SV03243,LHP0276
SV03254,LHP0276
SV03257,LHP0276
SV03260,LHP0276
SV03263,LHP0276
SV03270,LHP0276
SV03278,LHP0276
SV03280,LHP0276
SV03281,LHP0276
SV03294,LHP0276
SV03299,LHP0276
SV03301,LHP0276
SV03310,LHP0276
SV03311,LHP0276
SV03313,LHP0276
SV03316,LHP0276
SV03318,LHP0276
SV03322,LHP0276
SV03324,LHP0276
SV03327,LHP0276
SV03329,LHP0276
SV03345,LHP0276
SV03351,LHP0276
SV03352,LHP0276
SV03355,LHP0276
SV03357,LHP0276
SV03359,LHP0276
SV03368,LHP0276
SV03371,LHP0276
SV03372,LHP0276
SV03373,LHP0276
SV03381,LHP0276
SV03383,LHP0276
SV03402,LHP0276
SV01880,LHP0277
SV01907,LHP0277
SV01925,LHP0277
SV01927,LHP0277
SV01928,LHP0277
SV01934,LHP0277
SV01939,LHP0277
SV01946,LHP0277
SV01948,LHP0277
SV01951,LHP0277
SV01965,LHP0277
SV01971,LHP0277
SV01977,LHP0277
SV01980,LHP0277
SV01981,LHP0277
SV01982,LHP0277
SV01984,LHP0277
SV01986,LHP0277
SV01987,LHP0277
SV01989,LHP0277
SV01990,LHP0277
SV01991,LHP0277
SV01992,LHP0277
SV01993,LHP0277
SV01995,LHP0277
SV01996,LHP0277
SV01997,LHP0277
SV01998,LHP0277
SV02001,LHP0277
SV02002,LHP0277
SV02003,LHP0277
SV01560,LHP0278
SV01582,LHP0278
SV01594,LHP0278
SV01609,LHP0278
SV01612,LHP0278
SV01623,LHP0278
SV01634,LHP0278
SV01636,LHP0278
SV01649,LHP0278
SV01651,LHP0278
SV01666,LHP0278
SV01673,LHP0278
SV01675,LHP0278
SV01676,LHP0278
SV01677,LHP0278
SV01679,LHP0278
SV01682,LHP0278
SV01686,LHP0278
SV01688,LHP0278
SV01689,LHP0278
SV01690,LHP0278
SV01691,LHP0278
SV01693,LHP0278
SV01694,LHP0278
SV01695,LHP0278
SV01696,LHP0278
SV01700,LHP0278
SV01702,LHP0278
SV01703,LHP0278
SV01704,LHP0278
SV01706,LHP0278
SV01707,LHP0278
SV01709,LHP0278
SV01710,LHP0278
SV01711,LHP0278
SV01712,LHP0278
SV01713,LHP0278
SV01716,LHP0278
SV01717,LHP0278
SV01718,LHP0278
SV01719,LHP0278
SV01720,LHP0278
SV01721,LHP0278
SV01722,LHP0278
SV01724,LHP0278
SV01726,LHP0278
SV01727,LHP0278
SV01728,LHP0278
SV01731,LHP0278
SV01732,LHP0278
SV01733,LHP0278
SV01734,LHP0278
SV01735,LHP0278
SV01736,LHP0278
SV01737,LHP0278
SV01738,LHP0278
SV01739,LHP0278
SV01740,LHP0278
SV01741,LHP0278
SV01742,LHP0278
SV01743,LHP0278
SV01744,LHP0278
SV01745,LHP0278
SV01348,LHP0279
SV01361,LHP0279
SV01370,LHP0279
SV01372,LHP0279
SV01375,LHP0279
SV01390,LHP0279
SV01403,LHP0279
SV01409,LHP0279
SV01413,LHP0279
SV01416,LHP0279
SV01424,LHP0279
SV01431,LHP0279
SV01435,LHP0279
SV01446,LHP0279
SV01450,LHP0279
SV01453,LHP0279
SV01460,LHP0279
SV01461,LHP0279
SV01467,LHP0279
SV01470,LHP0279
SV01482,LHP0279
SV01487,LHP0279
SV01496,LHP0279
SV01500,LHP0279
SV01501,LHP0279
SV01508,LHP0279
SV01516,LHP0279
SV01517,LHP0279
SV01518,LHP0279
SV01519,LHP0279
SV01526,LHP0279
SV01533,LHP0279
SV01537,LHP0279
SV04050,LHP0280
SV04085,LHP0280
SV04138,LHP0280
SV04169,LHP0280
SV04186,LHP0280
SV04217,LHP0280
SV04222,LHP0280
SV04264,LHP0280
SV04288,LHP0280
SV04290,LHP0280
SV04294,LHP0280
SV04296,LHP0280
SV04313,LHP0280
SV04318,LHP0280
SV04338,LHP0280
SV04345,LHP0280
SV04350,LHP0280
SV04356,LHP0280
SV04358,LHP0280
SV04359,LHP0280
SV04360,LHP0280
SV04361,LHP0280
SV04362,LHP0280
SV04366,LHP0280
SV04371,LHP0280
SV04377,LHP0280
SV04384,LHP0280
SV04385,LHP0280
SV04395,LHP0280
SV04405,LHP0280
SV04410,LHP0280
SV04412,LHP0280
SV04415,LHP0280
SV04417,LHP0280
SV04421,LHP0280
SV04425,LHP0280
SV04434,LHP0280
SV00114,LHP0281
SV00180,LHP0281
SV00206,LHP0281
SV00208,LHP0281
SV00226,LHP0281
SV00236,LHP0281
SV00243,LHP0281
SV00249,LHP0281
SV00251,LHP0281
SV00255,LHP0281
SV00261,LHP0281
SV00326,LHP0281
SV00327,LHP0281
SV00328,LHP0281
SV00346,LHP0281
SV00358,LHP0281
SV00369,LHP0281
SV00375,LHP0281
SV00381,LHP0281
SV00386,LHP0281
SV00402,LHP0281
SV00404,LHP0281
SV00408,LHP0281
SV00416,LHP0281
SV00423,LHP0281
SV00428,LHP0281
SV00429,LHP0281
SV00433,LHP0281
SV00436,LHP0281
SV00437,LHP0281
SV00438,LHP0281
SV00440,LHP0281
SV00441,LHP0281
SV00442,LHP0281
SV00443,LHP0281
SV00444,LHP0281
SV00445,LHP0281
SV00446,LHP0281
SV00447,LHP0281
SV00448,LHP0281
SV00449,LHP0281
SV00450,LHP0281
SV00451,LHP0281
SV00452,LHP0281
SV00456,LHP0281
SV00459,LHP0281
SV00465,LHP0281
SV00466,LHP0281
SV00467,LHP0281
SV00469,LHP0281
SV00471,LHP0281
SV00472,LHP0281
SV00474,LHP0281
SV00476,LHP0281
SV00477,LHP0281
SV00478,LHP0281
SV00479,LHP0281
SV00480,LHP0281
SV00484,LHP0281
SV00485,LHP0281
SV00486,LHP0281
SV00487,LHP0281
SV00488,LHP0281
SV00489,LHP0281
SV00490,LHP0281
SV00491,LHP0281
SV01341,LHP0282
SV01349,LHP0282
SV01350,LHP0282
SV01358,LHP0282
SV01365,LHP0282
SV01366,LHP0282
SV01367,LHP0282
SV01368,LHP0282
SV01369,LHP0282
SV01373,LHP0282
SV01374,LHP0282
SV01375,LHP0282
SV01379,LHP0282
SV01384,LHP0282
SV01391,LHP0282
SV01394,LHP0282
SV01399,LHP0282
SV01402,LHP0282
SV01403,LHP0282
SV01405,LHP0282
SV01414,LHP0282
SV01423,LHP0282
SV01426,LHP0282
SV01432,LHP0282
SV01433,LHP0282
SV01434,LHP0282
SV01444,LHP0282
SV01446,LHP0282
SV01447,LHP0282
SV01448,LHP0282
SV01451,LHP0282
SV01452,LHP0282
SV01453,LHP0282
SV01461,LHP0282
SV01466,LHP0282
SV01468,LHP0282
SV01475,LHP0282
SV01478,LHP0282
SV01481,LHP0282
SV01485,LHP0282
SV01488,LHP0282
SV01489,LHP0282
SV01497,LHP0282
SV01498,LHP0282
SV01503,LHP0282
SV01504,LHP0282
SV01509,LHP0282
SV01514,LHP0282
SV01518,LHP0282
SV01519,LHP0282
SV01526,LHP0282
SV01528,LHP0282
SV03408,LHP0283
SV03417,LHP0283
SV03447,LHP0283
SV03455,LHP0283
SV03458,LHP0283
SV03466,LHP0283
SV03551,LHP0283
SV03613,LHP0283
SV03632,LHP0283
SV03637,LHP0283
SV03646,LHP0283
SV03656,LHP0283
SV03662,LHP0283
SV03668,LHP0283
SV03713,LHP0283
SV03719,LHP0283
SV03721,LHP0283
SV03722,LHP0283
SV03733,LHP0283
SV03741,LHP0283
SV03764,LHP0283
SV03766,LHP0283
SV03769,LHP0283
SV03771,LHP0283
SV03776,LHP0283
SV03785,LHP0283
SV03807,LHP0283
SV03810,LHP0283
SV03816,LHP0283
SV03843,LHP0283
SV03844,LHP0283
SV03849,LHP0283
SV03850,LHP0283
SV03852,LHP0283
SV03853,LHP0283
SV03859,LHP0283
SV03860,LHP0283
SV03861,LHP0283
SV03863,LHP0283
SV03866,LHP0283
SV03868,LHP0283
SV03879,LHP0283
SV03888,LHP0283
SV03893,LHP0283
SV03894,LHP0283
SV03900,LHP0283
SV03903,LHP0283
SV03916,LHP0283
SV03920,LHP0283
SV03921,LHP0283
SV03925,LHP0283
SV03928,LHP0283
SV03929,LHP0283
SV03933,LHP0283
SV03937,LHP0283
SV03938,LHP0283
SV03952,LHP0283
SV03954,LHP0283
SV03958,LHP0283
SV03965,LHP0283
SV03974,LHP0283
SV03978,LHP0283
SV03987,LHP0283
SV01082,LHP0284
SV01094,LHP0284
SV01101,LHP0284
SV01104,LHP0284
SV01113,LHP0284
SV01119,LHP0284
SV01148,LHP0284
SV01150,LHP0284
SV01154,LHP0284
SV01160,LHP0284
SV01162,LHP0284
SV01163,LHP0284
SV01170,LHP0284
SV01173,LHP0284
SV01181,LHP0284
SV01184,LHP0284
SV01189,LHP0284
SV01191,LHP0284
SV01193,LHP0284
SV01196,LHP0284
SV01197,LHP0284
SV01200,LHP0284
SV01201,LHP0284
SV01203,LHP0284
SV01213,LHP0284
SV01215,LHP0284
SV01221,LHP0284
SV01229,LHP0284
SV01234,LHP0284
SV01239,LHP0284
SV01241,LHP0284
SV01242,LHP0284
SV01248,LHP0284
SV01251,LHP0284
SV01254,LHP0284
SV01255,LHP0284
SV01256,LHP0284
SV01257,LHP0284
SV01259,LHP0284
SV01261,LHP0284
SV01262,LHP0284
SV01264,LHP0284
SV01265,LHP0284
SV01266,LHP0284
SV01267,LHP0284
SV01268,LHP0284
SV01269,LHP0284
SV01270,LHP0284
SV01271,LHP0284
SV01272,LHP0284
SV01273,LHP0284
SV01274,LHP0284
SV01275,LHP0284
SV01276,LHP0284
SV01277,LHP0284
SV01278,LHP0284
SV01279,LHP0284
SV01280,LHP0284
SV01281,LHP0284
SV01282,LHP0284
SV01283,LHP0284
SV01284,LHP0284
SV01285,LHP0284
SV01286,LHP0284
SV01287,LHP0284
SV01289,LHP0284
SV01290,LHP0284
SV01291,LHP0284
SV01292,LHP0284
SV01293,LHP0284
SV01294,LHP0284
SV01295,LHP0284
SV01296,LHP0284
SV01297,LHP0284
SV01298,LHP0284
SV01299,LHP0284
SV01300,LHP0284
SV01301,LHP0284
SV01302,LHP0284
SV01303,LHP0284
SV00753,LHP0285
SV00768,LHP0285
SV00769,LHP0285
SV00772,LHP0285
SV00784,LHP0285
SV00785,LHP0285
SV00793,LHP0285
SV00795,LHP0285
SV00811,LHP0285
SV00826,LHP0285
SV00840,LHP0285
SV00841,LHP0285
SV00845,LHP0285
SV00850,LHP0285
SV00851,LHP0285
SV00856,LHP0285
SV00863,LHP0285
SV00865,LHP0285
SV00870,LHP0285
SV00875,LHP0285
SV00877,LHP0285
SV00878,LHP0285
SV00880,LHP0285
SV00890,LHP0285
SV00898,LHP0285
SV00904,LHP0285
SV00907,LHP0285
SV00910,LHP0285
SV00912,LHP0285
SV00917,LHP0285
SV00919,LHP0285
SV00923,LHP0285
SV02940,LHP0286
SV03003,LHP0286
SV03037,LHP0286
SV03049,LHP0286
SV03127,LHP0286
SV03141,LHP0286
SV03154,LHP0286
SV03186,LHP0286
SV03202,LHP0286
SV03281,LHP0286
SV03291,LHP0286
SV03292,LHP0286
SV03297,LHP0286
SV03312,LHP0286
SV03313,LHP0286
SV03328,LHP0286
SV03332,LHP0286
SV03338,LHP0286
SV03341,LHP0286
SV03342,LHP0286
SV03347,LHP0286
SV03351,LHP0286
SV03357,LHP0286
SV03361,LHP0286
SV03366,LHP0286
SV03374,LHP0286
SV03381,LHP0286
SV03409,LHP0286
SV03414,LHP0286
SV03416,LHP0286
SV03418,LHP0286
SV03419,LHP0286
SV03421,LHP0286
SV03427,LHP0286
SV03430,LHP0286
SV03446,LHP0286
SV03449,LHP0286
SV03452,LHP0286
SV03457,LHP0286
SV03460,LHP0286
SV03462,LHP0286
SV03535,LHP0286
SV03538,LHP0286
SV03543,LHP0286
SV03552,LHP0286
SV03567,LHP0286
SV03568,LHP0286
SV03573,LHP0286
SV03574,LHP0286
SV03580,LHP0286
SV03586,LHP0286
SV03589,LHP0286
SV02510,LHP0287
SV02513,LHP0287
SV02515,LHP0287
SV02530,LHP0287
SV02554,LHP0287
SV02570,LHP0287
SV02577,LHP0287
SV02578,LHP0287
SV02592,LHP0287
SV02593,LHP0287
SV02595,LHP0287
SV02605,LHP0287
SV02614,LHP0287
SV02627,LHP0287
SV02637,LHP0287
SV02638,LHP0287
SV02639,LHP0287
SV02643,LHP0287
SV02679,LHP0287
SV02695,LHP0287
SV02696,LHP0287
SV02705,LHP0287
SV02709,LHP0287
SV02757,LHP0287
SV02771,LHP0287
SV02772,LHP0287
SV02786,LHP0287
SV02830,LHP0287
SV02835,LHP0287
SV02844,LHP0287
SV02846,LHP0287
SV02849,LHP0287
SV02851,LHP0287
SV02859,LHP0287
SV02861,LHP0287
SV02867,LHP0287
SV02869,LHP0287
SV02871,LHP0287
SV02874,LHP0287
SV02875,LHP0287
SV02884,LHP0287
SV02885,LHP0287
SV02887,LHP0287
SV02888,LHP0287
SV02889,LHP0287
SV02890,LHP0287
SV02895,LHP0287
SV02896,LHP0287
SV02903,LHP0287
SV02904,LHP0287
SV02906,LHP0287
SV02908,LHP0287
SV02910,LHP0287
SV02911,LHP0287
SV02912,LHP0287
SV02914,LHP0287
SV02916,LHP0287
SV02924,LHP0287
SV02925,LHP0287
SV02927,LHP0287
SV02934,LHP0287
SV02936,LHP0287
SV02941,LHP0287
SV02944,LHP0287
SV02945,LHP0287
SV02947,LHP0287
SV02948,LHP0287
SV02949,LHP0287
SV02951,LHP0287
SV02954,LHP0287
SV02956,LHP0287
SV02961,LHP0287
SV02965,LHP0287
SV02968,LHP0287
SV02970,LHP0287
SV02972,LHP0287
SV02973,LHP0287
SV02974,LHP0287
SV02975,LHP0287
SV03521,LHP0288
SV03880,LHP0288
SV03966,LHP0288
SV03977,LHP0288
SV03988,LHP0288
SV04031,LHP0288
SV04036,LHP0288
SV04037,LHP0288
SV04040,LHP0288
SV04043,LHP0288
SV04046,LHP0288
SV04048,LHP0288
SV04049,LHP0288
SV04053,LHP0288
SV04082,LHP0288
SV04084,LHP0288
SV04085,LHP0288
SV04088,LHP0288
SV04093,LHP0288
SV04098,LHP0288
SV04104,LHP0288
SV04122,LHP0288
SV04134,LHP0288
SV04138,LHP0288
SV04158,LHP0288
SV04160,LHP0288
SV04169,LHP0288
SV04174,LHP0288
SV04179,LHP0288
SV04182,LHP0288
SV04185,LHP0288
SV04207,LHP0288
SV04209,LHP0288
SV04217,LHP0288
SV04222,LHP0288
SV04229,LHP0288
SV04232,LHP0288
SV04237,LHP0288
SV04244,LHP0288
SV04249,LHP0288
SV04254,LHP0288
SV04256,LHP0288
SV04258,LHP0288
SV04259,LHP0288
SV04261,LHP0288
SV04262,LHP0288
SV04270,LHP0288
SV04272,LHP0288
SV04274,LHP0288
SV04275,LHP0288
SV04277,LHP0288
SV04282,LHP0288
SV04286,LHP0288
SV04288,LHP0288
SV04289,LHP0288
SV04290,LHP0288
SV04291,LHP0288
SV04292,LHP0288
SV04296,LHP0288
SV04297,LHP0288
SV04298,LHP0288
SV04300,LHP0288
SV04301,LHP0288
SV04302,LHP0288
SV02474,LHP0289
SV02476,LHP0289
SV02479,LHP0289
SV02480,LHP0289
SV02482,LHP0289
SV02483,LHP0289
SV02484,LHP0289
SV02485,LHP0289
SV02486,LHP0289
SV02487,LHP0289
SV02488,LHP0289
SV02489,LHP0289
SV02490,LHP0289
SV02491,LHP0289
SV02492,LHP0289
SV02493,LHP0289
SV02494,LHP0289
SV02495,LHP0289
SV02496,LHP0289
SV02497,LHP0289
SV02498,LHP0289
SV02499,LHP0289
SV02500,LHP0289
SV02501,LHP0289
SV02502,LHP0289
SV02503,LHP0289
SV02504,LHP0289
SV02505,LHP0289
SV02506,LHP0289
SV02507,LHP0289
SV02508,LHP0289
SV02509,LHP0289
SV02510,LHP0289
SV02511,LHP0289
SV02512,LHP0289
SV02513,LHP0289
SV02514,LHP0289
SV02515,LHP0289
SV02516,LHP0289
SV02517,LHP0289
SV02518,LHP0289
SV02519,LHP0289
SV02520,LHP0289
SV02521,LHP0289
SV02522,LHP0289
SV02523,LHP0289
SV02524,LHP0289
SV02525,LHP0289
SV02526,LHP0289
SV02527,LHP0289
SV02528,LHP0289
SV02529,LHP0289
SV02530,LHP0289
SV02531,LHP0289
SV02532,LHP0289
SV02533,LHP0289
SV02534,LHP0289
SV02535,LHP0289
SV02536,LHP0289
SV02537,LHP0289
SV02538,LHP0289
SV02539,LHP0289
SV02540,LHP0289
SV02541,LHP0289
SV02542,LHP0289
SV02543,LHP0289
SV02544,LHP0289
SV02545,LHP0289
SV02546,LHP0289
SV02547,LHP0289
SV02548,LHP0289
SV02549,LHP0289
SV02550,LHP0289
SV02551,LHP0289
SV00448,LHP0290
SV00450,LHP0290
SV00455,LHP0290
SV00460,LHP0290
SV00463,LHP0290
SV00471,LHP0290
SV00472,LHP0290
SV00483,LHP0290
SV00490,LHP0290
SV00494,LHP0290
SV00495,LHP0290
SV00496,LHP0290
SV00497,LHP0290
SV00498,LHP0290
SV00499,LHP0290
SV00500,LHP0290
SV00501,LHP0290
SV00502,LHP0290
SV00503,LHP0290
SV00504,LHP0290
SV00505,LHP0290
SV00506,LHP0290
SV00507,LHP0290
SV00508,LHP0290
SV00509,LHP0290
SV00510,LHP0290
SV00511,LHP0290
SV00512,LHP0290
SV00513,LHP0290
SV00514,LHP0290
SV00515,LHP0290
SV00516,LHP0290
SV03415,LHP0291
SV03416,LHP0291
SV03417,LHP0291
SV03418,LHP0291
SV03419,LHP0291
SV03420,LHP0291
SV03421,LHP0291
SV03422,LHP0291
SV03423,LHP0291
SV03424,LHP0291
SV03425,LHP0291
SV03426,LHP0291
SV03427,LHP0291
SV03428,LHP0291
SV03429,LHP0291
SV03430,LHP0291
SV03431,LHP0291
SV03432,LHP0291
SV03433,LHP0291
SV03434,LHP0291
SV03435,LHP0291
SV03436,LHP0291
SV03437,LHP0291
SV03438,LHP0291
SV03439,LHP0291
SV03440,LHP0291
SV03441,LHP0291
SV03442,LHP0291
SV03443,LHP0291
SV03444,LHP0291
SV03445,LHP0291
SV03446,LHP0291
SV03447,LHP0291
SV03448,LHP0291
SV03449,LHP0291
SV03450,LHP0291
SV03451,LHP0291
SV03452,LHP0291
SV03453,LHP0291
SV03454,LHP0291
SV03455,LHP0291
SV03456,LHP0291
SV03457,LHP0291
SV03458,LHP0291
SV03459,LHP0291
SV03460,LHP0291
SV03461,LHP0291
SV03462,LHP0291
SV03463,LHP0291
SV03464,LHP0291
SV02514,LHP0292
SV02526,LHP0292
SV02538,LHP0292
SV02547,LHP0292
SV02551,LHP0292
SV02552,LHP0292
SV02563,LHP0292
SV02578,LHP0292
SV02580,LHP0292
SV02583,LHP0292
SV02586,LHP0292
SV02589,LHP0292
SV02599,LHP0292
SV02603,LHP0292
SV02604,LHP0292
SV02608,LHP0292
SV02609,LHP0292
SV02610,LHP0292
SV02613,LHP0292
SV02614,LHP0292
SV02623,LHP0292
SV02624,LHP0292
SV02631,LHP0292
SV02635,LHP0292
SV02638,LHP0292
SV02643,LHP0292
SV02649,LHP0292
SV02667,LHP0292
SV02671,LHP0292
SV02677,LHP0292
SV02678,LHP0292
SV02681,LHP0292
SV02684,LHP0292
SV02685,LHP0292
SV02702,LHP0292
SV02706,LHP0292
SV02717,LHP0292
SV02721,LHP0292
SV02736,LHP0292
SV02739,LHP0292
SV02741,LHP0292
SV02750,LHP0292
SV02752,LHP0292
SV02765,LHP0292
SV02768,LHP0292
SV02769,LHP0292
SV02773,LHP0292
SV02774,LHP0292
SV02779,LHP0292
SV02781,LHP0292
SV02789,LHP0292
SV02799,LHP0292
SV02806,LHP0292
SV02809,LHP0292
SV02819,LHP0292
SV02820,LHP0292
SV02827,LHP0292
SV02828,LHP0292
SV02831,LHP0292
SV02845,LHP0292
SV00011,LHP0293
SV00012,LHP0293
SV00018,LHP0293
SV00019,LHP0293
SV00023,LHP0293
SV00026,LHP0293
SV00029,LHP0293
SV00036,LHP0293
SV00039,LHP0293
SV00040,LHP0293
SV00041,LHP0293
SV00043,LHP0293
SV00047,LHP0293
SV00052,LHP0293
SV00054,LHP0293
SV00058,LHP0293
SV00059,LHP0293
SV00060,LHP0293
SV00064,LHP0293
SV00068,LHP0293
SV00075,LHP0293
SV00076,LHP0293
SV00077,LHP0293
SV00078,LHP0293
SV00079,LHP0293
SV00080,LHP0293
SV00081,LHP0293
SV00082,LHP0293
SV00083,LHP0293
SV00084,LHP0293
SV00085,LHP0293
SV00088,LHP0293
SV00089,LHP0293
SV00091,LHP0293
SV00094,LHP0293
SV00095,LHP0293
SV00096,LHP0293
SV00098,LHP0293
SV00102,LHP0293
SV00103,LHP0293
SV00104,LHP0293
SV00107,LHP0293
SV00109,LHP0293
SV00110,LHP0293
SV00111,LHP0293
SV00112,LHP0293
SV00118,LHP0293
SV00119,LHP0293
SV00120,LHP0293
SV00122,LHP0293
SV00123,LHP0293
SV00124,LHP0293
SV00126,LHP0293
SV00127,LHP0293
SV00128,LHP0293
SV00129,LHP0293
SV00131,LHP0293
SV00135,LHP0293
SV00136,LHP0293
SV00137,LHP0293
SV00138,LHP0293
SV00139,LHP0293
SV00140,LHP0293
SV00141,LHP0293
SV00144,LHP0293
SV00145,LHP0293
SV00146,LHP0293
SV00148,LHP0293
SV00151,LHP0293
SV00154,LHP0293
SV00155,LHP0293
SV00156,LHP0293
SV00157,LHP0293
SV00158,LHP0293
SV00159,LHP0293
SV00160,LHP0293
SV00161,LHP0293
SV00162,LHP0293
SV00163,LHP0293
SV01064,LHP0294
SV01074,LHP0294
SV01082,LHP0294
SV01086,LHP0294
SV01093,LHP0294
SV01099,LHP0294
SV01101,LHP0294
SV01103,LHP0294
SV01104,LHP0294
SV01105,LHP0294
SV01110,LHP0294
SV01111,LHP0294
SV01113,LHP0294
SV01119,LHP0294
SV01132,LHP0294
SV01133,LHP0294
SV01136,LHP0294
SV01138,LHP0294
SV01141,LHP0294
SV01143,LHP0294
SV01147,LHP0294
SV01149,LHP0294
SV01152,LHP0294
SV01153,LHP0294
SV01154,LHP0294
SV01159,LHP0294
SV01165,LHP0294
SV01166,LHP0294
SV01167,LHP0294
SV01171,LHP0294
SV01172,LHP0294
SV01174,LHP0294
SV01176,LHP0294
SV01177,LHP0294
SV01178,LHP0294
SV01179,LHP0294
SV01183,LHP0294
SV01187,LHP0294
SV01188,LHP0294
SV01194,LHP0294
SV01196,LHP0294
SV01197,LHP0294
SV01198,LHP0294
SV01199,LHP0294
SV01201,LHP0294
SV01202,LHP0294
SV01204,LHP0294
SV01209,LHP0294
SV01210,LHP0294
SV01211,LHP0294
SV01212,LHP0294
SV01213,LHP0294
SV01216,LHP0294
SV01217,LHP0294
SV01218,LHP0294
SV01219,LHP0294
SV01220,LHP0294
SV01081,LHP0295
SV01191,LHP0295
SV01197,LHP0295
SV01201,LHP0295
SV01209,LHP0295
SV01215,LHP0295
SV01221,LHP0295
SV01222,LHP0295
SV01224,LHP0295
SV01225,LHP0295
SV01227,LHP0295
SV01228,LHP0295
SV01229,LHP0295
SV01231,LHP0295
SV01236,LHP0295
SV01237,LHP0295
SV01240,LHP0295
SV01241,LHP0295
SV01246,LHP0295
SV01248,LHP0295
SV01250,LHP0295
SV01251,LHP0295
SV01252,LHP0295
SV01253,LHP0295
SV01255,LHP0295
SV01257,LHP0295
SV01258,LHP0295
SV01260,LHP0295
SV01261,LHP0295
SV01263,LHP0295
SV01264,LHP0295
SV01266,LHP0295
SV01267,LHP0295
SV01268,LHP0295
SV01269,LHP0295
SV01270,LHP0295
SV01272,LHP0295
SV01273,LHP0295
SV01274,LHP0295
SV01275,LHP0295
SV01277,LHP0295
SV01279,LHP0295
SV01280,LHP0295
SV01281,LHP0295
SV01282,LHP0295
SV01283,LHP0295
SV01284,LHP0295
SV01285,LHP0295
SV01287,LHP0295
SV01288,LHP0295
SV01291,LHP0295
SV03075,LHP0296
SV03476,LHP0296
SV03480,LHP0296
SV03484,LHP0296
SV03518,LHP0296
SV03528,LHP0296
SV03537,LHP0296
SV03569,LHP0296
SV03595,LHP0296
SV03609,LHP0296
SV03619,LHP0296
SV03624,LHP0296
SV03628,LHP0296
SV03629,LHP0296
SV03630,LHP0296
SV03670,LHP0296
SV03682,LHP0296
SV03692,LHP0296
SV03724,LHP0296
SV03728,LHP0296
SV03736,LHP0296
SV03754,LHP0296
SV03766,LHP0296
SV03779,LHP0296
SV03812,LHP0296
SV03818,LHP0296
SV03831,LHP0296
SV03842,LHP0296
SV03863,LHP0296
SV03890,LHP0296
SV03891,LHP0296
SV03910,LHP0296
SV03918,LHP0296
SV03926,LHP0296
SV03928,LHP0296
SV03937,LHP0296
SV03939,LHP0296
SV03950,LHP0296
SV03954,LHP0296
SV03962,LHP0296
SV03963,LHP0296
SV03965,LHP0296
SV03981,LHP0296
SV03989,LHP0296
SV03990,LHP0296
SV03992,LHP0296
SV03993,LHP0296
SV02164,LHP0297
SV02229,LHP0297
SV02233,LHP0297
SV02235,LHP0297
SV02236,LHP0297
SV02238,LHP0297
SV02240,LHP0297
SV02242,LHP0297
SV02243,LHP0297
SV02244,LHP0297
SV02245,LHP0297
SV02246,LHP0297
SV02247,LHP0297
SV02248,LHP0297
SV02253,LHP0297
SV02258,LHP0297
SV02259,LHP0297
SV02261,LHP0297
SV02262,LHP0297
SV02265,LHP0297
SV02271,LHP0297
SV02274,LHP0297
SV02276,LHP0297
SV02277,LHP0297
SV02278,LHP0297
SV02279,LHP0297
SV02283,LHP0297
SV02285,LHP0297
SV02286,LHP0297
SV02288,LHP0297
SV02290,LHP0297
SV02291,LHP0297
SV02292,LHP0297
SV02293,LHP0297
SV02294,LHP0297
SV02295,LHP0297
SV02296,LHP0297
SV02298,LHP0297
SV02299,LHP0297
SV02300,LHP0297
SV02302,LHP0297
SV01867,LHP0298
SV01869,LHP0298
SV01881,LHP0298
SV01885,LHP0298
SV01891,LHP0298
SV01896,LHP0298
SV01897,LHP0298
SV01916,LHP0298
SV01918,LHP0298
SV01919,LHP0298
SV01924,LHP0298
SV01927,LHP0298
SV01929,LHP0298
SV01932,LHP0298
SV01933,LHP0298
SV01935,LHP0298
SV01939,LHP0298
SV01940,LHP0298
SV01942,LHP0298
SV01943,LHP0298
SV01950,LHP0298
SV01956,LHP0298
SV01960,LHP0298
SV01961,LHP0298
SV01963,LHP0298
SV01968,LHP0298
SV01971,LHP0298
SV01979,LHP0298
SV01982,LHP0298
SV01983,LHP0298
SV01985,LHP0298
SV01986,LHP0298
SV01987,LHP0298
SV01988,LHP0298
SV01989,LHP0298
SV01990,LHP0298
SV01991,LHP0298
SV01992,LHP0298
SV01993,LHP0298
SV01994,LHP0298
SV01995,LHP0298
SV01996,LHP0298
SV01997,LHP0298
SV01998,LHP0298
SV01999,LHP0298
SV02000,LHP0298
SV02001,LHP0298
SV02002,LHP0298
SV02003,LHP0298
SV01681,LHP0299
SV01687,LHP0299
SV01708,LHP0299
SV01715,LHP0299
SV01749,LHP0299
SV01759,LHP0299
SV01773,LHP0299
SV01786,LHP0299
SV01792,LHP0299
SV01795,LHP0299
SV01796,LHP0299
SV01798,LHP0299
SV01799,LHP0299
SV01800,LHP0299
SV01802,LHP0299
SV01803,LHP0299
SV01804,LHP0299
SV01805,LHP0299
SV01808,LHP0299
SV01810,LHP0299
SV01811,LHP0299
SV01812,LHP0299
SV01813,LHP0299
SV01814,LHP0299
SV01818,LHP0299
SV01819,LHP0299
SV01820,LHP0299
SV01825,LHP0299
SV01829,LHP0299
SV01831,LHP0299
SV01833,LHP0299
SV01836,LHP0299
SV01838,LHP0299
SV01839,LHP0299
SV01841,LHP0299
SV01843,LHP0299
SV01844,LHP0299
SV01845,LHP0299
SV01847,LHP0299
SV01848,LHP0299
SV01851,LHP0299
SV01852,LHP0299
SV01853,LHP0299
SV01855,LHP0299
SV01856,LHP0299
SV01857,LHP0299
SV01858,LHP0299
SV01859,LHP0299
SV01860,LHP0299
SV01861,LHP0299
SV01862,LHP0299
SV01863,LHP0299
SV02625,LHP0300
SV02627,LHP0300
SV02907,LHP0300
SV02928,LHP0300
SV02933,LHP0300
SV02939,LHP0300
SV02949,LHP0300
SV02959,LHP0300
SV02982,LHP0300
SV02988,LHP0300
SV02995,LHP0300
SV02998,LHP0300
SV02999,LHP0300
SV03040,LHP0300
SV03042,LHP0300
SV03069,LHP0300
SV03075,LHP0300
SV03094,LHP0300
SV03127,LHP0300
SV03136,LHP0300
SV03157,LHP0300
SV03166,LHP0300
SV03179,LHP0300
SV03183,LHP0300
SV03186,LHP0300
SV03206,LHP0300
SV03214,LHP0300
SV03223,LHP0300
SV03228,LHP0300
SV03230,LHP0300
SV03253,LHP0300
SV03267,LHP0300
SV03289,LHP0300
SV03306,LHP0300
SV03307,LHP0300
SV03320,LHP0300
SV03329,LHP0300
SV03333,LHP0300
SV03342,LHP0300
SV03347,LHP0300
SV03357,LHP0300
SV03361,LHP0300
SV03363,LHP0300
SV03375,LHP0300
SV03379,LHP0300
SV03390,LHP0300
SV03392,LHP0300
SV03394,LHP0300
SV03401,LHP0300
SV03402,LHP0300
SV03403,LHP0300
SV03405,LHP0300
SV03406,LHP0300
SV03410,LHP0300
SV03411,LHP0300
SV03412,LHP0300
SV03414,LHP0300
SV01792,LHP0301
SV01793,LHP0301
SV01794,LHP0301
SV01795,LHP0301
SV01796,LHP0301
SV01797,LHP0301
SV01798,LHP0301
SV01799,LHP0301
SV01800,LHP0301
SV01801,LHP0301
SV01802,LHP0301
SV01803,LHP0301
SV01804,LHP0301
SV01805,LHP0301
SV01806,LHP0301
SV01807,LHP0301
SV01808,LHP0301
SV01809,LHP0301
SV01810,LHP0301
SV01811,LHP0301
SV01812,LHP0301
SV01813,LHP0301
SV01814,LHP0301
SV01815,LHP0301
SV01816,LHP0301
SV01817,LHP0301
SV01818,LHP0301
SV01819,LHP0301
SV01820,LHP0301
SV01821,LHP0301
SV01822,LHP0301
SV01823,LHP0301
SV01824,LHP0301
SV01825,LHP0301
SV01826,LHP0301
SV01827,LHP0301
SV01828,LHP0301
SV01829,LHP0301
SV01830,LHP0301
SV01831,LHP0301
SV01832,LHP0301
SV01833,LHP0301
SV01834,LHP0301
SV01835,LHP0301
SV01836,LHP0301
SV01837,LHP0301
SV01838,LHP0301
SV01839,LHP0301
SV01840,LHP0301
SV01841,LHP0301
SV01842,LHP0301
SV01843,LHP0301
SV01844,LHP0301
SV01845,LHP0301
SV01846,LHP0301
SV01847,LHP0301
SV01848,LHP0301
SV01849,LHP0301
SV01850,LHP0301
SV01851,LHP0301
SV01852,LHP0301
SV01853,LHP0301
SV01854,LHP0301
SV01855,LHP0301
SV01856,LHP0301
SV01857,LHP0301
SV01858,LHP0301
SV01859,LHP0301
SV01860,LHP0301
SV01861,LHP0301
SV01862,LHP0301
SV01863,LHP0301
SV04214,LHP0302
SV04215,LHP0302
SV04216,LHP0302
SV04217,LHP0302
SV04218,LHP0302
SV04219,LHP0302
SV04220,LHP0302
SV04221,LHP0302
SV04222,LHP0302
SV04223,LHP0302
SV04224,LHP0302
SV04225,LHP0302
SV04226,LHP0302
SV04227,LHP0302
SV04228,LHP0302
SV04229,LHP0302
SV04230,LHP0302
SV04231,LHP0302
SV04232,LHP0302
SV04233,LHP0302
SV04234,LHP0302
SV04235,LHP0302
SV04236,LHP0302
SV04237,LHP0302
SV04238,LHP0302
SV04239,LHP0302
SV04240,LHP0302
SV04241,LHP0302
SV04242,LHP0302
SV04243,LHP0302
SV04244,LHP0302
SV04397,LHP0303
SV04398,LHP0303
SV04399,LHP0303
SV04400,LHP0303
SV04401,LHP0303
SV04402,LHP0303
SV04403,LHP0303
SV04404,LHP0303
SV04405,LHP0303
SV04406,LHP0303
SV04407,LHP0303
SV04408,LHP0303
SV04409,LHP0303
SV04410,LHP0303
SV04411,LHP0303
SV04412,LHP0303
SV04413,LHP0303
SV04414,LHP0303
SV04415,LHP0303
SV04416,LHP0303
SV04417,LHP0303
SV04418,LHP0303
SV04419,LHP0303
SV04420,LHP0303
SV04421,LHP0303
SV04422,LHP0303
SV04423,LHP0303
SV04424,LHP0303
SV04425,LHP0303
SV04426,LHP0303
SV04427,LHP0303
SV04428,LHP0303
SV04429,LHP0303
SV04430,LHP0303
SV04431,LHP0303
SV04432,LHP0303
SV04433,LHP0303
SV04434,LHP0303
SV02988,LHP0304
SV03005,LHP0304
SV03073,LHP0304
SV03092,LHP0304
SV03103,LHP0304
SV03107,LHP0304
SV03109,LHP0304
SV03119,LHP0304
SV03120,LHP0304
SV03121,LHP0304
SV03125,LHP0304
SV03127,LHP0304
SV03132,LHP0304
SV03140,LHP0304
SV03149,LHP0304
SV03153,LHP0304
SV03162,LHP0304
SV03163,LHP0304
SV03168,LHP0304
SV03188,LHP0304
SV03193,LHP0304
SV03201,LHP0304
SV03207,LHP0304
SV03242,LHP0304
SV03301,LHP0304
SV03385,LHP0304
SV03415,LHP0304
SV03416,LHP0304
SV03417,LHP0304
SV03418,LHP0304
SV03419,LHP0304
SV03420,LHP0304
SV03421,LHP0304
SV03422,LHP0304
SV03423,LHP0304
SV03424,LHP0304
SV03425,LHP0304
SV03426,LHP0304
SV03427,LHP0304
SV03428,LHP0304
SV03429,LHP0304
SV03430,LHP0304
SV03431,LHP0304
SV03432,LHP0304
SV03433,LHP0304
SV03434,LHP0304
SV03435,LHP0304
SV03436,LHP0304
SV03437,LHP0304
SV03438,LHP0304
SV03439,LHP0304
SV03440,LHP0304
SV03441,LHP0304
SV03442,LHP0304
SV03443,LHP0304
SV03444,LHP0304
SV03445,LHP0304
SV03446,LHP0304
SV03447,LHP0304
SV03448,LHP0304
SV03449,LHP0304
SV03450,LHP0304
SV03451,LHP0304
SV03452,LHP0304
SV03453,LHP0304
SV03454,LHP0304
SV01998,LHP0305
SV02008,LHP0305
SV02028,LHP0305
SV02031,LHP0305
SV02066,LHP0305
SV02067,LHP0305
SV02070,LHP0305
SV02083,LHP0305
SV02084,LHP0305
SV02085,LHP0305
SV02086,LHP0305
SV02087,LHP0305
SV02088,LHP0305
SV02089,LHP0305
SV02090,LHP0305
SV02091,LHP0305
SV02092,LHP0305
SV02093,LHP0305
SV02094,LHP0305
SV02095,LHP0305
SV02096,LHP0305
SV02097,LHP0305
SV02098,LHP0305
SV02099,LHP0305
SV02100,LHP0305
SV02101,LHP0305
SV02102,LHP0305
SV02103,LHP0305
SV02104,LHP0305
SV02105,LHP0305
SV02106,LHP0305
SV02107,LHP0305
SV02108,LHP0305
SV02109,LHP0305
SV02110,LHP0305
SV02111,LHP0305
SV02112,LHP0305
SV02113,LHP0305
SV02114,LHP0305
SV02116,LHP0305
SV02119,LHP0305
SV02120,LHP0305
SV02122,LHP0305
SV02123,LHP0305
SV02125,LHP0305
SV02126,LHP0305
SV02127,LHP0305
SV02128,LHP0305
SV02129,LHP0305
SV02130,LHP0305
SV02131,LHP0305
SV02132,LHP0305
SV02133,LHP0305
SV00011,LHP0306
SV00023,LHP0306
SV00027,LHP0306
SV00029,LHP0306
SV00036,LHP0306
SV00046,LHP0306
SV00047,LHP0306
SV00052,LHP0306
SV00058,LHP0306
SV00060,LHP0306
SV00070,LHP0306
SV00080,LHP0306
SV00082,LHP0306
SV00083,LHP0306
SV00085,LHP0306
SV00089,LHP0306
SV00090,LHP0306
SV00097,LHP0306
SV00098,LHP0306
SV00100,LHP0306
SV00102,LHP0306
SV00107,LHP0306
SV00110,LHP0306
SV00112,LHP0306
SV00113,LHP0306
SV00117,LHP0306
SV00122,LHP0306
SV00124,LHP0306
SV00125,LHP0306
SV00131,LHP0306
SV00133,LHP0306
SV00134,LHP0306
SV00136,LHP0306
SV00137,LHP0306
SV00139,LHP0306
SV00140,LHP0306
SV00141,LHP0306
SV00145,LHP0306
SV00149,LHP0306
SV00151,LHP0306
SV00155,LHP0306
SV00156,LHP0306
SV00160,LHP0306
SV00163,LHP0306
SV00166,LHP0306
SV00170,LHP0306
SV00172,LHP0306
SV00175,LHP0306
SV00180,LHP0306
SV00184,LHP0306
SV00187,LHP0306
SV00188,LHP0306
SV00190,LHP0306
SV00191,LHP0306
SV00192,LHP0306
SV02534,LHP0307
SV02536,LHP0307
SV02537,LHP0307
SV02538,LHP0307
SV02541,LHP0307
SV02542,LHP0307
SV02543,LHP0307
SV02544,LHP0307
SV02545,LHP0307
SV02547,LHP0307
SV02548,LHP0307
SV02550,LHP0307
SV02551,LHP0307
SV02552,LHP0307
SV02553,LHP0307
SV02554,LHP0307
SV02555,LHP0307
SV02556,LHP0307
SV02557,LHP0307
SV02558,LHP0307
SV02559,LHP0307
SV02560,LHP0307
SV02561,LHP0307
SV02562,LHP0307
SV02563,LHP0307
SV02564,LHP0307
SV02565,LHP0307
SV02566,LHP0307
SV02567,LHP0307
SV02568,LHP0307
SV02569,LHP0307
SV02570,LHP0307
SV02571,LHP0307
SV02572,LHP0307
SV02573,LHP0307
SV02574,LHP0307
SV02575,LHP0307
SV02576,LHP0307
SV02577,LHP0307
SV02578,LHP0307
SV02579,LHP0307
SV02580,LHP0307
SV02581,LHP0307
SV02582,LHP0307
SV02583,LHP0307
SV02663,LHP0307
SV02664,LHP0307
SV02665,LHP0307
SV02666,LHP0307
SV02667,LHP0307
SV02668,LHP0307
SV02669,LHP0307
SV02670,LHP0307
SV02671,LHP0307
SV02672,LHP0307
SV02673,LHP0307
SV02674,LHP0307
SV02675,LHP0307
SV02676,LHP0307
SV02677,LHP0307
SV02678,LHP0307
SV02679,LHP0307
SV02680,LHP0307
SV02681,LHP0307
SV02682,LHP0307
SV02683,LHP0307
SV02684,LHP0307
SV02685,LHP0307
SV02686,LHP0307
SV02687,LHP0307
SV02688,LHP0307
SV02689,LHP0307
SV02690,LHP0307
SV02691,LHP0307
SV02692,LHP0307
SV02693,LHP0307
SV02694,LHP0307
SV02019,LHP0308
SV02035,LHP0308
SV02040,LHP0308
SV02044,LHP0308
SV02048,LHP0308
SV02053,LHP0308
SV02054,LHP0308
SV02055,LHP0308
SV02061,LHP0308
SV02075,LHP0308
SV02082,LHP0308
SV02092,LHP0308
SV02103,LHP0308
SV02115,LHP0308
SV02134,LHP0308
SV02136,LHP0308
SV02137,LHP0308
SV02138,LHP0308
SV02139,LHP0308
SV02141,LHP0308
SV02142,LHP0308
SV02143,LHP0308
SV02144,LHP0308
SV02147,LHP0308
SV02148,LHP0308
SV02150,LHP0308
SV02151,LHP0308
SV02153,LHP0308
SV02154,LHP0308
SV02155,LHP0308
SV02156,LHP0308
SV02157,LHP0308
SV02158,LHP0308
SV02159,LHP0308
SV02162,LHP0308
SV02164,LHP0308
SV02167,LHP0308
SV02168,LHP0308
SV02169,LHP0308
SV02171,LHP0308
SV02173,LHP0308
SV02174,LHP0308
SV02175,LHP0308
SV02176,LHP0308
SV02177,LHP0308
SV02179,LHP0308
SV03868,LHP0309
SV03884,LHP0309
SV04040,LHP0309
SV04093,LHP0309
SV04125,LHP0309
SV04146,LHP0309
SV04149,LHP0309
SV04150,LHP0309
SV04174,LHP0309
SV04176,LHP0309
SV04178,LHP0309
SV04190,LHP0309
SV04191,LHP0309
SV04194,LHP0309
SV04195,LHP0309
SV04209,LHP0309
SV04213,LHP0309
SV04217,LHP0309
SV04225,LHP0309
SV04226,LHP0309
SV04231,LHP0309
SV04232,LHP0309
SV04234,LHP0309
SV04237,LHP0309
SV04238,LHP0309
SV04243,LHP0309
SV04246,LHP0309
SV04247,LHP0309
SV04249,LHP0309
SV04250,LHP0309
SV04253,LHP0309
SV04254,LHP0309
SV04256,LHP0309
SV04259,LHP0309
SV04264,LHP0309
SV04269,LHP0309
SV04275,LHP0309
SV04277,LHP0309
SV04281,LHP0309
SV04284,LHP0309
SV04285,LHP0309
SV04288,LHP0309
SV04291,LHP0309
SV04293,LHP0309
SV04298,LHP0309
SV04299,LHP0309
SV04300,LHP0309
SV04302,LHP0309
SV03639,LHP0310
SV03646,LHP0310
SV03715,LHP0310
SV03752,LHP0310
SV03766,LHP0310
SV03780,LHP0310
SV03797,LHP0310
SV03798,LHP0310
SV03849,LHP0310
SV03850,LHP0310
SV03854,LHP0310
SV03856,LHP0310
SV03861,LHP0310
SV03875,LHP0310
SV03876,LHP0310
SV03882,LHP0310
SV03892,LHP0310
SV03893,LHP0310
SV03895,LHP0310
SV03905,LHP0310
SV03925,LHP0310
SV03927,LHP0310
SV03931,LHP0310
SV03941,LHP0310
SV03949,LHP0310
SV03962,LHP0310
SV03964,LHP0310
SV03989,LHP0310
SV03995,LHP0310
SV03999,LHP0310
SV04005,LHP0310
SV04014,LHP0310
SV04024,LHP0310
SV04051,LHP0310
SV02509,LHP0311
SV02510,LHP0311
SV02532,LHP0311
SV02562,LHP0311
SV02565,LHP0311
SV02567,LHP0311
SV02568,LHP0311
SV02570,LHP0311
SV02572,LHP0311
SV02574,LHP0311
SV02575,LHP0311
SV02584,LHP0311
SV02585,LHP0311
SV02597,LHP0311
SV02598,LHP0311
SV02601,LHP0311
SV02605,LHP0311
SV02607,LHP0311
SV02615,LHP0311
SV02617,LHP0311
SV02618,LHP0311
SV02621,LHP0311
SV02626,LHP0311
SV02633,LHP0311
SV02641,LHP0311
SV02645,LHP0311
SV02648,LHP0311
SV02650,LHP0311
SV02652,LHP0311
SV02656,LHP0311
SV02658,LHP0311
SV02666,LHP0311
SV02668,LHP0311
SV02669,LHP0311
SV02670,LHP0311
SV02674,LHP0311
SV02680,LHP0311
SV02690,LHP0311
SV02697,LHP0311
SV02699,LHP0311
SV02700,LHP0311
SV02704,LHP0311
SV02707,LHP0311
SV02710,LHP0311
SV02722,LHP0311
SV02727,LHP0311
SV02730,LHP0311
SV02731,LHP0311
SV02732,LHP0311
SV02740,LHP0311
SV02744,LHP0311
SV02755,LHP0311
SV02760,LHP0311
SV02762,LHP0311
SV02764,LHP0311
SV02772,LHP0311
SV02775,LHP0311
SV02776,LHP0311
SV02787,LHP0311
SV02791,LHP0311
SV02798,LHP0311
SV02801,LHP0311
SV02804,LHP0311
SV02807,LHP0311
SV02808,LHP0311
SV02811,LHP0311
SV02813,LHP0311
SV02817,LHP0311
SV02821,LHP0311
SV02823,LHP0311
SV02833,LHP0311
SV02838,LHP0311
SV02842,LHP0311
SV03046,LHP0312
SV03156,LHP0312
SV03174,LHP0312
SV03209,LHP0312
SV03257,LHP0312
SV03710,LHP0312
SV03711,LHP0312
SV03712,LHP0312
SV03713,LHP0312
SV03714,LHP0312
SV03715,LHP0312
SV03716,LHP0312
SV03717,LHP0312
SV03718,LHP0312
SV03719,LHP0312
SV03720,LHP0312
SV03721,LHP0312
SV03722,LHP0312
SV03723,LHP0312
SV03724,LHP0312
SV03725,LHP0312
SV03726,LHP0312
SV03727,LHP0312
SV03729,LHP0312
SV03730,LHP0312
SV03731,LHP0312
SV03732,LHP0312
SV03734,LHP0312
SV03737,LHP0312
SV03738,LHP0312
SV03739,LHP0312
SV03740,LHP0312
SV03741,LHP0312
SV03742,LHP0312
SV03743,LHP0312
SV03744,LHP0312
SV03745,LHP0312
SV03746,LHP0312
SV03747,LHP0312
SV03748,LHP0312
SV03749,LHP0312
SV03750,LHP0312
SV03751,LHP0312
SV03752,LHP0312
SV03753,LHP0312
SV03755,LHP0312
SV03756,LHP0312
SV03757,LHP0312
SV03760,LHP0312
SV03761,LHP0312
SV03763,LHP0312
SV03764,LHP0312
SV03765,LHP0312
SV03766,LHP0312
SV03767,LHP0312
SV03768,LHP0312
SV03769,LHP0312
SV03770,LHP0312
SV03771,LHP0312
SV03773,LHP0312
SV03776,LHP0312
SV03777,LHP0312
SV03778,LHP0312
SV03779,LHP0312
SV03780,LHP0312
SV02496,LHP0313
SV02520,LHP0313
SV02525,LHP0313
SV02534,LHP0313
SV02542,LHP0313
SV02555,LHP0313
SV02557,LHP0313
SV02560,LHP0313
SV02568,LHP0313
SV02569,LHP0313
SV02571,LHP0313
SV02575,LHP0313
SV02577,LHP0313
SV02585,LHP0313
SV02588,LHP0313
SV02593,LHP0313
SV02594,LHP0313
SV02598,LHP0313
SV02602,LHP0313
SV02612,LHP0313
SV02616,LHP0313
SV02618,LHP0313
SV02619,LHP0313
SV02623,LHP0313
SV02625,LHP0313
SV02627,LHP0313
SV02631,LHP0313
SV02640,LHP0313
SV02642,LHP0313
SV02648,LHP0313
SV02649,LHP0313
SV02655,LHP0313
SV02659,LHP0313
SV02662,LHP0313
SV02664,LHP0313
SV02667,LHP0313
SV02668,LHP0313
SV02671,LHP0313
SV02677,LHP0313
SV02679,LHP0313
SV02686,LHP0313
SV02690,LHP0313
SV02711,LHP0313
SV02713,LHP0313
SV02717,LHP0313
SV02735,LHP0313
SV02737,LHP0313
SV02742,LHP0313
SV02744,LHP0313
SV02749,LHP0313
SV02751,LHP0313
SV02754,LHP0313
SV02764,LHP0313
SV02767,LHP0313
SV02768,LHP0313
SV02777,LHP0313
SV02779,LHP0313
SV02786,LHP0313
SV02789,LHP0313
SV02791,LHP0313
SV02793,LHP0313
SV02794,LHP0313
SV02795,LHP0313
SV02800,LHP0313
SV02801,LHP0313
SV02809,LHP0313
SV02811,LHP0313
SV02813,LHP0313
SV02816,LHP0313
SV02817,LHP0313
SV02818,LHP0313
SV02820,LHP0313
SV02821,LHP0313
SV02822,LHP0313
SV02825,LHP0313
SV02831,LHP0313
SV02834,LHP0313
SV02839,LHP0313
SV02843,LHP0313
SV02845,LHP0313
SV01338,LHP0314
SV01339,LHP0314
SV01341,LHP0314
SV01343,LHP0314
SV01344,LHP0314
SV01346,LHP0314
SV01349,LHP0314
SV01350,LHP0314
SV01352,LHP0314
SV01353,LHP0314
SV01354,LHP0314
SV01355,LHP0314
SV01358,LHP0314
SV01359,LHP0314
SV01360,LHP0314
SV01363,LHP0314
SV01366,LHP0314
SV01368,LHP0314
SV01376,LHP0314
SV01377,LHP0314
SV01378,LHP0314
SV01380,LHP0314
SV01381,LHP0314
SV01382,LHP0314
SV01384,LHP0314
SV01386,LHP0314
SV01387,LHP0314
SV01388,LHP0314
SV01389,LHP0314
SV01391,LHP0314
SV01392,LHP0314
SV01393,LHP0314
SV01395,LHP0314
SV01398,LHP0314
SV01400,LHP0314
SV01401,LHP0314
SV01402,LHP0314
SV01404,LHP0314
SV01405,LHP0314
SV01406,LHP0314
SV01407,LHP0314
SV01408,LHP0314
SV01411,LHP0314
SV01417,LHP0314
SV01418,LHP0314
SV02561,LHP0315
SV02571,LHP0315
SV02572,LHP0315
SV02574,LHP0315
SV02575,LHP0315
SV02579,LHP0315
SV02581,LHP0315
SV02585,LHP0315
SV02590,LHP0315
SV02591,LHP0315
SV02593,LHP0315
SV02598,LHP0315
SV02599,LHP0315
SV02601,LHP0315
SV02603,LHP0315
SV02605,LHP0315
SV02606,LHP0315
SV02608,LHP0315
SV02610,LHP0315
SV02611,LHP0315
SV02612,LHP0315
SV02614,LHP0315
SV02616,LHP0315
SV02618,LHP0315
SV02622,LHP0315
SV02623,LHP0315
SV02631,LHP0315
SV02633,LHP0315
SV02636,LHP0315
SV02638,LHP0315
SV02639,LHP0315
SV02640,LHP0315
SV02641,LHP0315
SV02643,LHP0315
SV02644,LHP0315
SV02646,LHP0315
SV02649,LHP0315
SV02653,LHP0315
SV02654,LHP0315
SV02655,LHP0315
SV02656,LHP0315
SV02657,LHP0315
SV02658,LHP0315
SV02660,LHP0315
SV02662,LHP0315
SV02664,LHP0315
SV02668,LHP0315
SV02670,LHP0315
SV02672,LHP0315
SV02673,LHP0315
SV02675,LHP0315
SV02676,LHP0315
SV02677,LHP0315
SV02679,LHP0315
SV02681,LHP0315
SV02686,LHP0315
SV02687,LHP0315
SV02688,LHP0315
SV02690,LHP0315
SV01688,LHP0316
SV01695,LHP0316
SV01701,LHP0316
SV01706,LHP0316
SV01709,LHP0316
SV01714,LHP0316
SV01721,LHP0316
SV01729,LHP0316
SV01744,LHP0316
SV01791,LHP0316
SV01792,LHP0316
SV01794,LHP0316
SV01795,LHP0316
SV01796,LHP0316
SV01797,LHP0316
SV01802,LHP0316
SV01803,LHP0316
SV01805,LHP0316
SV01806,LHP0316
SV01813,LHP0316
SV01822,LHP0316
SV01823,LHP0316
SV01824,LHP0316
SV01829,LHP0316
SV01833,LHP0316
SV01840,LHP0316
SV01841,LHP0316
SV01844,LHP0316
SV01848,LHP0316
SV01850,LHP0316
SV01854,LHP0316
SV01855,LHP0316
SV01860,LHP0316
SV01862,LHP0316
SV03141,LHP0317
SV03449,LHP0317
SV03467,LHP0317
SV03499,LHP0317
SV03548,LHP0317
SV03572,LHP0317
SV03585,LHP0317
SV03610,LHP0317
SV03620,LHP0317
SV03624,LHP0317
SV03631,LHP0317
SV03640,LHP0317
SV03670,LHP0317
SV03680,LHP0317
SV03716,LHP0317
SV03739,LHP0317
SV03754,LHP0317
SV03779,LHP0317
SV03797,LHP0317
SV03803,LHP0317
SV03820,LHP0317
SV03838,LHP0317
SV03841,LHP0317
SV03848,LHP0317
SV03851,LHP0317
SV03874,LHP0317
SV03877,LHP0317
SV03889,LHP0317
SV03896,LHP0317
SV03897,LHP0317
SV03898,LHP0317
SV03899,LHP0317
SV03906,LHP0317
SV03908,LHP0317
SV03911,LHP0317
SV03914,LHP0317
SV03915,LHP0317
SV03926,LHP0317
SV03931,LHP0317
SV03933,LHP0317
SV03938,LHP0317
SV03940,LHP0317
SV03945,LHP0317
SV03947,LHP0317
SV03951,LHP0317
SV03953,LHP0317
SV03954,LHP0317
SV03956,LHP0317
SV03958,LHP0317
SV03963,LHP0317
SV03964,LHP0317
SV03973,LHP0317
SV03979,LHP0317
SV03981,LHP0317
SV03982,LHP0317
SV03990,LHP0317
SV02304,LHP0318
SV02307,LHP0318
SV02310,LHP0318
SV02318,LHP0318
SV02319,LHP0318
SV02332,LHP0318
SV02338,LHP0318
SV02339,LHP0318
SV02340,LHP0318
SV02343,LHP0318
SV02347,LHP0318
SV02349,LHP0318
SV02352,LHP0318
SV02353,LHP0318
SV02355,LHP0318
SV02356,LHP0318
SV02358,LHP0318
SV02359,LHP0318
SV02360,LHP0318
SV02361,LHP0318
SV02362,LHP0318
SV02363,LHP0318
SV02364,LHP0318
SV02366,LHP0318
SV02367,LHP0318
SV02368,LHP0318
SV02369,LHP0318
SV02372,LHP0318
SV02373,LHP0318
SV02374,LHP0318
SV02375,LHP0318
SV02377,LHP0318
SV02380,LHP0318
SV02381,LHP0318
SV02383,LHP0318
SV02384,LHP0318
SV02385,LHP0318
SV02386,LHP0318
SV02387,LHP0318
SV02388,LHP0318
SV02390,LHP0318
SV02391,LHP0318
SV02392,LHP0318
SV02393,LHP0318
SV02394,LHP0318
SV02395,LHP0318
SV02396,LHP0318
SV02397,LHP0318
SV02398,LHP0318
SV02399,LHP0318
SV02400,LHP0318
SV02401,LHP0318
SV02402,LHP0318
SV02403,LHP0318
SV02404,LHP0318
SV02406,LHP0318
SV02407,LHP0318
SV02408,LHP0318
SV02410,LHP0318
SV02411,LHP0318
SV02412,LHP0318
SV02413,LHP0318
SV02414,LHP0318
SV02415,LHP0318
SV02416,LHP0318
SV02417,LHP0318
SV02418,LHP0318
SV02419,LHP0318
SV02420,LHP0318
SV02421,LHP0318
SV02422,LHP0318
SV01083,LHP0319
SV01086,LHP0319
SV01096,LHP0319
SV01103,LHP0319
SV01105,LHP0319
SV01108,LHP0319
SV01109,LHP0319
SV01116,LHP0319
SV01120,LHP0319
SV01121,LHP0319
SV01122,LHP0319
SV01123,LHP0319
SV01124,LHP0319
SV01125,LHP0319
SV01126,LHP0319
SV01127,LHP0319
SV01128,LHP0319
SV01129,LHP0319
SV01130,LHP0319
SV01131,LHP0319
SV01132,LHP0319
SV01133,LHP0319
SV01134,LHP0319
SV01135,LHP0319
SV01136,LHP0319
SV01137,LHP0319
SV01138,LHP0319
SV01139,LHP0319
SV01140,LHP0319
SV01141,LHP0319
SV01142,LHP0319
SV01143,LHP0319
SV01144,LHP0319
SV01145,LHP0319
SV01146,LHP0319
SV01147,LHP0319
SV01148,LHP0319
SV01149,LHP0319
SV01150,LHP0319
SV01151,LHP0319
SV01152,LHP0319
SV01153,LHP0319
SV01154,LHP0319
SV01155,LHP0319
SV01156,LHP0319
SV01157,LHP0319
SV01158,LHP0319
SV01159,LHP0319
SV01160,LHP0319
SV01161,LHP0319
SV01162,LHP0319
SV01163,LHP0319
SV01164,LHP0319
SV01165,LHP0319
SV01166,LHP0319
SV01167,LHP0319
SV01168,LHP0319
SV01169,LHP0319
SV01170,LHP0319
SV01171,LHP0319
SV01172,LHP0319
SV01173,LHP0319
SV01174,LHP0319
SV01175,LHP0319
SV01176,LHP0319
SV01177,LHP0319
SV01178,LHP0319
SV01179,LHP0319
SV01180,LHP0319
SV01181,LHP0319
SV01182,LHP0319
SV01183,LHP0319
SV01184,LHP0319
SV01185,LHP0319
SV01186,LHP0319
SV01187,LHP0319
SV01188,LHP0319
SV01189,LHP0319
SV01190,LHP0319
SV02557,LHP0320
SV02559,LHP0320
SV02585,LHP0320
SV02588,LHP0320
SV02595,LHP0320
SV02605,LHP0320
SV02763,LHP0320
SV02771,LHP0320
SV02860,LHP0320
SV02861,LHP0320
SV02876,LHP0320
SV02900,LHP0320
SV02901,LHP0320
SV02918,LHP0320
SV02921,LHP0320
SV02923,LHP0320
SV02926,LHP0320
SV02940,LHP0320
SV02942,LHP0320
SV02951,LHP0320
SV02952,LHP0320
SV02960,LHP0320
SV02976,LHP0320
SV02988,LHP0320
SV02991,LHP0320
SV03000,LHP0320
SV03001,LHP0320
SV03005,LHP0320
SV03007,LHP0320
SV03010,LHP0320
SV03015,LHP0320
SV03019,LHP0320
SV03023,LHP0320
SV03028,LHP0320
SV03033,LHP0320
SV03034,LHP0320
SV03035,LHP0320
SV03036,LHP0320
SV03057,LHP0320
SV03070,LHP0320
SV03072,LHP0320
SV03073,LHP0320
SV03077,LHP0320
SV03080,LHP0320
SV03081,LHP0320
SV03083,LHP0320
SV03084,LHP0320
SV03085,LHP0320
SV03087,LHP0320
SV03092,LHP0320
SV03093,LHP0320
SV03099,LHP0320
SV03100,LHP0320
SV03103,LHP0320
SV03105,LHP0320
SV03106,LHP0320
SV03111,LHP0320
SV01239,LHP0321
SV01259,LHP0321
SV01283,LHP0321
SV01284,LHP0321
SV01292,LHP0321
SV01293,LHP0321
SV01301,LHP0321
SV01305,LHP0321
SV01318,LHP0321
SV01322,LHP0321
SV01323,LHP0321
SV01324,LHP0321
SV01327,LHP0321
SV01328,LHP0321
SV01329,LHP0321
SV01330,LHP0321
SV01331,LHP0321
SV01333,LHP0321
SV01336,LHP0321
SV01337,LHP0321
SV01338,LHP0321
SV01339,LHP0321
SV01340,LHP0321
SV01342,LHP0321
SV01343,LHP0321
SV01344,LHP0321
SV01345,LHP0321
SV01346,LHP0321
SV01352,LHP0321
SV01353,LHP0321
SV01354,LHP0321
SV01355,LHP0321
SV01356,LHP0321
SV01357,LHP0321
SV01359,LHP0321
SV01360,LHP0321
SV01362,LHP0321
SV01363,LHP0321
SV01364,LHP0321
SV03221,LHP0322
SV03239,LHP0322
SV03362,LHP0322
SV03381,LHP0322
SV03454,LHP0322
SV03463,LHP0322
SV03534,LHP0322
SV03551,LHP0322
SV03557,LHP0322
SV03563,LHP0322
SV03610,LHP0322
SV03615,LHP0322
SV03617,LHP0322
SV03637,LHP0322
SV03670,LHP0322
SV03677,LHP0322
SV03683,LHP0322
SV03712,LHP0322
SV03713,LHP0322
SV03717,LHP0322
SV03732,LHP0322
SV03752,LHP0322
SV03766,LHP0322
SV03770,LHP0322
SV03772,LHP0322
SV03781,LHP0322
SV03782,LHP0322
SV03825,LHP0322
SV03835,LHP0322
SV03843,LHP0322
SV03844,LHP0322
SV03850,LHP0322
SV03851,LHP0322
SV03854,LHP0322
SV03855,LHP0322
SV03865,LHP0322
SV03881,LHP0322
SV03886,LHP0322
SV03898,LHP0322
SV03901,LHP0322
SV03907,LHP0322
SV03922,LHP0322
SV03925,LHP0322
SV03926,LHP0322
SV03934,LHP0322
SV03935,LHP0322
SV03939,LHP0322
SV03949,LHP0322
SV03958,LHP0322
SV03971,LHP0322
SV03975,LHP0322
SV03977,LHP0322
SV00161,LHP0323
SV00240,LHP0323
SV00346,LHP0323
SV00377,LHP0323
SV00426,LHP0323
SV00448,LHP0323
SV00452,LHP0323
SV00457,LHP0323
SV00507,LHP0323
SV00516,LHP0323
SV00517,LHP0323
SV00524,LHP0323
SV00527,LHP0323
SV00528,LHP0323
SV00529,LHP0323
SV00530,LHP0323
SV00535,LHP0323
SV00544,LHP0323
SV00548,LHP0323
SV00552,LHP0323
SV00553,LHP0323
SV00573,LHP0323
SV00576,LHP0323
SV00578,LHP0323
SV00580,LHP0323
SV00582,LHP0323
SV00583,LHP0323
SV00584,LHP0323
SV00586,LHP0323
SV00589,LHP0323
SV00595,LHP0323
SV00600,LHP0323
SV00601,LHP0323
SV00603,LHP0323
SV00605,LHP0323
SV00608,LHP0323
SV00614,LHP0323
SV00616,LHP0323
SV00618,LHP0323
SV00620,LHP0323
SV00622,LHP0323
SV00623,LHP0323
SV00629,LHP0323
SV00632,LHP0323
SV00634,LHP0323
SV00635,LHP0323
SV03021,LHP0324
SV03338,LHP0324
SV03409,LHP0324
SV03416,LHP0324
SV03419,LHP0324
SV03467,LHP0324
SV03470,LHP0324
SV03474,LHP0324
SV03479,LHP0324
SV03480,LHP0324
SV03482,LHP0324
SV03484,LHP0324
SV03485,LHP0324
SV03488,LHP0324
SV03489,LHP0324
SV03490,LHP0324
SV03492,LHP0324
SV03495,LHP0324
SV03496,LHP0324
SV03499,LHP0324
SV03501,LHP0324
SV03504,LHP0324
SV03506,LHP0324
SV03507,LHP0324
SV03508,LHP0324
SV03509,LHP0324
SV03511,LHP0324
SV03512,LHP0324
SV03517,LHP0324
SV03519,LHP0324
SV03520,LHP0324
SV03524,LHP0324
SV03525,LHP0324
SV03528,LHP0324
SV03536,LHP0324
SV03540,LHP0324
SV03543,LHP0324
SV03545,LHP0324
SV03552,LHP0324
SV03555,LHP0324
SV03568,LHP0324
SV03573,LHP0324
SV03581,LHP0324
SV03592,LHP0324
SV03594,LHP0324
SV03597,LHP0324
SV03600,LHP0324
SV03603,LHP0324
SV03604,LHP0324
SV03605,LHP0324
SV03606,LHP0324
SV03607,LHP0324
SV03614,LHP0324
SV03615,LHP0324
SV03616,LHP0324
SV03620,LHP0324
SV03623,LHP0324
SV03625,LHP0324
SV03626,LHP0324
SV03627,LHP0324
SV03629,LHP0324
SV03630,LHP0324
SV03635,LHP0324
SV03640,LHP0324
SV03641,LHP0324
SV03645,LHP0324
SV03653,LHP0324
SV03655,LHP0324
SV03658,LHP0324
SV02138,LHP0325
SV02159,LHP0325
SV02181,LHP0325
SV02184,LHP0325
SV02188,LHP0325
SV02190,LHP0325
SV02194,LHP0325
SV02196,LHP0325
SV02210,LHP0325
SV02220,LHP0325
SV02226,LHP0325
SV02231,LHP0325
SV02232,LHP0325
SV02236,LHP0325
SV02237,LHP0325
SV02240,LHP0325
SV02241,LHP0325
SV02243,LHP0325
SV02244,LHP0325
SV02245,LHP0325
SV02246,LHP0325
SV02251,LHP0325
SV02252,LHP0325
SV02254,LHP0325
SV02255,LHP0325
SV02256,LHP0325
SV02258,LHP0325
SV02259,LHP0325
SV02261,LHP0325
SV02263,LHP0325
SV02267,LHP0325
SV02270,LHP0325
SV02271,LHP0325
SV02272,LHP0325
SV02274,LHP0325
SV02275,LHP0325
SV02276,LHP0325
SV02280,LHP0325
SV02283,LHP0325
SV02531,LHP0326
SV02542,LHP0326
SV02560,LHP0326
SV02590,LHP0326
SV02593,LHP0326
SV02594,LHP0326
SV02597,LHP0326
SV02601,LHP0326
SV02628,LHP0326
SV02632,LHP0326
SV02686,LHP0326
SV02689,LHP0326
SV02710,LHP0326
SV02717,LHP0326
SV02761,LHP0326
SV02798,LHP0326
SV02811,LHP0326
SV02847,LHP0326
SV02849,LHP0326
SV02876,LHP0326
SV02883,LHP0326
SV02892,LHP0326
SV02894,LHP0326
SV02895,LHP0326
SV02901,LHP0326
SV02904,LHP0326
SV02905,LHP0326
SV02914,LHP0326
SV02919,LHP0326
SV02920,LHP0326
SV02921,LHP0326
SV02927,LHP0326
SV02934,LHP0326
SV02935,LHP0326
SV02941,LHP0326
SV02953,LHP0326
SV02954,LHP0326
SV02961,LHP0326
SV02964,LHP0326
SV02967,LHP0326
SV02970,LHP0326
SV02971,LHP0326
SV02972,LHP0326
SV02973,LHP0326
SV02976,LHP0326
SV02978,LHP0326
SV02981,LHP0326
SV02985,LHP0326
SV02987,LHP0326
SV02989,LHP0326
SV02993,LHP0326
SV02995,LHP0326
SV02997,LHP0326
SV03001,LHP0326
SV03003,LHP0326
SV03008,LHP0326
SV03009,LHP0326
SV03011,LHP0326
SV03016,LHP0326
SV03025,LHP0326
SV03028,LHP0326
SV03032,LHP0326
SV03034,LHP0326
SV03041,LHP0326
SV03044,LHP0326
SV03045,LHP0326
SV00509,LHP0327
SV00528,LHP0327
SV00550,LHP0327
SV00587,LHP0327
SV00588,LHP0327
SV00602,LHP0327
SV00606,LHP0327
SV00609,LHP0327
SV00638,LHP0327
SV00643,LHP0327
SV00659,LHP0327
SV00677,LHP0327
SV00681,LHP0327
SV00688,LHP0327
SV00698,LHP0327
SV00700,LHP0327
SV00716,LHP0327
SV00730,LHP0327
SV00732,LHP0327
SV00733,LHP0327
SV00738,LHP0327
SV00753,LHP0327
SV00756,LHP0327
SV00770,LHP0327
SV00772,LHP0327
SV00780,LHP0327
SV00781,LHP0327
SV00783,LHP0327
SV00791,LHP0327
SV00793,LHP0327
SV00794,LHP0327
SV00803,LHP0327
SV00805,LHP0327
SV00807,LHP0327
SV00815,LHP0327
SV00822,LHP0327
SV00823,LHP0327
SV00827,LHP0327
SV00829,LHP0327
SV00832,LHP0327
SV00839,LHP0327
SV00844,LHP0327
SV00847,LHP0327
SV00851,LHP0327
SV00856,LHP0327
SV00857,LHP0327
SV04279,LHP0328
SV04350,LHP0328
SV04359,LHP0328
SV04360,LHP0328
SV04371,LHP0328
SV04372,LHP0328
SV04375,LHP0328
SV04388,LHP0328
SV04391,LHP0328
SV04397,LHP0328
SV04402,LHP0328
SV04407,LHP0328
SV04412,LHP0328
SV04415,LHP0328
SV04437,LHP0328
SV04440,LHP0328
SV04441,LHP0328
SV04448,LHP0328
SV04458,LHP0328
SV04466,LHP0328
SV04467,LHP0328
SV04468,LHP0328
SV04471,LHP0328
SV04473,LHP0328
SV04482,LHP0328
SV04483,LHP0328
SV04484,LHP0328
SV04486,LHP0328
SV04487,LHP0328
SV04491,LHP0328
SV04497,LHP0328
SV04501,LHP0328
SV04502,LHP0328
SV04503,LHP0328
SV04508,LHP0328
SV04512,LHP0328
SV04514,LHP0328
SV04520,LHP0328
SV04525,LHP0328
SV04528,LHP0328
SV04531,LHP0328
SV04535,LHP0328
SV04536,LHP0328
SV04537,LHP0328
SV04538,LHP0328
SV04547,LHP0328
SV04554,LHP0328
SV04557,LHP0328
SV04565,LHP0328
SV04589,LHP0328
SV04594,LHP0328
SV04596,LHP0328
SV04597,LHP0328
SV04599,LHP0328
SV04600,LHP0328
SV04603,LHP0328
SV04609,LHP0328
SV04613,LHP0328
SV04614,LHP0328
SV04615,LHP0328
SV04618,LHP0328
SV02138,LHP0329
SV02148,LHP0329
SV02218,LHP0329
SV02227,LHP0329
SV02228,LHP0329
SV02229,LHP0329
SV02230,LHP0329
SV02231,LHP0329
SV02232,LHP0329
SV02233,LHP0329
SV02234,LHP0329
SV02235,LHP0329
SV02236,LHP0329
SV02237,LHP0329
SV02238,LHP0329
SV02239,LHP0329
SV02240,LHP0329
SV02241,LHP0329
SV02242,LHP0329
SV02243,LHP0329
SV02244,LHP0329
SV02245,LHP0329
SV02246,LHP0329
SV02247,LHP0329
SV02248,LHP0329
SV02249,LHP0329
SV02250,LHP0329
SV02251,LHP0329
SV02252,LHP0329
SV02253,LHP0329
SV02254,LHP0329
SV02255,LHP0329
SV02256,LHP0329
SV02257,LHP0329
SV02258,LHP0329
SV02259,LHP0329
SV02260,LHP0329
SV02261,LHP0329
SV02262,LHP0329
SV02263,LHP0329
SV02264,LHP0329
SV02265,LHP0329
SV02266,LHP0329
SV02267,LHP0329
SV02268,LHP0329
SV02269,LHP0329
SV02270,LHP0329
SV02271,LHP0329
SV02272,LHP0329
SV02273,LHP0329
SV02274,LHP0329
SV02275,LHP0329
SV02276,LHP0329
SV02277,LHP0329
SV02278,LHP0329
SV02279,LHP0329
SV02280,LHP0329
SV02281,LHP0329
SV02282,LHP0329
SV02283,LHP0329
SV01431,LHP0330
SV01441,LHP0330
SV01442,LHP0330
SV01453,LHP0330
SV01456,LHP0330
SV01546,LHP0330
SV01559,LHP0330
SV01575,LHP0330
SV01579,LHP0330
SV01589,LHP0330
SV01594,LHP0330
SV01599,LHP0330
SV01605,LHP0330
SV01607,LHP0330
SV01614,LHP0330
SV01615,LHP0330
SV01619,LHP0330
SV01623,LHP0330
SV01625,LHP0330
SV01627,LHP0330
SV01631,LHP0330
SV01639,LHP0330
SV01640,LHP0330
SV01643,LHP0330
SV01645,LHP0330
SV01653,LHP0330
SV01657,LHP0330
SV01658,LHP0330
SV01659,LHP0330
SV01664,LHP0330
SV01668,LHP0330
SV01670,LHP0330
SV01671,LHP0330
SV01673,LHP0330
SV00539,LHP0331
SV00552,LHP0331
SV00743,LHP0331
SV00746,LHP0331
SV00762,LHP0331
SV00764,LHP0331
SV00766,LHP0331
SV00771,LHP0331
SV00774,LHP0331
SV00780,LHP0331
SV00788,LHP0331
SV00806,LHP0331
SV00828,LHP0331
SV00836,LHP0331
SV00876,LHP0331
SV00890,LHP0331
SV00892,LHP0331
SV00907,LHP0331
SV00908,LHP0331
SV00909,LHP0331
SV00927,LHP0331
SV00928,LHP0331
SV00933,LHP0331
SV00939,LHP0331
SV00941,LHP0331
SV00946,LHP0331
SV00951,LHP0331
SV00952,LHP0331
SV00955,LHP0331
SV00957,LHP0331
SV00960,LHP0331
SV00961,LHP0331
SV00965,LHP0331
SV00966,LHP0331
SV00971,LHP0331
SV00977,LHP0331
SV00978,LHP0331
SV00982,LHP0331
SV00985,LHP0331
SV00994,LHP0331
SV00995,LHP0331
SV00996,LHP0331
SV01000,LHP0331
SV00362,LHP0332
SV00370,LHP0332
SV00377,LHP0332
SV00383,LHP0332
SV00398,LHP0332
SV00408,LHP0332
SV00416,LHP0332
SV00417,LHP0332
SV00423,LHP0332
SV00425,LHP0332
SV00426,LHP0332
SV00427,LHP0332
SV00429,LHP0332
SV00430,LHP0332
SV00433,LHP0332
SV00435,LHP0332
SV00436,LHP0332
SV00438,LHP0332
SV00440,LHP0332
SV00443,LHP0332
SV00444,LHP0332
SV00445,LHP0332
SV00454,LHP0332
SV00455,LHP0332
SV00456,LHP0332
SV00457,LHP0332
SV00464,LHP0332
SV00466,LHP0332
SV00475,LHP0332
SV00489,LHP0332
SV00490,LHP0332
SV00495,LHP0332
SV00499,LHP0332
SV00500,LHP0332
SV00501,LHP0332
SV00505,LHP0332
SV00508,LHP0332
SV00510,LHP0332
SV00512,LHP0332
SV00513,LHP0332
SV00517,LHP0332
SV00519,LHP0332
SV00520,LHP0332
SV00521,LHP0332
SV00522,LHP0332
SV00523,LHP0332
SV00524,LHP0332
SV00525,LHP0332
SV00528,LHP0332
SV00529,LHP0332
SV00532,LHP0332
SV00533,LHP0332
SV00534,LHP0332
SV00535,LHP0332
SV00537,LHP0332
SV00540,LHP0332
SV00541,LHP0332
SV00544,LHP0332
SV00546,LHP0332
SV00547,LHP0332
SV00548,LHP0332
SV00549,LHP0332
SV00552,LHP0332
SV00553,LHP0332
SV00554,LHP0332
SV00555,LHP0332
SV00556,LHP0332
SV00557,LHP0332
SV00558,LHP0332
SV00561,LHP0332
SV00562,LHP0332
SV00563,LHP0332
SV00566,LHP0332
SV00567,LHP0332
SV00570,LHP0332
SV00571,LHP0332
SV03297,LHP0333
SV03521,LHP0333
SV03841,LHP0333
SV03868,LHP0333
SV03870,LHP0333
SV03874,LHP0333
SV03880,LHP0333
SV03913,LHP0333
SV03914,LHP0333
SV03932,LHP0333
SV03944,LHP0333
SV03951,LHP0333
SV03952,LHP0333
SV04035,LHP0333
SV04048,LHP0333
SV04053,LHP0333
SV04084,LHP0333
SV04091,LHP0333
SV04092,LHP0333
SV04106,LHP0333
SV04109,LHP0333
SV04111,LHP0333
SV04116,LHP0333
SV04129,LHP0333
SV04134,LHP0333
SV04136,LHP0333
SV04143,LHP0333
SV04144,LHP0333
SV04145,LHP0333
SV04154,LHP0333
SV04156,LHP0333
SV04157,LHP0333
SV04160,LHP0333
SV04162,LHP0333
SV04167,LHP0333
SV04169,LHP0333
SV04172,LHP0333
SV04177,LHP0333
SV04179,LHP0333
SV04182,LHP0333
SV04183,LHP0333
SV04184,LHP0333
SV04185,LHP0333
SV04189,LHP0333
SV04194,LHP0333
SV04195,LHP0333
SV04199,LHP0333
SV04207,LHP0333
SV04211,LHP0333
SV04212,LHP0333
SV04218,LHP0333
SV04221,LHP0333
SV04225,LHP0333
SV04226,LHP0333
SV04230,LHP0333
SV04232,LHP0333
SV04233,LHP0333
SV04237,LHP0333
SV04239,LHP0333
SV04240,LHP0333
SV04241,LHP0333
SV04242,LHP0333
SV00559,LHP0334
SV00574,LHP0334
SV00608,LHP0334
SV00613,LHP0334
SV00638,LHP0334
SV00648,LHP0334
SV00670,LHP0334
SV00674,LHP0334
SV00676,LHP0334
SV00677,LHP0334
SV00719,LHP0334
SV00727,LHP0334
SV00734,LHP0334
SV00744,LHP0334
SV00747,LHP0334
SV00750,LHP0334
SV00753,LHP0334
SV00760,LHP0334
SV00762,LHP0334
SV00770,LHP0334
SV00771,LHP0334
SV00779,LHP0334
SV00781,LHP0334
SV00784,LHP0334
SV00791,LHP0334
SV00793,LHP0334
SV00795,LHP0334
SV00801,LHP0334
SV00804,LHP0334
SV00805,LHP0334
SV00808,LHP0334
SV00810,LHP0334
SV00819,LHP0334
SV00822,LHP0334
SV00827,LHP0334
SV00835,LHP0334
SV00850,LHP0334
SV00853,LHP0334
SV00863,LHP0334
SV00864,LHP0334
SV00867,LHP0334
SV00869,LHP0334
SV00880,LHP0334
SV00881,LHP0334
SV00883,LHP0334
SV00887,LHP0334
SV00888,LHP0334
SV00889,LHP0334
SV00896,LHP0334
SV00904,LHP0334
SV00906,LHP0334
SV00908,LHP0334
SV00910,LHP0334
SV00911,LHP0334
SV00914,LHP0334
SV00916,LHP0334
SV00920,LHP0334
SV00922,LHP0334
SV01351,LHP0335
SV01398,LHP0335
SV01474,LHP0335
SV01500,LHP0335
SV01510,LHP0335
SV01516,LHP0335
SV01542,LHP0335
SV01543,LHP0335
SV01544,LHP0335
SV01545,LHP0335
SV01546,LHP0335
SV01547,LHP0335
SV01548,LHP0335
SV01549,LHP0335
SV01550,LHP0335
SV01551,LHP0335
SV01552,LHP0335
SV01553,LHP0335
SV01554,LHP0335
SV01555,LHP0335
SV01556,LHP0335
SV01557,LHP0335
SV01558,LHP0335
SV01559,LHP0335
SV01560,LHP0335
SV01561,LHP0335
SV01562,LHP0335
SV01563,LHP0335
SV01564,LHP0335
SV01565,LHP0335
SV01566,LHP0335
SV01567,LHP0335
SV01568,LHP0335
SV01569,LHP0335
SV01570,LHP0335
SV01571,LHP0335
SV01572,LHP0335
SV01573,LHP0335
SV01574,LHP0335
SV01575,LHP0335
SV01576,LHP0335
SV01577,LHP0335
SV01578,LHP0335
SV01579,LHP0335
SV01580,LHP0335
SV01581,LHP0335
SV01582,LHP0335
SV01583,LHP0335
SV01584,LHP0335
SV01585,LHP0335
SV01586,LHP0335
SV01587,LHP0335
SV01588,LHP0335
SV01589,LHP0335
SV01590,LHP0335
SV01591,LHP0335
SV01592,LHP0335
SV01593,LHP0335
SV01594,LHP0335
SV01595,LHP0335
SV01596,LHP0335
SV01597,LHP0335
SV01598,LHP0335
SV01599,LHP0335
SV01600,LHP0335
SV01601,LHP0335
SV01602,LHP0335
SV01603,LHP0335
SV01604,LHP0335
SV00637,LHP0336
SV00638,LHP0336
SV00639,LHP0336
SV00642,LHP0336
SV00645,LHP0336
SV00650,LHP0336
SV00655,LHP0336
SV00656,LHP0336
SV00657,LHP0336
SV00658,LHP0336
SV00660,LHP0336
SV00664,LHP0336
SV00666,LHP0336
SV00667,LHP0336
SV00670,LHP0336
SV00671,LHP0336
SV00673,LHP0336
SV00676,LHP0336
SV00677,LHP0336
SV00678,LHP0336
SV00681,LHP0336
SV00683,LHP0336
SV00686,LHP0336
SV00688,LHP0336
SV00689,LHP0336
SV00690,LHP0336
SV00691,LHP0336
SV00692,LHP0336
SV00694,LHP0336
SV00695,LHP0336
SV00696,LHP0336
SV00697,LHP0336
SV00698,LHP0336
SV00699,LHP0336
SV00701,LHP0336
SV00703,LHP0336
SV00704,LHP0336
SV00705,LHP0336
SV00706,LHP0336
SV00707,LHP0336
SV00708,LHP0336
SV00709,LHP0336
SV00712,LHP0336
SV00715,LHP0336
SV00716,LHP0336
SV00720,LHP0336
SV00721,LHP0336
SV00722,LHP0336
SV00723,LHP0336
SV00724,LHP0336
SV00725,LHP0336
SV00726,LHP0336
SV00727,LHP0336
SV00728,LHP0336
SV00729,LHP0336
SV00730,LHP0336
SV00731,LHP0336
SV00732,LHP0336
SV00733,LHP0336
SV00734,LHP0336
SV00735,LHP0336
SV00736,LHP0336
SV00737,LHP0336
SV00738,LHP0336
SV00739,LHP0336
SV00740,LHP0336
SV00744,LHP0337
SV00777,LHP0337
SV00848,LHP0337
SV00849,LHP0337
SV00925,LHP0337
SV00938,LHP0337
SV00940,LHP0337
SV00945,LHP0337
SV00949,LHP0337
SV00950,LHP0337
SV00962,LHP0337
SV00981,LHP0337
SV00998,LHP0337
SV01001,LHP0337
SV01003,LHP0337
SV01005,LHP0337
SV01009,LHP0337
SV01010,LHP0337
SV01011,LHP0337
SV01013,LHP0337
SV01014,LHP0337
SV01020,LHP0337
SV01022,LHP0337
SV01025,LHP0337
SV01027,LHP0337
SV01029,LHP0337
SV01031,LHP0337
SV01034,LHP0337
SV01036,LHP0337
SV01037,LHP0337
SV01039,LHP0337
SV01040,LHP0337
SV01041,LHP0337
SV01045,LHP0337
SV01046,LHP0337
SV01048,LHP0337
SV01049,LHP0337
SV01052,LHP0337
SV01054,LHP0337
SV01056,LHP0337
SV01057,LHP0337
SV01058,LHP0337
SV01059,LHP0337
SV01060,LHP0337
SV01062,LHP0337
SV01063,LHP0337
SV01064,LHP0337
SV01065,LHP0337
SV01066,LHP0337
SV01067,LHP0337
SV01069,LHP0337
SV01070,LHP0337
SV01073,LHP0337
SV01074,LHP0337
SV01075,LHP0337
SV01076,LHP0337
SV01077,LHP0337
SV01078,LHP0337
SV01080,LHP0337
SV02905,LHP0338
SV02907,LHP0338
SV02913,LHP0338
SV02922,LHP0338
SV02930,LHP0338
SV02940,LHP0338
SV02949,LHP0338
SV02958,LHP0338
SV02972,LHP0338
SV02975,LHP0338
SV02985,LHP0338
SV02990,LHP0338
SV02993,LHP0338
SV02996,LHP0338
SV03003,LHP0338
SV03005,LHP0338
SV03007,LHP0338
SV03023,LHP0338
SV03044,LHP0338
SV03049,LHP0338
SV03059,LHP0338
SV03076,LHP0338
SV03101,LHP0338
SV03105,LHP0338
SV03133,LHP0338
SV03138,LHP0338
SV03149,LHP0338
SV03159,LHP0338
SV03164,LHP0338
SV03167,LHP0338
SV03173,LHP0338
SV03181,LHP0338
SV03186,LHP0338
SV03206,LHP0338
SV03208,LHP0338
SV03212,LHP0338
SV03214,LHP0338
SV03219,LHP0338
SV03220,LHP0338
SV03237,LHP0338
SV03242,LHP0338
SV03247,LHP0338
SV03250,LHP0338
SV03264,LHP0338
SV03276,LHP0338
SV03289,LHP0338
SV03301,LHP0338
SV03313,LHP0338
SV03322,LHP0338
SV03323,LHP0338
SV03324,LHP0338
SV03328,LHP0338
SV03330,LHP0338
SV03334,LHP0338
SV03340,LHP0338
SV03356,LHP0338
SV03359,LHP0338
SV03361,LHP0338
SV03369,LHP0338
SV03383,LHP0338
SV03388,LHP0338
SV03396,LHP0338
SV00012,LHP0339
SV00030,LHP0339
SV00081,LHP0339
SV00083,LHP0339
SV00087,LHP0339
SV00090,LHP0339
SV00094,LHP0339
SV00103,LHP0339
SV00120,LHP0339
SV00121,LHP0339
SV00123,LHP0339
SV00128,LHP0339
SV00131,LHP0339
SV00149,LHP0339
SV00166,LHP0339
SV00174,LHP0339
SV00179,LHP0339
SV00180,LHP0339
SV00184,LHP0339
SV00207,LHP0339
SV00212,LHP0339
SV00221,LHP0339
SV00223,LHP0339
SV00224,LHP0339
SV00226,LHP0339
SV00230,LHP0339
SV00246,LHP0339
SV00247,LHP0339
SV00248,LHP0339
SV00249,LHP0339
SV00264,LHP0339
SV00273,LHP0339
SV00274,LHP0339
SV01309,LHP0340
SV01350,LHP0340
SV01352,LHP0340
SV01374,LHP0340
SV01383,LHP0340
SV01385,LHP0340
SV01396,LHP0340
SV01397,LHP0340
SV01433,LHP0340
SV01436,LHP0340
SV01465,LHP0340
SV01468,LHP0340
SV01491,LHP0340
SV01530,LHP0340
SV01542,LHP0340
SV01543,LHP0340
SV01545,LHP0340
SV01546,LHP0340
SV01550,LHP0340
SV01553,LHP0340
SV01558,LHP0340
SV01561,LHP0340
SV01562,LHP0340
SV01570,LHP0340
SV01571,LHP0340
SV01572,LHP0340
SV01592,LHP0340
SV01601,LHP0340
SV01603,LHP0340
SV01604,LHP0340
SV01608,LHP0340
SV01614,LHP0340
SV01617,LHP0340
SV01622,LHP0340
SV01630,LHP0340
SV01635,LHP0340
SV01637,LHP0340
SV01640,LHP0340
SV01642,LHP0340
SV01644,LHP0340
SV01652,LHP0340
SV01655,LHP0340
SV01660,LHP0340
SV01661,LHP0340
SV01662,LHP0340
SV01663,LHP0340
SV01665,LHP0340
SV01668,LHP0340
SV02601,LHP0341
SV02606,LHP0341
SV02635,LHP0341
SV02693,LHP0341
SV02784,LHP0341
SV02853,LHP0341
SV02869,LHP0341
SV02875,LHP0341
SV02877,LHP0341
SV02880,LHP0341
SV02882,LHP0341
SV02883,LHP0341
SV02884,LHP0341
SV02886,LHP0341
SV02888,LHP0341
SV02890,LHP0341
SV02891,LHP0341
SV02892,LHP0341
SV02895,LHP0341
SV02900,LHP0341
SV02907,LHP0341
SV02908,LHP0341
SV02909,LHP0341
SV02910,LHP0341
SV02912,LHP0341
SV02913,LHP0341
SV02915,LHP0341
SV02919,LHP0341
SV02925,LHP0341
SV02927,LHP0341
SV02928,LHP0341
SV02929,LHP0341
SV02933,LHP0341
SV02936,LHP0341
SV02942,LHP0341
SV02943,LHP0341
SV02944,LHP0341
SV02946,LHP0341
SV02947,LHP0341
SV02949,LHP0341
SV02950,LHP0341
SV02951,LHP0341
SV02953,LHP0341
SV02956,LHP0341
SV02958,LHP0341
SV02960,LHP0341
SV02961,LHP0341
SV02963,LHP0341
SV02966,LHP0341
SV02970,LHP0341
SV03048,LHP0341
SV03049,LHP0341
SV03053,LHP0341
SV03058,LHP0341
SV03059,LHP0341
SV03060,LHP0341
SV03063,LHP0341
SV03064,LHP0341
SV03065,LHP0341
SV03067,LHP0341
SV03068,LHP0341
SV03069,LHP0341
SV03070,LHP0341
SV03075,LHP0341
SV03076,LHP0341
SV03078,LHP0341
SV03079,LHP0341
SV03084,LHP0341
SV03086,LHP0341
SV03093,LHP0341
SV03094,LHP0341
SV03095,LHP0341
SV03097,LHP0341
SV03098,LHP0341
SV03099,LHP0341
SV03102,LHP0341
SV02004,LHP0342
SV02015,LHP0342
SV02016,LHP0342
SV02021,LHP0342
SV02026,LHP0342
SV02028,LHP0342
SV02030,LHP0342
SV02035,LHP0342
SV02038,LHP0342
SV02039,LHP0342
SV02040,LHP0342
SV02041,LHP0342
SV02050,LHP0342
SV02052,LHP0342
SV02054,LHP0342
SV02055,LHP0342
SV02056,LHP0342
SV02057,LHP0342
SV02059,LHP0342
SV02060,LHP0342
SV02061,LHP0342
SV02070,LHP0342
SV02072,LHP0342
SV02077,LHP0342
SV02081,LHP0342
SV02082,LHP0342
SV02090,LHP0342
SV02094,LHP0342
SV02103,LHP0342
SV02106,LHP0342
SV02111,LHP0342
SV02119,LHP0342
SV02123,LHP0342
SV02129,LHP0342
SV02131,LHP0342
SV02134,LHP0342
SV02135,LHP0342
SV02137,LHP0342
SV02139,LHP0342
SV02140,LHP0342
SV02142,LHP0342
SV02143,LHP0342
SV02144,LHP0342
SV02145,LHP0342
SV02147,LHP0342
SV02148,LHP0342
SV02150,LHP0342
SV02152,LHP0342
SV02153,LHP0342
SV02154,LHP0342
SV02156,LHP0342
SV02158,LHP0342
SV02161,LHP0342
SV02163,LHP0342
SV02165,LHP0342
SV02166,LHP0342
SV02167,LHP0342
SV02170,LHP0342
SV02171,LHP0342
SV02172,LHP0342
SV02173,LHP0342
SV02174,LHP0342
SV02175,LHP0342
SV02176,LHP0342
SV02178,LHP0342
SV02179,LHP0342
SV03332,LHP0343
SV03338,LHP0343
SV03341,LHP0343
SV03362,LHP0343
SV03377,LHP0343
SV03391,LHP0343
SV03414,LHP0343
SV03421,LHP0343
SV03424,LHP0343
SV03427,LHP0343
SV03433,LHP0343
SV03446,LHP0343
SV03458,LHP0343
SV03465,LHP0343
SV03492,LHP0343
SV03495,LHP0343
SV03498,LHP0343
SV03505,LHP0343
SV03544,LHP0343
SV03549,LHP0343
SV03555,LHP0343
SV03585,LHP0343
SV03592,LHP0343
SV03594,LHP0343
SV03596,LHP0343
SV03613,LHP0343
SV03622,LHP0343
SV03632,LHP0343
SV03634,LHP0343
SV03637,LHP0343
SV03644,LHP0343
SV03652,LHP0343
SV03654,LHP0343
SV03666,LHP0343
SV03679,LHP0343
SV03682,LHP0343
SV03689,LHP0343
SV03703,LHP0343
SV03714,LHP0343
SV03717,LHP0343
SV03723,LHP0343
SV03734,LHP0343
SV03736,LHP0343
SV03739,LHP0343
SV03741,LHP0343
SV03764,LHP0343
SV03776,LHP0343
SV03779,LHP0343
SV03780,LHP0343
SV03788,LHP0343
SV03789,LHP0343
SV03796,LHP0343
SV03801,LHP0343
SV03815,LHP0343
SV03820,LHP0343
SV03823,LHP0343
SV03827,LHP0343
SV03829,LHP0343
SV03833,LHP0343
SV03840,LHP0343
SV03843,LHP0343
SV03847,LHP0343
SV02137,LHP0344
SV02145,LHP0344
SV02147,LHP0344
SV02152,LHP0344
SV02162,LHP0344
SV02164,LHP0344
SV02171,LHP0344
SV02179,LHP0344
SV02180,LHP0344
SV02185,LHP0344
SV02187,LHP0344
SV02189,LHP0344
SV02198,LHP0344
SV02203,LHP0344
SV02204,LHP0344
SV02205,LHP0344
SV02207,LHP0344
SV02208,LHP0344
SV02209,LHP0344
SV02213,LHP0344
SV02217,LHP0344
SV02219,LHP0344
SV02221,LHP0344
SV02222,LHP0344
SV02223,LHP0344
SV02227,LHP0344
SV02228,LHP0344
SV02229,LHP0344
SV02230,LHP0344
SV02233,LHP0344
SV02234,LHP0344
SV02235,LHP0344
SV02238,LHP0344
SV02239,LHP0344
SV02242,LHP0344
SV02247,LHP0344
SV02248,LHP0344
SV02249,LHP0344
SV02250,LHP0344
SV02253,LHP0344
SV02257,LHP0344
SV02260,LHP0344
SV02262,LHP0344
SV02264,LHP0344
SV02265,LHP0344
SV02266,LHP0344
SV02268,LHP0344
SV02269,LHP0344
SV02273,LHP0344
SV02277,LHP0344
SV02278,LHP0344
SV02279,LHP0344
SV02281,LHP0344
SV02282,LHP0344
SV02284,LHP0344
SV02285,LHP0344
SV02286,LHP0344
SV02287,LHP0344
SV02288,LHP0344
SV02289,LHP0344
SV02290,LHP0344
SV02291,LHP0344
SV02292,LHP0344
SV02293,LHP0344
SV02294,LHP0344
SV02295,LHP0344
SV02296,LHP0344
SV02297,LHP0344
SV02298,LHP0344
SV02299,LHP0344
SV02300,LHP0344
SV02301,LHP0344
SV02302,LHP0344
SV01923,LHP0345
SV01993,LHP0345
SV01998,LHP0345
SV02004,LHP0345
SV02007,LHP0345
SV02008,LHP0345
SV02009,LHP0345
SV02011,LHP0345
SV02014,LHP0345
SV02015,LHP0345
SV02016,LHP0345
SV02017,LHP0345
SV02020,LHP0345
SV02021,LHP0345
SV02022,LHP0345
SV02023,LHP0345
SV02025,LHP0345
SV02026,LHP0345
SV02027,LHP0345
SV02028,LHP0345
SV02032,LHP0345
SV02033,LHP0345
SV02037,LHP0345
SV02041,LHP0345
SV02042,LHP0345
SV02043,LHP0345
SV02044,LHP0345
SV02046,LHP0345
SV02047,LHP0345
SV02048,LHP0345
SV02050,LHP0345
SV02051,LHP0345
SV02054,LHP0345
SV02055,LHP0345
SV02056,LHP0345
SV02057,LHP0345
SV02059,LHP0345
SV02062,LHP0345
SV02063,LHP0345
SV02064,LHP0345
SV02065,LHP0345
SV02067,LHP0345
SV02068,LHP0345
SV02069,LHP0345
SV02072,LHP0345
SV02073,LHP0345
SV02076,LHP0345
SV02077,LHP0345
SV02078,LHP0345
SV02079,LHP0345
SV02081,LHP0345
SV02082,LHP0345
SV02083,LHP0345
SV02086,LHP0345
SV02088,LHP0345
SV02089,LHP0345
SV02090,LHP0345
SV02092,LHP0345
SV02093,LHP0345
SV02094,LHP0345
SV02095,LHP0345
SV02096,LHP0345
SV02098,LHP0345
SV02099,LHP0345
SV02102,LHP0345
SV02105,LHP0345
SV02108,LHP0345
SV02113,LHP0345
SV02114,LHP0345
SV02115,LHP0345
SV02116,LHP0345
SV02118,LHP0345
SV02120,LHP0345
SV02122,LHP0345
SV02123,LHP0345
SV02124,LHP0345
SV02126,LHP0345
SV02129,LHP0345
SV02132,LHP0345
SV02133,LHP0345
SV00578,LHP0346
SV00593,LHP0346
SV00639,LHP0346
SV00658,LHP0346
SV00695,LHP0346
SV00720,LHP0346
SV00738,LHP0346
SV00747,LHP0346
SV00748,LHP0346
SV00756,LHP0346
SV00758,LHP0346
SV00760,LHP0346
SV00765,LHP0346
SV00781,LHP0346
SV00793,LHP0346
SV00797,LHP0346
SV00802,LHP0346
SV00803,LHP0346
SV00804,LHP0346
SV00809,LHP0346
SV00814,LHP0346
SV00827,LHP0346
SV00832,LHP0346
SV00841,LHP0346
SV00848,LHP0346
SV00850,LHP0346
SV00852,LHP0346
SV00854,LHP0346
SV00861,LHP0346
SV00863,LHP0346
SV00865,LHP0346
SV00870,LHP0346
SV00875,LHP0346
SV00878,LHP0346
SV00882,LHP0346
SV00884,LHP0346
SV00885,LHP0346
SV00887,LHP0346
SV00888,LHP0346
SV00898,LHP0346
SV00906,LHP0346
SV00913,LHP0346
SV04037,LHP0347
SV04130,LHP0347
SV04134,LHP0347
SV04153,LHP0347
SV04159,LHP0347
SV04209,LHP0347
SV04260,LHP0347
SV04285,LHP0347
SV04289,LHP0347
SV04293,LHP0347
SV04305,LHP0347
SV04311,LHP0347
SV04312,LHP0347
SV04324,LHP0347
SV04325,LHP0347
SV04336,LHP0347
SV04337,LHP0347
SV04340,LHP0347
SV04342,LHP0347
SV04346,LHP0347
SV04353,LHP0347
SV04354,LHP0347
SV04367,LHP0347
SV04376,LHP0347
SV04378,LHP0347
SV04379,LHP0347
SV04383,LHP0347
SV04389,LHP0347
SV04390,LHP0347
SV04392,LHP0347
SV04398,LHP0347
SV04399,LHP0347
SV04401,LHP0347
SV04408,LHP0347
SV04409,LHP0347
SV04413,LHP0347
SV04432,LHP0347
SV04433,LHP0347
SV00278,LHP0348
SV00279,LHP0348
SV00280,LHP0348
SV00281,LHP0348
SV00282,LHP0348
SV00283,LHP0348
SV00284,LHP0348
SV00285,LHP0348
SV00286,LHP0348
SV00287,LHP0348
SV00288,LHP0348
SV00289,LHP0348
SV00290,LHP0348
SV00291,LHP0348
SV00292,LHP0348
SV00293,LHP0348
SV00294,LHP0348
SV00295,LHP0348
SV00296,LHP0348
SV00297,LHP0348
SV00298,LHP0348
SV00299,LHP0348
SV00300,LHP0348
SV00301,LHP0348
SV00302,LHP0348
SV00303,LHP0348
SV00304,LHP0348
SV00305,LHP0348
SV00306,LHP0348
SV00307,LHP0348
SV00308,LHP0348
SV00309,LHP0348
SV00310,LHP0348
SV00311,LHP0348
SV00312,LHP0348
SV00313,LHP0348
SV00314,LHP0348
SV00315,LHP0348
SV00316,LHP0348
SV00317,LHP0348
SV00318,LHP0348
SV00319,LHP0348
SV00320,LHP0348
SV00321,LHP0348
SV00322,LHP0348
SV00323,LHP0348
SV00324,LHP0348
SV00325,LHP0348
SV00326,LHP0348
SV00327,LHP0348
SV00328,LHP0348
SV00329,LHP0348
SV00330,LHP0348
SV00331,LHP0348
SV00332,LHP0348
SV00333,LHP0348
SV00334,LHP0348
SV00335,LHP0348
SV00336,LHP0348
SV00337,LHP0348
SV00338,LHP0348
SV00339,LHP0348
SV00340,LHP0348
SV00341,LHP0348
SV00342,LHP0348
SV00343,LHP0348
SV00344,LHP0348
SV00345,LHP0348
SV02955,LHP0349
SV03119,LHP0349
SV03126,LHP0349
SV03130,LHP0349
SV03132,LHP0349
SV03134,LHP0349
SV03136,LHP0349
SV03149,LHP0349
SV03150,LHP0349
SV03152,LHP0349
SV03153,LHP0349
SV03157,LHP0349
SV03177,LHP0349
SV03180,LHP0349
SV03186,LHP0349
SV03190,LHP0349
SV03196,LHP0349
SV03213,LHP0349
SV03221,LHP0349
SV03230,LHP0349
SV03231,LHP0349
SV03235,LHP0349
SV03249,LHP0349
SV03254,LHP0349
SV03270,LHP0349
SV03281,LHP0349
SV03285,LHP0349
SV03298,LHP0349
SV03309,LHP0349
SV03311,LHP0349
SV03405,LHP0349
SV03406,LHP0349
SV03407,LHP0349
SV03408,LHP0349
SV03409,LHP0349
SV03410,LHP0349
SV03411,LHP0349
SV03412,LHP0349
SV03413,LHP0349
SV03414,LHP0349
SV00559,LHP0350
SV00591,LHP0350
SV00613,LHP0350
SV00616,LHP0350
SV00648,LHP0350
SV00720,LHP0350
SV00722,LHP0350
SV00727,LHP0350
SV00743,LHP0350
SV00745,LHP0350
SV00747,LHP0350
SV00751,LHP0350
SV00752,LHP0350
SV00753,LHP0350
SV00768,LHP0350
SV00769,LHP0350
SV00770,LHP0350
SV00775,LHP0350
SV00784,LHP0350
SV00786,LHP0350
SV00789,LHP0350
SV00791,LHP0350
SV00792,LHP0350
SV00796,LHP0350
SV00804,LHP0350
SV00806,LHP0350
SV00808,LHP0350
SV00809,LHP0350
SV00810,LHP0350
SV00823,LHP0350
SV00831,LHP0350
SV00836,LHP0350
SV00843,LHP0350
SV00846,LHP0350
SV00859,LHP0350
SV00862,LHP0350
SV00870,LHP0350
SV00873,LHP0350
SV00875,LHP0350
SV00876,LHP0350
SV00878,LHP0350
SV00879,LHP0350
SV00882,LHP0350
SV00893,LHP0350
SV00894,LHP0350
SV00896,LHP0350
SV00905,LHP0350
SV00906,LHP0350
SV00911,LHP0350
SV00913,LHP0350
SV00924,LHP0350
SV02137,LHP0351
SV02180,LHP0351
SV02181,LHP0351
SV02189,LHP0351
SV02200,LHP0351
SV02204,LHP0351
SV02207,LHP0351
SV02208,LHP0351
SV02212,LHP0351
SV02214,LHP0351
SV02215,LHP0351
SV02218,LHP0351
SV02220,LHP0351
SV02223,LHP0351
SV02225,LHP0351
SV02228,LHP0351
SV02229,LHP0351
SV02235,LHP0351
SV02238,LHP0351
SV02239,LHP0351
SV02240,LHP0351
SV02241,LHP0351
SV02243,LHP0351
SV02245,LHP0351
SV02246,LHP0351
SV02250,LHP0351
SV02251,LHP0351
SV02252,LHP0351
SV02253,LHP0351
SV02255,LHP0351
SV02256,LHP0351
SV02257,LHP0351
SV02258,LHP0351
SV02259,LHP0351
SV02260,LHP0351
SV02261,LHP0351
SV02263,LHP0351
SV02265,LHP0351
SV02267,LHP0351
SV02271,LHP0351
SV02272,LHP0351
SV02276,LHP0351
SV02277,LHP0351
SV02278,LHP0351
SV02279,LHP0351
SV02280,LHP0351
SV02281,LHP0351
SV02282,LHP0351
SV02283,LHP0351
SV00518,LHP0352
SV00524,LHP0352
SV00526,LHP0352
SV00528,LHP0352
SV00534,LHP0352
SV00536,LHP0352
SV00538,LHP0352
SV00539,LHP0352
SV00543,LHP0352
SV00547,LHP0352
SV00552,LHP0352
SV00553,LHP0352
SV00559,LHP0352
SV00561,LHP0352
SV00563,LHP0352
SV00564,LHP0352
SV00566,LHP0352
SV00567,LHP0352
SV00570,LHP0352
SV00579,LHP0352
SV00585,LHP0352
SV00593,LHP0352
SV00595,LHP0352
SV00597,LHP0352
SV00599,LHP0352
SV00602,LHP0352
SV00604,LHP0352
SV00605,LHP0352
SV00606,LHP0352
SV00608,LHP0352
SV00609,LHP0352
SV00611,LHP0352
SV00612,LHP0352
SV00613,LHP0352
SV00617,LHP0352
SV00620,LHP0352
SV00623,LHP0352
SV00625,LHP0352
SV00631,LHP0352
SV00637,LHP0352
SV00638,LHP0352
SV00639,LHP0352
SV00640,LHP0352
SV00641,LHP0352
SV00642,LHP0352
SV00643,LHP0352
SV00644,LHP0352
SV00645,LHP0352
SV00646,LHP0352
SV00647,LHP0352
SV00648,LHP0352
SV00649,LHP0352
SV00650,LHP0352
SV00651,LHP0352
SV00652,LHP0352
SV00653,LHP0352
SV01605,LHP0353
SV01606,LHP0353
SV01607,LHP0353
SV01608,LHP0353
SV01609,LHP0353
SV01610,LHP0353
SV01611,LHP0353
SV01612,LHP0353
SV01613,LHP0353
SV01614,LHP0353
SV01615,LHP0353
SV01616,LHP0353
SV01617,LHP0353
SV01618,LHP0353
SV01619,LHP0353
SV01620,LHP0353
SV01621,LHP0353
SV01622,LHP0353
SV01623,LHP0353
SV01624,LHP0353
SV01625,LHP0353
SV01626,LHP0353
SV01627,LHP0353
SV01628,LHP0353
SV01629,LHP0353
SV01630,LHP0353
SV01631,LHP0353
SV01632,LHP0353
SV01633,LHP0353
SV01634,LHP0353
SV01635,LHP0353
SV01636,LHP0353
SV01637,LHP0353
SV01638,LHP0353
SV01639,LHP0353
SV01640,LHP0353
SV01641,LHP0353
SV01642,LHP0353
SV01643,LHP0353
SV01644,LHP0353
SV01645,LHP0353
SV01646,LHP0353
SV01647,LHP0353
SV01648,LHP0353
SV01649,LHP0353
SV01650,LHP0353
SV01651,LHP0353
SV01652,LHP0353
SV01653,LHP0353
SV01654,LHP0353
SV01655,LHP0353
SV01656,LHP0353
SV01657,LHP0353
SV01658,LHP0353
SV01659,LHP0353
SV01660,LHP0353
SV01661,LHP0353
SV01662,LHP0353
SV01663,LHP0353
SV01664,LHP0353
SV01665,LHP0353
SV01666,LHP0353
SV01667,LHP0353
SV01668,LHP0353
SV01669,LHP0353
SV01670,LHP0353
SV01671,LHP0353
SV01672,LHP0353
SV02693,LHP0354
SV03145,LHP0354
SV03300,LHP0354
SV03326,LHP0354
SV03399,LHP0354
SV03422,LHP0354
SV03436,LHP0354
SV03458,LHP0354
SV03465,LHP0354
SV03475,LHP0354
SV03476,LHP0354
SV03483,LHP0354
SV03512,LHP0354
SV03517,LHP0354
SV03523,LHP0354
SV03529,LHP0354
SV03534,LHP0354
SV03546,LHP0354
SV03559,LHP0354
SV03561,LHP0354
SV03570,LHP0354
SV03582,LHP0354
SV03592,LHP0354
SV03595,LHP0354
SV03597,LHP0354
SV03598,LHP0354
SV03601,LHP0354
SV03609,LHP0354
SV03617,LHP0354
SV03624,LHP0354
SV03628,LHP0354
SV03631,LHP0354
SV03634,LHP0354
SV03637,LHP0354
SV03644,LHP0354
SV03651,LHP0354
SV03654,LHP0354
SV03661,LHP0354
SV03664,LHP0354
SV03667,LHP0354
SV03685,LHP0354
SV03696,LHP0354
SV03704,LHP0354
SV03714,LHP0354
SV03717,LHP0354
SV03727,LHP0354
SV03729,LHP0354
SV03732,LHP0354
SV03738,LHP0354
SV03742,LHP0354
SV03748,LHP0354
SV03750,LHP0354
SV03756,LHP0354
SV03773,LHP0354
SV03785,LHP0354
SV03787,LHP0354
SV03792,LHP0354
SV03794,LHP0354
SV03795,LHP0354
SV03798,LHP0354
SV03802,LHP0354
SV03815,LHP0354
SV03835,LHP0354
SV03836,LHP0354
SV03837,LHP0354
SV03847,LHP0354
SV00424,LHP0355
SV00425,LHP0355
SV00426,LHP0355
SV00427,LHP0355
SV00428,LHP0355
SV00429,LHP0355
SV00430,LHP0355
SV00431,LHP0355
SV00432,LHP0355
SV00433,LHP0355
SV00434,LHP0355
SV00435,LHP0355
SV00436,LHP0355
SV00437,LHP0355
SV00438,LHP0355
SV00439,LHP0355
SV00440,LHP0355
SV00441,LHP0355
SV00442,LHP0355
SV00443,LHP0355
SV00444,LHP0355
SV00445,LHP0355
SV00446,LHP0355
SV00447,LHP0355
SV00448,LHP0355
SV00449,LHP0355
SV00450,LHP0355
SV00451,LHP0355
SV00452,LHP0355
SV00453,LHP0355
SV00454,LHP0355
SV00455,LHP0355
SV00456,LHP0355
SV00457,LHP0355
SV00458,LHP0355
SV00459,LHP0355
SV00460,LHP0355
SV00461,LHP0355
SV00462,LHP0355
SV00463,LHP0355
SV00464,LHP0355
SV00465,LHP0355
SV00466,LHP0355
SV00467,LHP0355
SV00468,LHP0355
SV00469,LHP0355
SV00470,LHP0355
SV00471,LHP0355
SV00472,LHP0355
SV00473,LHP0355
SV00474,LHP0355
SV00475,LHP0355
SV00476,LHP0355
SV00477,LHP0355
SV00478,LHP0355
SV00479,LHP0355
SV00480,LHP0355
SV00481,LHP0355
SV00482,LHP0355
SV00483,LHP0355
SV00484,LHP0355
SV00485,LHP0355
SV00486,LHP0355
SV00487,LHP0355
SV00488,LHP0355
SV00489,LHP0355
SV00490,LHP0355
SV00491,LHP0355
SV00492,LHP0355
SV00493,LHP0355
SV01089,LHP0356
SV01102,LHP0356
SV01130,LHP0356
SV01160,LHP0356
SV01181,LHP0356
SV01189,LHP0356
SV01190,LHP0356
SV01193,LHP0356
SV01195,LHP0356
SV01206,LHP0356
SV01224,LHP0356
SV01225,LHP0356
SV01233,LHP0356
SV01235,LHP0356
SV01236,LHP0356
SV01237,LHP0356
SV01241,LHP0356
SV01250,LHP0356
SV01251,LHP0356
SV01255,LHP0356
SV01256,LHP0356
SV01262,LHP0356
SV01265,LHP0356
SV01266,LHP0356
SV01269,LHP0356
SV01273,LHP0356
SV01276,LHP0356
SV01281,LHP0356
SV01282,LHP0356
SV01288,LHP0356
SV01289,LHP0356
SV01290,LHP0356
SV01002,LHP0357
SV01005,LHP0357
SV01015,LHP0357
SV01036,LHP0357
SV01037,LHP0357
SV01050,LHP0357
SV01051,LHP0357
SV01057,LHP0357
SV01062,LHP0357
SV01067,LHP0357
SV01068,LHP0357
SV01074,LHP0357
SV01080,LHP0357
SV01084,LHP0357
SV01085,LHP0357
SV01086,LHP0357
SV01087,LHP0357
SV01088,LHP0357
SV01090,LHP0357
SV01091,LHP0357
SV01092,LHP0357
SV01093,LHP0357
SV01096,LHP0357
SV01097,LHP0357
SV01099,LHP0357
SV01102,LHP0357
SV01105,LHP0357
SV01107,LHP0357
SV01111,LHP0357
SV01112,LHP0357
SV01114,LHP0357
SV01115,LHP0357
SV01116,LHP0357
SV01117,LHP0357
SV01118,LHP0357
SV01120,LHP0357
SV01121,LHP0357
SV01123,LHP0357
SV01124,LHP0357
SV01126,LHP0357
SV01128,LHP0357
SV01131,LHP0357
SV01133,LHP0357
SV01137,LHP0357
SV01138,LHP0357
SV01139,LHP0357
SV01141,LHP0357
SV01144,LHP0357
SV01145,LHP0357
SV01148,LHP0357
SV03967,LHP0358
SV03996,LHP0358
SV04001,LHP0358
SV04002,LHP0358
SV04003,LHP0358
SV04008,LHP0358
SV04010,LHP0358
SV04012,LHP0358
SV04013,LHP0358
SV04016,LHP0358
SV04017,LHP0358
SV04022,LHP0358
SV04023,LHP0358
SV04025,LHP0358
SV04027,LHP0358
SV04028,LHP0358
SV04029,LHP0358
SV04030,LHP0358
SV04031,LHP0358
SV04033,LHP0358
SV04035,LHP0358
SV04036,LHP0358
SV04037,LHP0358
SV04038,LHP0358
SV04039,LHP0358
SV04040,LHP0358
SV04043,LHP0358
SV04044,LHP0358
SV04046,LHP0358
SV04047,LHP0358
SV04048,LHP0358
SV04049,LHP0358
SV04050,LHP0358
SV04052,LHP0358
SV04053,LHP0358
SV04054,LHP0358
SV04055,LHP0358
SV04056,LHP0358
SV04057,LHP0358
SV04059,LHP0358
SV04060,LHP0358
SV04061,LHP0358
SV04062,LHP0358
SV04065,LHP0358
SV04066,LHP0358
SV04067,LHP0358
SV04068,LHP0358
SV04069,LHP0358
SV04071,LHP0358
SV04073,LHP0358
SV04074,LHP0358
SV04077,LHP0358
SV04078,LHP0358
SV04079,LHP0358
SV04080,LHP0358
SV04081,LHP0358
SV04082,LHP0358
SV04083,LHP0358
SV04084,LHP0358
SV04085,LHP0358
SV04086,LHP0358
SV04087,LHP0358
SV04088,LHP0358
SV04089,LHP0358
SV04091,LHP0358
SV04092,LHP0358
SV04093,LHP0358
SV04094,LHP0358
SV04095,LHP0358
SV04096,LHP0358
SV04097,LHP0358
SV04098,LHP0358
SV04099,LHP0358
SV04100,LHP0358
SV04101,LHP0358
SV04104,LHP0358
SV04105,LHP0358
SV04212,LHP0358
SV04213,LHP0358
SV02111,LHP0359
SV02115,LHP0359
SV02134,LHP0359
SV02136,LHP0359
SV02137,LHP0359
SV02138,LHP0359
SV02139,LHP0359
SV02141,LHP0359
SV02143,LHP0359
SV02144,LHP0359
SV02145,LHP0359
SV02146,LHP0359
SV02147,LHP0359
SV02148,LHP0359
SV02150,LHP0359
SV02151,LHP0359
SV02153,LHP0359
SV02154,LHP0359
SV02155,LHP0359
SV02156,LHP0359
SV02157,LHP0359
SV02162,LHP0359
SV02164,LHP0359
SV02166,LHP0359
SV02167,LHP0359
SV02168,LHP0359
SV02169,LHP0359
SV02170,LHP0359
SV02171,LHP0359
SV02174,LHP0359
SV02175,LHP0359
SV02179,LHP0359
SV02180,LHP0359
SV02181,LHP0359
SV02182,LHP0359
SV02183,LHP0359
SV02184,LHP0359
SV02185,LHP0359
SV02186,LHP0359
SV02187,LHP0359
SV02188,LHP0359
SV02189,LHP0359
SV02190,LHP0359
SV02191,LHP0359
SV02192,LHP0359
SV02193,LHP0359
SV02194,LHP0359
SV02195,LHP0359
SV02196,LHP0359
SV02197,LHP0359
SV02198,LHP0359
SV02199,LHP0359
SV02200,LHP0359
SV02201,LHP0359
SV02202,LHP0359
SV02204,LHP0359
SV02205,LHP0359
SV02206,LHP0359
SV02207,LHP0359
SV02208,LHP0359
SV02209,LHP0359
SV02210,LHP0359
SV02211,LHP0359
SV02212,LHP0359
SV02214,LHP0359
SV02215,LHP0359
SV02216,LHP0359
SV02217,LHP0359
SV02218,LHP0359
SV02219,LHP0359
SV02220,LHP0359
SV02221,LHP0359
SV02222,LHP0359
SV02224,LHP0359
SV02226,LHP0359
SV03779,LHP0360
SV03849,LHP0360
SV03858,LHP0360
SV03896,LHP0360
SV03919,LHP0360
SV03921,LHP0360
SV03932,LHP0360
SV03972,LHP0360
SV03984,LHP0360
SV03988,LHP0360
SV04008,LHP0360
SV04028,LHP0360
SV04030,LHP0360
SV04033,LHP0360
SV04048,LHP0360
SV04049,LHP0360
SV04062,LHP0360
SV04088,LHP0360
SV04091,LHP0360
SV04098,LHP0360
SV04110,LHP0360
SV04111,LHP0360
SV04122,LHP0360
SV04127,LHP0360
SV04130,LHP0360
SV04133,LHP0360
SV04141,LHP0360
SV04143,LHP0360
SV04150,LHP0360
SV04151,LHP0360
SV04160,LHP0360
SV04162,LHP0360
SV04164,LHP0360
SV04175,LHP0360
SV04179,LHP0360
SV04182,LHP0360
SV04184,LHP0360
SV04185,LHP0360
SV04188,LHP0360
SV04189,LHP0360
SV04190,LHP0360
SV04191,LHP0360
SV04197,LHP0360
SV04200,LHP0360
SV04203,LHP0360
SV04205,LHP0360
SV04206,LHP0360
SV04214,LHP0360
SV04215,LHP0360
SV04218,LHP0360
SV04219,LHP0360
SV04221,LHP0360
SV04222,LHP0360
SV04223,LHP0360
SV04224,LHP0360
SV04226,LHP0360
SV04227,LHP0360
SV04228,LHP0360
SV04229,LHP0360
SV04233,LHP0360
SV04236,LHP0360
SV04243,LHP0360
SV04244,LHP0360
SV02553,LHP0361
SV02614,LHP0361
SV02637,LHP0361
SV02716,LHP0361
SV02761,LHP0361
SV02881,LHP0361
SV02897,LHP0361
SV02898,LHP0361
SV02905,LHP0361
SV02917,LHP0361
SV02918,LHP0361
SV02922,LHP0361
SV02923,LHP0361
SV02924,LHP0361
SV02930,LHP0361
SV02935,LHP0361
SV02957,LHP0361
SV02967,LHP0361
SV02969,LHP0361
SV02972,LHP0361
SV02973,LHP0361
SV02974,LHP0361
SV02977,LHP0361
SV03046,LHP0361
SV03054,LHP0361
SV03056,LHP0361
SV03057,LHP0361
SV03061,LHP0361
SV03062,LHP0361
SV03066,LHP0361
SV03071,LHP0361
SV03073,LHP0361
SV03074,LHP0361
SV03077,LHP0361
SV03080,LHP0361
SV03089,LHP0361
SV03091,LHP0361
SV03092,LHP0361
SV03101,LHP0361
SV03104,LHP0361
SV03105,LHP0361
SV03106,LHP0361
SV03107,LHP0361
SV03108,LHP0361
SV03109,LHP0361
SV03110,LHP0361
SV03111,LHP0361
SV03112,LHP0361
SV03113,LHP0361
SV03114,LHP0361
SV03115,LHP0361
SV03105,LHP0362
SV03111,LHP0362
SV03185,LHP0362
SV03186,LHP0362
SV03187,LHP0362
SV03188,LHP0362
SV03189,LHP0362
SV03190,LHP0362
SV03191,LHP0362
SV03192,LHP0362
SV03193,LHP0362
SV03194,LHP0362
SV03195,LHP0362
SV03196,LHP0362
SV03197,LHP0362
SV03198,LHP0362
SV03199,LHP0362
SV03200,LHP0362
SV03201,LHP0362
SV03202,LHP0362
SV03203,LHP0362
SV03204,LHP0362
SV03205,LHP0362
SV03206,LHP0362
SV03207,LHP0362
SV03208,LHP0362
SV03209,LHP0362
SV03210,LHP0362
SV03211,LHP0362
SV03212,LHP0362
SV03213,LHP0362
SV03214,LHP0362
SV03215,LHP0362
SV03216,LHP0362
SV03217,LHP0362
SV03218,LHP0362
SV03219,LHP0362
SV03220,LHP0362
SV03221,LHP0362
SV03222,LHP0362
SV03223,LHP0362
SV03224,LHP0362
SV03225,LHP0362
SV03226,LHP0362
SV03227,LHP0362
SV03228,LHP0362
SV03229,LHP0362
SV03230,LHP0362
SV03231,LHP0362
SV03232,LHP0362
SV03233,LHP0362
SV03234,LHP0362
SV03235,LHP0362
SV03236,LHP0362
SV03237,LHP0362
SV03238,LHP0362
SV03239,LHP0362
SV03240,LHP0362
SV03241,LHP0362
SV03242,LHP0362
SV03243,LHP0362
SV03244,LHP0362
SV03245,LHP0362
SV03246,LHP0362
SV03247,LHP0362
SV03248,LHP0362
SV03249,LHP0362
SV03250,LHP0362
SV03251,LHP0362
SV01702,LHP0363
SV01703,LHP0363
SV01704,LHP0363
SV01705,LHP0363
SV01706,LHP0363
SV01707,LHP0363
SV01708,LHP0363
SV01709,LHP0363
SV01710,LHP0363
SV01711,LHP0363
SV01712,LHP0363
SV01713,LHP0363
SV01714,LHP0363
SV01715,LHP0363
SV01716,LHP0363
SV01717,LHP0363
SV01718,LHP0363
SV01719,LHP0363
SV01720,LHP0363
SV01721,LHP0363
SV01722,LHP0363
SV01723,LHP0363
SV01724,LHP0363
SV01725,LHP0363
SV01726,LHP0363
SV01727,LHP0363
SV01728,LHP0363
SV01729,LHP0363
SV01730,LHP0363
SV01731,LHP0363
SV01732,LHP0363
SV01733,LHP0363
SV01734,LHP0363
SV01735,LHP0363
SV01736,LHP0363
SV01737,LHP0363
SV01738,LHP0363
SV01739,LHP0363
SV01740,LHP0363
SV01741,LHP0363
SV01742,LHP0363
SV01743,LHP0363
SV01744,LHP0363
SV01745,LHP0363
SV03252,LHP0364
SV03253,LHP0364
SV03254,LHP0364
SV03255,LHP0364
SV03256,LHP0364
SV03257,LHP0364
SV03258,LHP0364
SV03259,LHP0364
SV03260,LHP0364
SV03261,LHP0364
SV03262,LHP0364
SV03263,LHP0364
SV03264,LHP0364
SV03265,LHP0364
SV03266,LHP0364
SV03267,LHP0364
SV03268,LHP0364
SV03269,LHP0364
SV03270,LHP0364
SV03271,LHP0364
SV03272,LHP0364
SV03273,LHP0364
SV03274,LHP0364
SV03275,LHP0364
SV03276,LHP0364
SV03277,LHP0364
SV03278,LHP0364
SV03279,LHP0364
SV03280,LHP0364
SV03281,LHP0364
SV03282,LHP0364
SV03283,LHP0364
SV03284,LHP0364
SV03285,LHP0364
SV03286,LHP0364
SV03287,LHP0364
SV03288,LHP0364
SV03289,LHP0364
SV03290,LHP0364
SV03291,LHP0364
SV03292,LHP0364
SV03293,LHP0364
SV03294,LHP0364
SV03295,LHP0364
SV03296,LHP0364
SV03297,LHP0364
SV03298,LHP0364
SV03299,LHP0364
SV03300,LHP0364
SV03301,LHP0364
SV03302,LHP0364
SV03303,LHP0364
SV03304,LHP0364
SV03305,LHP0364
SV03306,LHP0364
SV03307,LHP0364
SV03308,LHP0364
SV03309,LHP0364
SV03310,LHP0364
SV03311,LHP0364
SV03312,LHP0364
SV03313,LHP0364
SV03314,LHP0364
SV03315,LHP0364
SV03316,LHP0364
SV03317,LHP0364
SV03318,LHP0364
SV03319,LHP0364
SV03320,LHP0364
SV03321,LHP0364
SV03322,LHP0364
SV03323,LHP0364
SV03324,LHP0364
SV03325,LHP0364
SV00028,LHP0365
SV00037,LHP0365
SV00058,LHP0365
SV00059,LHP0365
SV00074,LHP0365
SV00075,LHP0365
SV00077,LHP0365
SV00084,LHP0365
SV00086,LHP0365
SV00101,LHP0365
SV00112,LHP0365
SV00117,LHP0365
SV00132,LHP0365
SV00139,LHP0365
SV00148,LHP0365
SV00160,LHP0365
SV00173,LHP0365
SV00187,LHP0365
SV00190,LHP0365
SV00194,LHP0365
SV00196,LHP0365
SV00216,LHP0365
SV00217,LHP0365
SV00229,LHP0365
SV00234,LHP0365
SV00237,LHP0365
SV00242,LHP0365
SV00245,LHP0365
SV00254,LHP0365
SV00258,LHP0365
SV00260,LHP0365
SV00271,LHP0365
SV00277,LHP0365
SV00283,LHP0365
SV00284,LHP0365
SV00288,LHP0365
SV00293,LHP0365
SV00296,LHP0365
SV00307,LHP0365
SV00311,LHP0365
SV00312,LHP0365
SV00315,LHP0365
SV00317,LHP0365
SV00324,LHP0365
SV00325,LHP0365
SV00330,LHP0365
SV00336,LHP0365
SV00341,LHP0365
SV03447,LHP0366
SV03505,LHP0366
SV03621,LHP0366
SV03638,LHP0366
SV03733,LHP0366
SV03767,LHP0366
SV03793,LHP0366
SV03854,LHP0366
SV03860,LHP0366
SV03871,LHP0366
SV03891,LHP0366
SV03899,LHP0366
SV03923,LHP0366
SV03941,LHP0366
SV03954,LHP0366
SV03988,LHP0366
SV04004,LHP0366
SV04012,LHP0366
SV04043,LHP0366
SV04045,LHP0366
SV04052,LHP0366
SV04066,LHP0366
SV04067,LHP0366
SV04072,LHP0366
SV04073,LHP0366
SV04075,LHP0366
SV04080,LHP0366
SV04081,LHP0366
SV04082,LHP0366
SV04083,LHP0366
SV04085,LHP0366
SV04087,LHP0366
SV04094,LHP0366
SV04100,LHP0366
SV04110,LHP0366
SV04111,LHP0366
SV04112,LHP0366
SV04115,LHP0366
SV04116,LHP0366
SV04117,LHP0366
SV04119,LHP0366
SV04121,LHP0366
SV04124,LHP0366
SV04126,LHP0366
SV04131,LHP0366
SV04132,LHP0366
SV04135,LHP0366
SV04137,LHP0366
SV04140,LHP0366
SV04142,LHP0366
SV04145,LHP0366
SV04151,LHP0366
SV03884,LHP0367
SV03913,LHP0367
SV03914,LHP0367
SV03966,LHP0367
SV03972,LHP0367
SV03984,LHP0367
SV03988,LHP0367
SV04111,LHP0367
SV04113,LHP0367
SV04123,LHP0367
SV04125,LHP0367
SV04129,LHP0367
SV04130,LHP0367
SV04133,LHP0367
SV04134,LHP0367
SV04141,LHP0367
SV04150,LHP0367
SV04245,LHP0367
SV04246,LHP0367
SV04247,LHP0367
SV04248,LHP0367
SV04249,LHP0367
SV04250,LHP0367
SV04251,LHP0367
SV04252,LHP0367
SV04253,LHP0367
SV04254,LHP0367
SV04255,LHP0367
SV04256,LHP0367
SV04257,LHP0367
SV04258,LHP0367
SV04259,LHP0367
SV04260,LHP0367
SV04261,LHP0367
SV04262,LHP0367
SV04263,LHP0367
SV04264,LHP0367
SV04265,LHP0367
SV04266,LHP0367
SV04267,LHP0367
SV04268,LHP0367
SV04269,LHP0367
SV04270,LHP0367
SV04271,LHP0367
SV04272,LHP0367
SV04273,LHP0367
SV04274,LHP0367
SV04275,LHP0367
SV04276,LHP0367
SV04277,LHP0367
SV04278,LHP0367
SV04279,LHP0367
SV04280,LHP0367
SV04281,LHP0367
SV04282,LHP0367
SV04283,LHP0367
SV04284,LHP0367
SV04285,LHP0367
SV04286,LHP0367
SV04287,LHP0367
SV04288,LHP0367
SV04289,LHP0367
SV04290,LHP0367
SV04291,LHP0367
SV04292,LHP0367
SV04293,LHP0367
SV04294,LHP0367
SV04295,LHP0367
SV04296,LHP0367
SV04297,LHP0367
SV04298,LHP0367
SV04299,LHP0367
SV04300,LHP0367
SV04301,LHP0367
SV04302,LHP0367
SV00167,LHP0368
SV00170,LHP0368
SV00172,LHP0368
SV00176,LHP0368
SV00178,LHP0368
SV00183,LHP0368
SV00198,LHP0368
SV00200,LHP0368
SV00201,LHP0368
SV00205,LHP0368
SV00206,LHP0368
SV00208,LHP0368
SV00210,LHP0368
SV00219,LHP0368
SV00238,LHP0368
SV00240,LHP0368
SV00241,LHP0368
SV00250,LHP0368
SV00251,LHP0368
SV00253,LHP0368
SV00261,LHP0368
SV00268,LHP0368
SV00269,LHP0368
SV00275,LHP0368
SV00286,LHP0368
SV00290,LHP0368
SV00291,LHP0368
SV00304,LHP0368
SV00305,LHP0368
SV00306,LHP0368
SV00308,LHP0368
SV00314,LHP0368
SV00322,LHP0368
SV00326,LHP0368
SV00327,LHP0368
SV00337,LHP0368
SV00346,LHP0368
SV00348,LHP0368
SV00352,LHP0368
SV00353,LHP0368
SV00356,LHP0368
SV00357,LHP0368
SV00361,LHP0368
SV03003,LHP0369
SV03120,LHP0369
SV03154,LHP0369
SV03156,LHP0369
SV03174,LHP0369
SV03275,LHP0369
SV03420,LHP0369
SV03447,LHP0369
SV03454,LHP0369
SV03464,LHP0369
SV03481,LHP0369
SV03496,LHP0369
SV03497,LHP0369
SV03505,LHP0369
SV03511,LHP0369
SV03517,LHP0369
SV03518,LHP0369
SV03522,LHP0369
SV03525,LHP0369
SV03530,LHP0369
SV03532,LHP0369
SV03539,LHP0369
SV03551,LHP0369
SV03562,LHP0369
SV03570,LHP0369
SV03577,LHP0369
SV03586,LHP0369
SV03594,LHP0369
SV03595,LHP0369
SV03597,LHP0369
SV03605,LHP0369
SV03608,LHP0369
SV03611,LHP0369
SV03624,LHP0369
SV03632,LHP0369
SV03634,LHP0369
SV03646,LHP0369
SV03653,LHP0369
SV01860,LHP0370
SV01866,LHP0370
SV01867,LHP0370
SV01869,LHP0370
SV01870,LHP0370
SV01871,LHP0370
SV01873,LHP0370
SV01874,LHP0370
SV01876,LHP0370
SV01877,LHP0370
SV01879,LHP0370
SV01883,LHP0370
SV01884,LHP0370
SV01886,LHP0370
SV01887,LHP0370
SV01888,LHP0370
SV01889,LHP0370
SV01892,LHP0370
SV01893,LHP0370
SV01896,LHP0370
SV01897,LHP0370
SV01898,LHP0370
SV01901,LHP0370
SV01902,LHP0370
SV01903,LHP0370
SV01906,LHP0370
SV01907,LHP0370
SV01909,LHP0370
SV01910,LHP0370
SV01911,LHP0370
SV01914,LHP0370
SV01916,LHP0370
SV01918,LHP0370
SV01919,LHP0370
SV01920,LHP0370
SV01924,LHP0370
SV01926,LHP0370
SV01927,LHP0370
SV01929,LHP0370
SV01930,LHP0370
SV01932,LHP0370
SV01935,LHP0370
SV01937,LHP0370
SV01939,LHP0370
SV01942,LHP0370
SV01945,LHP0370
SV01947,LHP0370
SV01949,LHP0370
SV01950,LHP0370
SV01952,LHP0370
SV01953,LHP0370
SV01954,LHP0370
SV01955,LHP0370
SV01958,LHP0370
SV01959,LHP0370
SV01960,LHP0370
SV01961,LHP0370
SV01962,LHP0370
SV01964,LHP0370
SV01966,LHP0370
SV01967,LHP0370
SV01968,LHP0370
SV01972,LHP0370
SV01973,LHP0370
SV01974,LHP0370
SV01975,LHP0370
SV01977,LHP0370
SV01979,LHP0370
SV01980,LHP0370
SV01981,LHP0370
SV01984,LHP0370
SV01985,LHP0370
SV01306,LHP0371
SV01356,LHP0371
SV01464,LHP0371
SV01473,LHP0371
SV01488,LHP0371
SV01501,LHP0371
SV01502,LHP0371
SV01519,LHP0371
SV01544,LHP0371
SV01546,LHP0371
SV01547,LHP0371
SV01549,LHP0371
SV01550,LHP0371
SV01551,LHP0371
SV01552,LHP0371
SV01553,LHP0371
SV01555,LHP0371
SV01560,LHP0371
SV01563,LHP0371
SV01566,LHP0371
SV01571,LHP0371
SV01573,LHP0371
SV01577,LHP0371
SV01580,LHP0371
SV01582,LHP0371
SV01583,LHP0371
SV01587,LHP0371
SV01588,LHP0371
SV01589,LHP0371
SV01597,LHP0371
SV01598,LHP0371
SV01601,LHP0371
SV01602,LHP0371
SV01603,LHP0371
SV01609,LHP0371
SV01610,LHP0371
SV01616,LHP0371
SV01620,LHP0371
SV01624,LHP0371
SV01628,LHP0371
SV01634,LHP0371
SV01636,LHP0371
SV01639,LHP0371
SV01640,LHP0371
SV01642,LHP0371
SV01645,LHP0371
SV01647,LHP0371
SV01652,LHP0371
SV01654,LHP0371
SV01656,LHP0371
SV01661,LHP0371
SV01662,LHP0371
SV01666,LHP0371
SV01667,LHP0371
SV01668,LHP0371
SV01671,LHP0371
SV03209,LHP0372
SV03218,LHP0372
SV03358,LHP0372
SV03361,LHP0372
SV03426,LHP0372
SV03439,LHP0372
SV03474,LHP0372
SV03510,LHP0372
SV03524,LHP0372
SV03548,LHP0372
SV03553,LHP0372
SV03643,LHP0372
SV03680,LHP0372
SV03684,LHP0372
SV03686,LHP0372
SV03694,LHP0372
SV03698,LHP0372
SV03733,LHP0372
SV03740,LHP0372
SV03747,LHP0372
SV03753,LHP0372
SV03765,LHP0372
SV03786,LHP0372
SV03806,LHP0372
SV03807,LHP0372
SV03812,LHP0372
SV03824,LHP0372
SV03841,LHP0372
SV03846,LHP0372
SV03848,LHP0372
SV00085,LHP0373
SV00101,LHP0373
SV00106,LHP0373
SV00116,LHP0373
SV00121,LHP0373
SV00134,LHP0373
SV00140,LHP0373
SV00142,LHP0373
SV00154,LHP0373
SV00158,LHP0373
SV00167,LHP0373
SV00173,LHP0373
SV00179,LHP0373
SV00183,LHP0373
SV00189,LHP0373
SV00199,LHP0373
SV00206,LHP0373
SV00209,LHP0373
SV00219,LHP0373
SV00227,LHP0373
SV00229,LHP0373
SV00235,LHP0373
SV00246,LHP0373
SV00248,LHP0373
SV00266,LHP0373
SV00275,LHP0373
SV00281,LHP0373
SV00286,LHP0373
SV00291,LHP0373
SV00296,LHP0373
SV00305,LHP0373
SV00327,LHP0373
SV00341,LHP0373
SV00351,LHP0373
SV00362,LHP0373
SV00366,LHP0373
SV00368,LHP0373
SV00373,LHP0373
SV00374,LHP0373
SV00375,LHP0373
SV00377,LHP0373
SV00381,LHP0373
SV00382,LHP0373
SV00383,LHP0373
SV00384,LHP0373
SV00385,LHP0373
SV00389,LHP0373
SV00390,LHP0373
SV00392,LHP0373
SV00393,LHP0373
SV00397,LHP0373
SV00398,LHP0373
SV00401,LHP0373
SV00403,LHP0373
SV00408,LHP0373
SV00410,LHP0373
SV00411,LHP0373
SV00417,LHP0373
SV00420,LHP0373
SV00421,LHP0373
SV01042,LHP0374
SV01064,LHP0374
SV01066,LHP0374
SV01081,LHP0374
SV01083,LHP0374
SV01103,LHP0374
SV01108,LHP0374
SV01109,LHP0374
SV01130,LHP0374
SV01132,LHP0374
SV01136,LHP0374
SV01142,LHP0374
SV01143,LHP0374
SV01147,LHP0374
SV01149,LHP0374
SV01150,LHP0374
SV01151,LHP0374
SV01152,LHP0374
SV01153,LHP0374
SV01154,LHP0374
SV01155,LHP0374
SV01156,LHP0374
SV01157,LHP0374
SV01158,LHP0374
SV01159,LHP0374
SV01160,LHP0374
SV01161,LHP0374
SV01162,LHP0374
SV01163,LHP0374
SV01164,LHP0374
SV01165,LHP0374
SV01166,LHP0374
SV01167,LHP0374
SV01168,LHP0374
SV01170,LHP0374
SV01171,LHP0374
SV01172,LHP0374
SV01173,LHP0374
SV01174,LHP0374
SV01175,LHP0374
SV01176,LHP0374
SV01177,LHP0374
SV01178,LHP0374
SV01179,LHP0374
SV01180,LHP0374
SV01181,LHP0374
SV01182,LHP0374
SV01183,LHP0374
SV01184,LHP0374
SV01185,LHP0374
SV01186,LHP0374
SV01187,LHP0374
SV01188,LHP0374
SV01189,LHP0374
SV01190,LHP0374
SV01205,LHP0374
SV01206,LHP0374
SV01207,LHP0374
SV01208,LHP0374
SV01209,LHP0374
SV01210,LHP0374
SV01211,LHP0374
SV01212,LHP0374
SV01213,LHP0374
SV01214,LHP0374
SV01215,LHP0374
SV01216,LHP0374
SV01217,LHP0374
SV01218,LHP0374
SV01219,LHP0374
SV01220,LHP0374
SV00405,LHP0375
SV00410,LHP0375
SV00509,LHP0375
SV00512,LHP0375
SV00518,LHP0375
SV00526,LHP0375
SV00546,LHP0375
SV00550,LHP0375
SV00569,LHP0375
SV00587,LHP0375
SV00588,LHP0375
SV00590,LHP0375
SV00591,LHP0375
SV00593,LHP0375
SV00596,LHP0375
SV00597,LHP0375
SV00598,LHP0375
SV00613,LHP0375
SV00615,LHP0375
SV00617,LHP0375
SV00621,LHP0375
SV00625,LHP0375
SV00633,LHP0375
SV00636,LHP0375
SV00637,LHP0375
SV00641,LHP0375
SV00643,LHP0375
SV00644,LHP0375
SV00654,LHP0375
SV00655,LHP0375
SV00657,LHP0375
SV00660,LHP0375
SV00661,LHP0375
SV00662,LHP0375
SV00664,LHP0375
SV00666,LHP0375
SV00667,LHP0375
SV00672,LHP0375
SV00675,LHP0375
SV00679,LHP0375
SV00685,LHP0375
SV00689,LHP0375
SV00690,LHP0375
SV00692,LHP0375
SV00693,LHP0375
SV00695,LHP0375
SV00696,LHP0375
SV00697,LHP0375
SV00698,LHP0375
SV00699,LHP0375
SV00700,LHP0375
SV00701,LHP0375
SV00702,LHP0375
SV00705,LHP0375
SV00706,LHP0375
SV00707,LHP0375
SV00709,LHP0375
SV00712,LHP0375
SV00713,LHP0375
SV00715,LHP0375
SV00716,LHP0375
SV00717,LHP0375
SV00718,LHP0375
SV00719,LHP0375
SV03004,LHP0376
SV03007,LHP0376
SV03008,LHP0376
SV03014,LHP0376
SV03028,LHP0376
SV03032,LHP0376
SV03046,LHP0376
SV03049,LHP0376
SV03067,LHP0376
SV03071,LHP0376
SV03074,LHP0376
SV03077,LHP0376
SV03092,LHP0376
SV03105,LHP0376
SV03119,LHP0376
SV03130,LHP0376
SV03134,LHP0376
SV03163,LHP0376
SV03180,LHP0376
SV03188,LHP0376
SV03193,LHP0376
SV03196,LHP0376
SV03201,LHP0376
SV03202,LHP0376
SV03216,LHP0376
SV03220,LHP0376
SV03242,LHP0376
SV03244,LHP0376
SV03247,LHP0376
SV03258,LHP0376
SV03276,LHP0376
SV03281,LHP0376
SV03293,LHP0376
SV03295,LHP0376
SV03301,LHP0376
SV03312,LHP0376
SV03319,LHP0376
SV03324,LHP0376
SV03325,LHP0376
SV03332,LHP0376
SV03336,LHP0376
SV03339,LHP0376
SV03341,LHP0376
SV03351,LHP0376
SV03353,LHP0376
SV03355,LHP0376
SV03365,LHP0376
SV03366,LHP0376
SV03367,LHP0376
SV03369,LHP0376
SV03376,LHP0376
SV03378,LHP0376
SV03381,LHP0376
SV03383,LHP0376
SV03387,LHP0376
SV03388,LHP0376
SV01333,LHP0377
SV01335,LHP0377
SV01345,LHP0377
SV01350,LHP0377
SV01359,LHP0377
SV01374,LHP0377
SV01395,LHP0377
SV01398,LHP0377
SV01400,LHP0377
SV01406,LHP0377
SV01412,LHP0377
SV01416,LHP0377
SV01465,LHP0377
SV01469,LHP0377
SV01474,LHP0377
SV01482,LHP0377
SV01510,LHP0377
SV01528,LHP0377
SV01529,LHP0377
SV01545,LHP0377
SV01548,LHP0377
SV01554,LHP0377
SV01558,LHP0377
SV01559,LHP0377
SV01561,LHP0377
SV01564,LHP0377
SV01565,LHP0377
SV01567,LHP0377
SV01569,LHP0377
SV01570,LHP0377
SV01574,LHP0377
SV01575,LHP0377
SV01576,LHP0377
SV01579,LHP0377
SV01586,LHP0377
SV01594,LHP0377
SV01595,LHP0377
SV01599,LHP0377
SV01600,LHP0377
SV01604,LHP0377
SV01605,LHP0377
SV01606,LHP0377
SV01607,LHP0377
SV01611,LHP0377
SV01612,LHP0377
SV01613,LHP0377
SV01614,LHP0377
SV01615,LHP0377
SV01617,LHP0377
SV01618,LHP0377
SV01619,LHP0377
SV01621,LHP0377
SV01623,LHP0377
SV01625,LHP0377
SV01626,LHP0377
SV01627,LHP0377
SV01630,LHP0377
SV01631,LHP0377
SV01633,LHP0377
SV01638,LHP0377
SV01641,LHP0377
SV01643,LHP0377
SV01648,LHP0377
SV01649,LHP0377
SV01650,LHP0377
SV01651,LHP0377
SV01653,LHP0377
SV01657,LHP0377
SV01658,LHP0377
SV01659,LHP0377
SV01660,LHP0377
SV01663,LHP0377
SV01664,LHP0377
SV01665,LHP0377
SV01669,LHP0377
SV01670,LHP0377
SV01672,LHP0377
SV01673,LHP0377
SV01674,LHP0377
SV01675,LHP0377
SV04109,LHP0378
SV04194,LHP0378
SV04260,LHP0378
SV04264,LHP0378
SV04269,LHP0378
SV04314,LHP0378
SV04317,LHP0378
SV04318,LHP0378
SV04319,LHP0378
SV04340,LHP0378
SV04342,LHP0378
SV04348,LHP0378
SV04355,LHP0378
SV04358,LHP0378
SV04359,LHP0378
SV04362,LHP0378
SV04363,LHP0378
SV04367,LHP0378
SV04368,LHP0378
SV04370,LHP0378
SV04371,LHP0378
SV04375,LHP0378
SV04383,LHP0378
SV04387,LHP0378
SV04397,LHP0378
SV04404,LHP0378
SV04407,LHP0378
SV04420,LHP0378
SV04421,LHP0378
SV04424,LHP0378
SV04429,LHP0378
SV04432,LHP0378
SV01822,LHP0379
SV01870,LHP0379
SV01873,LHP0379
SV01884,LHP0379
SV01888,LHP0379
SV01891,LHP0379
SV01896,LHP0379
SV01899,LHP0379
SV01902,LHP0379
SV01915,LHP0379
SV01918,LHP0379
SV01919,LHP0379
SV01920,LHP0379
SV01921,LHP0379
SV01925,LHP0379
SV01926,LHP0379
SV01928,LHP0379
SV01929,LHP0379
SV01937,LHP0379
SV01940,LHP0379
SV01942,LHP0379
SV01946,LHP0379
SV01948,LHP0379
SV01949,LHP0379
SV01950,LHP0379
SV01955,LHP0379
SV01956,LHP0379
SV01959,LHP0379
SV01961,LHP0379
SV01966,LHP0379
SV01971,LHP0379
SV01974,LHP0379
SV01977,LHP0379
SV01981,LHP0379
SV01982,LHP0379
SV01983,LHP0379
SV01984,LHP0379
SV01986,LHP0379
SV01988,LHP0379
SV01989,LHP0379
SV01990,LHP0379
SV01994,LHP0379
SV01995,LHP0379
SV01996,LHP0379
SV01999,LHP0379
SV02000,LHP0379
SV02002,LHP0379
SV02003,LHP0379
SV04435,LHP0380
SV04497,LHP0380
SV04507,LHP0380
SV04508,LHP0380
SV04509,LHP0380
SV04510,LHP0380
SV04515,LHP0380
SV04520,LHP0380
SV04527,LHP0380
SV04546,LHP0380
SV04547,LHP0380
SV04548,LHP0380
SV04549,LHP0380
SV04550,LHP0380
SV04551,LHP0380
SV04552,LHP0380
SV04553,LHP0380
SV04554,LHP0380
SV04555,LHP0380
SV04556,LHP0380
SV04557,LHP0380
SV04558,LHP0380
SV04559,LHP0380
SV04560,LHP0380
SV04561,LHP0380
SV04562,LHP0380
SV04563,LHP0380
SV04564,LHP0380
SV04565,LHP0380
SV04566,LHP0380
SV04567,LHP0380
SV04568,LHP0380
SV04569,LHP0380
SV04570,LHP0380
SV04571,LHP0380
SV04572,LHP0380
SV04573,LHP0380
SV04574,LHP0380
SV04575,LHP0380
SV04576,LHP0380
SV04577,LHP0380
SV04578,LHP0380
SV04579,LHP0380
SV04580,LHP0380
SV04581,LHP0380
SV04582,LHP0380
SV04583,LHP0380
SV04584,LHP0380
SV04585,LHP0380
SV04586,LHP0380
SV04587,LHP0380
SV04588,LHP0380
SV04589,LHP0380
SV04590,LHP0380
SV04591,LHP0380
SV04592,LHP0380
SV04593,LHP0380
SV04594,LHP0380
SV04595,LHP0380
SV04596,LHP0380
SV04597,LHP0380
SV04598,LHP0380
SV00494,LHP0381
SV00495,LHP0381
SV00498,LHP0381
SV00499,LHP0381
SV00500,LHP0381
SV00501,LHP0381
SV00502,LHP0381
SV00503,LHP0381
SV00504,LHP0381
SV00505,LHP0381
SV00506,LHP0381
SV00507,LHP0381
SV00508,LHP0381
SV00509,LHP0381
SV00510,LHP0381
SV00511,LHP0381
SV00512,LHP0381
SV00513,LHP0381
SV00514,LHP0381
SV00515,LHP0381
SV00516,LHP0381
SV00517,LHP0381
SV00518,LHP0381
SV00519,LHP0381
SV00520,LHP0381
SV00521,LHP0381
SV00522,LHP0381
SV00523,LHP0381
SV00524,LHP0381
SV00525,LHP0381
SV00526,LHP0381
SV00527,LHP0381
SV00528,LHP0381
SV00529,LHP0381
SV00530,LHP0381
SV00531,LHP0381
SV00532,LHP0381
SV00533,LHP0381
SV00534,LHP0381
SV00535,LHP0381
SV00536,LHP0381
SV00537,LHP0381
SV00538,LHP0381
SV00539,LHP0381
SV00540,LHP0381
SV00541,LHP0381
SV00542,LHP0381
SV00543,LHP0381
SV00544,LHP0381
SV00545,LHP0381
SV00546,LHP0381
SV00547,LHP0381
SV00548,LHP0381
SV00549,LHP0381
SV00550,LHP0381
SV00551,LHP0381
SV00552,LHP0381
SV00553,LHP0381
SV00554,LHP0381
SV00555,LHP0381
SV00556,LHP0381
SV00557,LHP0381
SV00558,LHP0381
SV00559,LHP0381
SV00560,LHP0381
SV00561,LHP0381
SV00562,LHP0381
SV00563,LHP0381
SV00564,LHP0381
SV00565,LHP0381
SV00566,LHP0381
SV00567,LHP0381
SV00568,LHP0381
SV00569,LHP0381
SV00570,LHP0381
SV00571,LHP0381
SV03386,LHP0382
SV03489,LHP0382
SV03521,LHP0382
SV03523,LHP0382
SV03562,LHP0382
SV03584,LHP0382
SV03608,LHP0382
SV03629,LHP0382
SV03630,LHP0382
SV03647,LHP0382
SV03652,LHP0382
SV03653,LHP0382
SV03655,LHP0382
SV03662,LHP0382
SV03663,LHP0382
SV03665,LHP0382
SV03675,LHP0382
SV03726,LHP0382
SV03737,LHP0382
SV03741,LHP0382
SV03767,LHP0382
SV03774,LHP0382
SV03795,LHP0382
SV03799,LHP0382
SV03812,LHP0382
SV03820,LHP0382
SV03849,LHP0382
SV03852,LHP0382
SV03862,LHP0382
SV03872,LHP0382
SV03874,LHP0382
SV03875,LHP0382
SV03886,LHP0382
SV03891,LHP0382
SV03893,LHP0382
SV03896,LHP0382
SV03897,LHP0382
SV03902,LHP0382
SV03903,LHP0382
SV03910,LHP0382
SV03912,LHP0382
SV03913,LHP0382
SV03916,LHP0382
SV03918,LHP0382
SV03920,LHP0382
SV03921,LHP0382
SV03922,LHP0382
SV03924,LHP0382
SV03927,LHP0382
SV03934,LHP0382
SV03936,LHP0382
SV03940,LHP0382
SV03941,LHP0382
SV03943,LHP0382
SV03949,LHP0382
SV03952,LHP0382
SV03955,LHP0382
SV03970,LHP0382
SV03980,LHP0382
SV03984,LHP0382
SV03985,LHP0382
SV03988,LHP0382
SV03989,LHP0382
SV03991,LHP0382
SV04067,LHP0382
SV04068,LHP0382
SV04072,LHP0382
SV04075,LHP0382
SV04076,LHP0382
SV04078,LHP0382
SV04085,LHP0382
SV04087,LHP0382
SV04088,LHP0382
SV04090,LHP0382
SV04092,LHP0382
SV04094,LHP0382
SV04095,LHP0382
SV04098,LHP0382
SV04099,LHP0382
SV04101,LHP0382
SV01864,LHP0383
SV01866,LHP0383
SV01868,LHP0383
SV01870,LHP0383
SV01871,LHP0383
SV01873,LHP0383
SV01879,LHP0383
SV01880,LHP0383
SV01882,LHP0383
SV01884,LHP0383
SV01886,LHP0383
SV01887,LHP0383
SV01888,LHP0383
SV01890,LHP0383
SV01892,LHP0383
SV01893,LHP0383
SV01894,LHP0383
SV01898,LHP0383
SV01899,LHP0383
SV01902,LHP0383
SV01904,LHP0383
SV01905,LHP0383
SV01906,LHP0383
SV01907,LHP0383
SV01909,LHP0383
SV01910,LHP0383
SV01911,LHP0383
SV01912,LHP0383
SV01913,LHP0383
SV01915,LHP0383
SV01920,LHP0383
SV01921,LHP0383
SV01922,LHP0383
SV01923,LHP0383
SV01925,LHP0383
SV01926,LHP0383
SV01928,LHP0383
SV01931,LHP0383
SV01934,LHP0383
SV01936,LHP0383
SV01937,LHP0383
SV01938,LHP0383
SV01941,LHP0383
SV01944,LHP0383
SV01945,LHP0383
SV01946,LHP0383
SV01947,LHP0383
SV01948,LHP0383
SV01949,LHP0383
SV01951,LHP0383
SV01952,LHP0383
SV01955,LHP0383
SV01957,LHP0383
SV01958,LHP0383
SV01959,LHP0383
SV01965,LHP0383
SV01966,LHP0383
SV01967,LHP0383
SV01969,LHP0383
SV01970,LHP0383
SV01972,LHP0383
SV01973,LHP0383
SV01974,LHP0383
SV01975,LHP0383
SV01976,LHP0383
SV01977,LHP0383
SV01978,LHP0383
SV01980,LHP0383
SV01981,LHP0383
SV01984,LHP0383
SV02928,LHP0384
SV02935,LHP0384
SV02977,LHP0384
SV03004,LHP0384
SV03045,LHP0384
SV03188,LHP0384
SV03228,LHP0384
SV03269,LHP0384
SV03275,LHP0384
SV03282,LHP0384
SV03300,LHP0384
SV03306,LHP0384
SV03312,LHP0384
SV03320,LHP0384
SV03328,LHP0384
SV03337,LHP0384
SV03347,LHP0384
SV03367,LHP0384
SV03379,LHP0384
SV03386,LHP0384
SV03410,LHP0384
SV03416,LHP0384
SV03432,LHP0384
SV03434,LHP0384
SV03443,LHP0384
SV03452,LHP0384
SV03455,LHP0384
SV03462,LHP0384
SV03467,LHP0384
SV03469,LHP0384
SV03471,LHP0384
SV03473,LHP0384
SV03475,LHP0384
SV03477,LHP0384
SV03483,LHP0384
SV03489,LHP0384
SV03501,LHP0384
SV03502,LHP0384
SV03503,LHP0384
SV03504,LHP0384
SV03520,LHP0384
SV03522,LHP0384
SV03528,LHP0384
SV03533,LHP0384
SV03550,LHP0384
SV03558,LHP0384
SV03560,LHP0384
SV03566,LHP0384
SV03571,LHP0384
SV03576,LHP0384
SV03578,LHP0384
SV03580,LHP0384
SV03581,LHP0384
SV03587,LHP0384
SV03590,LHP0384
SV03433,LHP0385
SV03596,LHP0385
SV03715,LHP0385
SV03726,LHP0385
SV03882,LHP0385
SV03888,LHP0385
SV03893,LHP0385
SV03904,LHP0385
SV03912,LHP0385
SV03918,LHP0385
SV03921,LHP0385
SV03925,LHP0385
SV03962,LHP0385
SV03996,LHP0385
SV04020,LHP0385
SV04026,LHP0385
SV04028,LHP0385
SV04036,LHP0385
SV04045,LHP0385
SV04061,LHP0385
SV04083,LHP0385
SV04094,LHP0385
SV04097,LHP0385
SV04098,LHP0385
SV04103,LHP0385
SV04108,LHP0385
SV04109,LHP0385
SV04120,LHP0385
SV04122,LHP0385
SV04124,LHP0385
SV04128,LHP0385
SV04135,LHP0385
SV04153,LHP0385
SV04157,LHP0385
SV04164,LHP0385
SV04166,LHP0385
SV04169,LHP0385
SV04171,LHP0385
SV04172,LHP0385
SV04175,LHP0385
SV04190,LHP0385
SV04192,LHP0385
SV04198,LHP0385
SV04203,LHP0385
SV04208,LHP0385
SV00655,LHP0386
SV00658,LHP0386
SV00659,LHP0386
SV00660,LHP0386
SV00662,LHP0386
SV00664,LHP0386
SV00671,LHP0386
SV00672,LHP0386
SV00675,LHP0386
SV00676,LHP0386
SV00677,LHP0386
SV00678,LHP0386
SV00679,LHP0386
SV00681,LHP0386
SV00682,LHP0386
SV00683,LHP0386
SV00686,LHP0386
SV00688,LHP0386
SV00693,LHP0386
SV00694,LHP0386
SV00696,LHP0386
SV00697,LHP0386
SV00698,LHP0386
SV00699,LHP0386
SV00701,LHP0386
SV00702,LHP0386
SV00705,LHP0386
SV00707,LHP0386
SV00711,LHP0386
SV00713,LHP0386
SV00714,LHP0386
SV00716,LHP0386
SV00718,LHP0386
SV00719,LHP0386
SV00721,LHP0386
SV00722,LHP0386
SV00723,LHP0386
SV00725,LHP0386
SV00726,LHP0386
SV00727,LHP0386
SV00728,LHP0386
SV00729,LHP0386
SV00730,LHP0386
SV00731,LHP0386
SV00732,LHP0386
SV00734,LHP0386
SV00735,LHP0386
SV00736,LHP0386
SV00737,LHP0386
SV00738,LHP0386
SV00739,LHP0386
SV00424,LHP0387
SV00425,LHP0387
SV00426,LHP0387
SV00427,LHP0387
SV00429,LHP0387
SV00430,LHP0387
SV00431,LHP0387
SV00432,LHP0387
SV00433,LHP0387
SV00434,LHP0387
SV00435,LHP0387
SV00436,LHP0387
SV00437,LHP0387
SV00438,LHP0387
SV00439,LHP0387
SV00440,LHP0387
SV00443,LHP0387
SV00444,LHP0387
SV00445,LHP0387
SV00446,LHP0387
SV00447,LHP0387
SV00448,LHP0387
SV00449,LHP0387
SV00450,LHP0387
SV00451,LHP0387
SV00452,LHP0387
SV00453,LHP0387
SV00454,LHP0387
SV00455,LHP0387
SV00456,LHP0387
SV00457,LHP0387
SV00458,LHP0387
SV00460,LHP0387
SV00461,LHP0387
SV00462,LHP0387
SV00463,LHP0387
SV00464,LHP0387
SV00465,LHP0387
SV00466,LHP0387
SV00467,LHP0387
SV00468,LHP0387
SV00470,LHP0387
SV00471,LHP0387
SV00472,LHP0387
SV00473,LHP0387
SV00474,LHP0387
SV00475,LHP0387
SV00479,LHP0387
SV00480,LHP0387
SV00481,LHP0387
SV00482,LHP0387
SV00483,LHP0387
SV00484,LHP0387
SV00486,LHP0387
SV00488,LHP0387
SV00489,LHP0387
SV00490,LHP0387
SV00492,LHP0387
SV00493,LHP0387
SV00494,LHP0387
SV00495,LHP0387
SV00496,LHP0387
SV00497,LHP0387
SV00498,LHP0387
SV00499,LHP0387
SV00500,LHP0387
SV00501,LHP0387
SV00502,LHP0387
SV00503,LHP0387
SV00504,LHP0387
SV00505,LHP0387
SV00506,LHP0387
SV00507,LHP0387
SV00508,LHP0387
SV03389,LHP0388
SV03642,LHP0388
SV03882,LHP0388
SV03884,LHP0388
SV03892,LHP0388
SV03962,LHP0388
SV03990,LHP0388
SV04073,LHP0388
SV04100,LHP0388
SV04130,LHP0388
SV04133,LHP0388
SV04144,LHP0388
SV04147,LHP0388
SV04148,LHP0388
SV04152,LHP0388
SV04153,LHP0388
SV04154,LHP0388
SV04156,LHP0388
SV04157,LHP0388
SV04161,LHP0388
SV04162,LHP0388
SV04165,LHP0388
SV04166,LHP0388
SV04167,LHP0388
SV04172,LHP0388
SV04173,LHP0388
SV04175,LHP0388
SV04177,LHP0388
SV04181,LHP0388
SV04183,LHP0388
SV04184,LHP0388
SV04187,LHP0388
SV04189,LHP0388
SV04190,LHP0388
SV04195,LHP0388
SV04196,LHP0388
SV04199,LHP0388
SV04201,LHP0388
SV04202,LHP0388
SV04203,LHP0388
SV04206,LHP0388
SV04210,LHP0388
SV04211,LHP0388
SV04212,LHP0388
SV04218,LHP0388
SV04219,LHP0388
SV04220,LHP0388
SV04221,LHP0388
SV04230,LHP0388
SV04234,LHP0388
SV04235,LHP0388
SV04238,LHP0388
SV04240,LHP0388
SV04242,LHP0388
SV04243,LHP0388
SV03461,LHP0389
SV03466,LHP0389
SV03467,LHP0389
SV03476,LHP0389
SV03478,LHP0389
SV03480,LHP0389
SV03483,LHP0389
SV03495,LHP0389
SV03497,LHP0389
SV03499,LHP0389
SV03518,LHP0389
SV03521,LHP0389
SV03525,LHP0389
SV03532,LHP0389
SV03599,LHP0389
SV03608,LHP0389
SV03609,LHP0389
SV03611,LHP0389
SV03612,LHP0389
SV03617,LHP0389
SV03619,LHP0389
SV03626,LHP0389
SV03628,LHP0389
SV03631,LHP0389
SV03632,LHP0389
SV03642,LHP0389
SV03646,LHP0389
SV03650,LHP0389
SV03651,LHP0389
SV03653,LHP0389
SV03656,LHP0389
SV03663,LHP0389
SV03668,LHP0389
SV03675,LHP0389
SV03680,LHP0389
SV03683,LHP0389
SV03685,LHP0389
SV03686,LHP0389
SV03688,LHP0389
SV03691,LHP0389
SV03695,LHP0389
SV03708,LHP0389
SV03711,LHP0389
SV03716,LHP0389
SV03720,LHP0389
SV03726,LHP0389
SV03730,LHP0389
SV03738,LHP0389
SV03746,LHP0389
SV03752,LHP0389
SV03754,LHP0389
SV03757,LHP0389
SV03764,LHP0389
SV03765,LHP0389
SV03767,LHP0389
SV03774,LHP0389
SV03775,LHP0389
SV03781,LHP0389
SV03789,LHP0389
SV03794,LHP0389
SV03801,LHP0389
SV03805,LHP0389
SV03810,LHP0389
SV03812,LHP0389
SV03818,LHP0389
SV03819,LHP0389
SV03821,LHP0389
SV03824,LHP0389
SV03829,LHP0389
SV03834,LHP0389
SV03836,LHP0389
SV03837,LHP0389
SV03838,LHP0389
SV03843,LHP0389
SV02802,LHP0390
SV02803,LHP0390
SV02804,LHP0390
SV02805,LHP0390
SV02806,LHP0390
SV02807,LHP0390
SV02808,LHP0390
SV02809,LHP0390
SV02810,LHP0390
SV02811,LHP0390
SV02812,LHP0390
SV02813,LHP0390
SV02814,LHP0390
SV02815,LHP0390
SV02816,LHP0390
SV02817,LHP0390
SV02818,LHP0390
SV02819,LHP0390
SV02820,LHP0390
SV02821,LHP0390
SV02822,LHP0390
SV02823,LHP0390
SV02824,LHP0390
SV02825,LHP0390
SV02826,LHP0390
SV02827,LHP0390
SV02828,LHP0390
SV02829,LHP0390
SV02830,LHP0390
SV02831,LHP0390
SV02832,LHP0390
SV02833,LHP0390
SV02834,LHP0390
SV02835,LHP0390
SV02836,LHP0390
SV02837,LHP0390
SV02838,LHP0390
SV02839,LHP0390
SV02840,LHP0390
SV02841,LHP0390
SV02842,LHP0390
SV02843,LHP0390
SV02844,LHP0390
SV02845,LHP0390
SV03108,LHP0391
SV03209,LHP0391
SV03342,LHP0391
SV03449,LHP0391
SV03455,LHP0391
SV03468,LHP0391
SV03472,LHP0391
SV03489,LHP0391
SV03540,LHP0391
SV03562,LHP0391
SV03662,LHP0391
SV03678,LHP0391
SV03692,LHP0391
SV03741,LHP0391
SV03838,LHP0391
SV03849,LHP0391
SV03858,LHP0391
SV03862,LHP0391
SV03864,LHP0391
SV03872,LHP0391
SV03873,LHP0391
SV03874,LHP0391
SV03888,LHP0391
SV03897,LHP0391
SV03905,LHP0391
SV03912,LHP0391
SV03924,LHP0391
SV03925,LHP0391
SV03944,LHP0391
SV03951,LHP0391
SV03973,LHP0391
SV03991,LHP0391
SV04001,LHP0391
SV04027,LHP0391
SV04035,LHP0391
SV04043,LHP0391
SV04045,LHP0391
SV04046,LHP0391
SV04056,LHP0391
SV04062,LHP0391
SV04069,LHP0391
SV04070,LHP0391
SV04072,LHP0391
SV04074,LHP0391
SV04076,LHP0391
SV04077,LHP0391
SV04079,LHP0391
SV04083,LHP0391
SV04090,LHP0391
SV04094,LHP0391
SV04100,LHP0391
SV04102,LHP0391
SV04105,LHP0391
SV02945,LHP0392
SV03117,LHP0392
SV03118,LHP0392
SV03120,LHP0392
SV03121,LHP0392
SV03123,LHP0392
SV03129,LHP0392
SV03131,LHP0392
SV03133,LHP0392
SV03137,LHP0392
SV03139,LHP0392
SV03140,LHP0392
SV03141,LHP0392
SV03146,LHP0392
SV03154,LHP0392
SV03156,LHP0392
SV03159,LHP0392
SV03160,LHP0392
SV03162,LHP0392
SV03164,LHP0392
SV03165,LHP0392
SV03169,LHP0392
SV03174,LHP0392
SV03176,LHP0392
SV03182,LHP0392
SV03187,LHP0392
SV03195,LHP0392
SV03200,LHP0392
SV03203,LHP0392
SV03204,LHP0392
SV03207,LHP0392
SV03208,LHP0392
SV03209,LHP0392
SV03210,LHP0392
SV03215,LHP0392
SV03217,LHP0392
SV03219,LHP0392
SV03222,LHP0392
SV03224,LHP0392
SV03229,LHP0392
SV03232,LHP0392
SV03233,LHP0392
SV03236,LHP0392
SV03239,LHP0392
SV03246,LHP0392
SV03248,LHP0392
SV03251,LHP0392
SV03257,LHP0392
SV03259,LHP0392
SV03261,LHP0392
SV03262,LHP0392
SV03263,LHP0392
SV03264,LHP0392
SV03265,LHP0392
SV03272,LHP0392
SV03273,LHP0392
SV03275,LHP0392
SV03277,LHP0392
SV03280,LHP0392
SV03282,LHP0392
SV03286,LHP0392
SV03287,LHP0392
SV03288,LHP0392
SV03290,LHP0392
SV03291,LHP0392
SV03297,LHP0392
SV03300,LHP0392
SV03304,LHP0392
SV03305,LHP0392
SV03313,LHP0392
SV03317,LHP0392
SV03318,LHP0392
SV02982,LHP0393
SV02984,LHP0393
SV03000,LHP0393
SV03009,LHP0393
SV03021,LHP0393
SV03029,LHP0393
SV03037,LHP0393
SV03052,LHP0393
SV03070,LHP0393
SV03088,LHP0393
SV03107,LHP0393
SV03109,LHP0393
SV03121,LHP0393
SV03123,LHP0393
SV03125,LHP0393
SV03127,LHP0393
SV03132,LHP0393
SV03136,LHP0393
SV03137,LHP0393
SV03149,LHP0393
SV03153,LHP0393
SV03166,LHP0393
SV03168,LHP0393
SV03175,LHP0393
SV03183,LHP0393
SV03191,LHP0393
SV03192,LHP0393
SV03197,LHP0393
SV03199,LHP0393
SV03207,LHP0393
SV03213,LHP0393
SV03215,LHP0393
SV03217,LHP0393
SV03219,LHP0393
SV03221,LHP0393
SV03233,LHP0393
SV03235,LHP0393
SV03236,LHP0393
SV03256,LHP0393
SV03257,LHP0393
SV03259,LHP0393
SV03260,LHP0393
SV03261,LHP0393
SV03262,LHP0393
SV03264,LHP0393
SV03266,LHP0393
SV03270,LHP0393
SV03277,LHP0393
SV03278,LHP0393
SV03283,LHP0393
SV03285,LHP0393
SV03289,LHP0393
SV03291,LHP0393
SV03294,LHP0393
SV03303,LHP0393
SV03305,LHP0393
SV03309,LHP0393
SV03311,LHP0393
SV03318,LHP0393
SV03323,LHP0393
SV03326,LHP0393
SV03327,LHP0393
SV03333,LHP0393
SV03335,LHP0393
SV03338,LHP0393
SV03340,LHP0393
SV03342,LHP0393
SV03345,LHP0393
SV03346,LHP0393
SV03354,LHP0393
SV03357,LHP0393
SV03362,LHP0393
SV03364,LHP0393
SV03368,LHP0393
SV03373,LHP0393
SV03390,LHP0393
SV03392,LHP0393
SV03400,LHP0393
SV03402,LHP0393
SV03404,LHP0393
SV01356,LHP0394
SV01362,LHP0394
SV01383,LHP0394
SV01397,LHP0394
SV01412,LHP0394
SV01425,LHP0394
SV01430,LHP0394
SV01433,LHP0394
SV01436,LHP0394
SV01441,LHP0394
SV01447,LHP0394
SV01449,LHP0394
SV01454,LHP0394
SV01457,LHP0394
SV01462,LHP0394
SV01464,LHP0394
SV01468,LHP0394
SV01473,LHP0394
SV01480,LHP0394
SV01488,LHP0394
SV01511,LHP0394
SV01520,LHP0394
SV01522,LHP0394
SV01525,LHP0394
SV01529,LHP0394
SV01530,LHP0394
SV01531,LHP0394
SV01532,LHP0394
SV01542,LHP0394
SV01543,LHP0394
SV01549,LHP0394
SV01550,LHP0394
SV01551,LHP0394
SV01552,LHP0394
SV01553,LHP0394
SV01554,LHP0394
SV01555,LHP0394
SV01557,LHP0394
SV01558,LHP0394
SV01559,LHP0394
SV01560,LHP0394
SV01564,LHP0394
SV01565,LHP0394
SV01566,LHP0394
SV01567,LHP0394
SV01568,LHP0394
SV01570,LHP0394
SV01571,LHP0394
SV01572,LHP0394
SV01574,LHP0394
SV01576,LHP0394
SV01578,LHP0394
SV01581,LHP0394
SV01584,LHP0394
SV01585,LHP0394
SV01586,LHP0394
SV01588,LHP0394
SV01590,LHP0394
SV01592,LHP0394
SV01593,LHP0394
SV01596,LHP0394
SV01597,LHP0394
SV01598,LHP0394
SV01599,LHP0394
SV01600,LHP0394
SV01603,LHP0394
SV03423,LHP0395
SV03430,LHP0395
SV03433,LHP0395
SV03449,LHP0395
SV03456,LHP0395
SV03460,LHP0395
SV03461,LHP0395
SV03468,LHP0395
SV03472,LHP0395
SV03476,LHP0395
SV03478,LHP0395
SV03485,LHP0395
SV03488,LHP0395
SV03489,LHP0395
SV03497,LHP0395
SV03505,LHP0395
SV03506,LHP0395
SV03507,LHP0395
SV03513,LHP0395
SV03516,LHP0395
SV03519,LHP0395
SV03525,LHP0395
SV03529,LHP0395
SV03531,LHP0395
SV03543,LHP0395
SV03544,LHP0395
SV03547,LHP0395
SV03549,LHP0395
SV03553,LHP0395
SV03556,LHP0395
SV03580,LHP0395
SV03584,LHP0395
SV03588,LHP0395
SV03589,LHP0395
SV03590,LHP0395
SV03595,LHP0395
SV03596,LHP0395
SV03601,LHP0395
SV03606,LHP0395
SV03607,LHP0395
SV03624,LHP0395
SV03627,LHP0395
SV03630,LHP0395
SV03636,LHP0395
SV03639,LHP0395
SV03642,LHP0395
SV03644,LHP0395
SV03657,LHP0395
SV03660,LHP0395
SV03663,LHP0395
SV03665,LHP0395
SV03669,LHP0395
SV03672,LHP0395
SV03673,LHP0395
SV03674,LHP0395
SV03679,LHP0395
SV03680,LHP0395
SV03685,LHP0395
SV03688,LHP0395
SV03689,LHP0395
SV03694,LHP0395
SV03697,LHP0395
SV03698,LHP0395
SV03700,LHP0395
SV03702,LHP0395
SV03707,LHP0395
SV02228,LHP0396
SV02264,LHP0396
SV02266,LHP0396
SV02274,LHP0396
SV02284,LHP0396
SV02292,LHP0396
SV02295,LHP0396
SV02296,LHP0396
SV02297,LHP0396
SV02303,LHP0396
SV02305,LHP0396
SV02306,LHP0396
SV02308,LHP0396
SV02309,LHP0396
SV02311,LHP0396
SV02312,LHP0396
SV02316,LHP0396
SV02317,LHP0396
SV02319,LHP0396
SV02320,LHP0396
SV02321,LHP0396
SV02322,LHP0396
SV02323,LHP0396
SV02324,LHP0396
SV02325,LHP0396
SV02327,LHP0396
SV02328,LHP0396
SV02330,LHP0396
SV02331,LHP0396
SV02332,LHP0396
SV02333,LHP0396
SV02334,LHP0396
SV02335,LHP0396
SV02337,LHP0396
SV02339,LHP0396
SV02345,LHP0396
SV02347,LHP0396
SV03969,LHP0397
SV04186,LHP0397
SV04213,LHP0397
SV04217,LHP0397
SV04222,LHP0397
SV04248,LHP0397
SV04252,LHP0397
SV04260,LHP0397
SV04261,LHP0397
SV04263,LHP0397
SV04268,LHP0397
SV04269,LHP0397
SV04280,LHP0397
SV04286,LHP0397
SV04287,LHP0397
SV04293,LHP0397
SV04295,LHP0397
SV04304,LHP0397
SV04308,LHP0397
SV04311,LHP0397
SV04312,LHP0397
SV04313,LHP0397
SV04314,LHP0397
SV04318,LHP0397
SV04319,LHP0397
SV04321,LHP0397
SV04324,LHP0397
SV04325,LHP0397
SV04340,LHP0397
SV04342,LHP0397
SV04349,LHP0397
SV04358,LHP0397
SV04362,LHP0397
SV04363,LHP0397
SV04370,LHP0397
SV04371,LHP0397
SV04372,LHP0397
SV04374,LHP0397
SV04376,LHP0397
SV04377,LHP0397
SV04378,LHP0397
SV04379,LHP0397
SV04385,LHP0397
SV04388,LHP0397
SV04393,LHP0397
SV04397,LHP0397
SV04398,LHP0397
SV04401,LHP0397
SV04404,LHP0397
SV04411,LHP0397
SV04413,LHP0397
SV04418,LHP0397
SV04421,LHP0397
SV04422,LHP0397
SV04423,LHP0397
SV04425,LHP0397
SV04426,LHP0397
SV04434,LHP0397
SV01464,LHP0398
SV01465,LHP0398
SV01466,LHP0398
SV01467,LHP0398
SV01468,LHP0398
SV01469,LHP0398
SV01470,LHP0398
SV01471,LHP0398
SV01472,LHP0398
SV01473,LHP0398
SV01474,LHP0398
SV01475,LHP0398
SV01476,LHP0398
SV01477,LHP0398
SV01478,LHP0398
SV01479,LHP0398
SV01480,LHP0398
SV01481,LHP0398
SV01482,LHP0398
SV01483,LHP0398
SV01484,LHP0398
SV01485,LHP0398
SV01486,LHP0398
SV01487,LHP0398
SV01488,LHP0398
SV01489,LHP0398
SV01490,LHP0398
SV01491,LHP0398
SV01492,LHP0398
SV01493,LHP0398
SV01494,LHP0398
SV01495,LHP0398
SV01496,LHP0398
SV01497,LHP0398
SV01498,LHP0398
SV01499,LHP0398
SV01500,LHP0398
SV01501,LHP0398
SV01502,LHP0398
SV01503,LHP0398
SV01504,LHP0398
SV01505,LHP0398
SV01506,LHP0398
SV01507,LHP0398
SV01508,LHP0398
SV01509,LHP0398
SV01510,LHP0398
SV01511,LHP0398
SV01512,LHP0398
SV01513,LHP0398
SV01514,LHP0398
SV01515,LHP0398
SV01516,LHP0398
SV01517,LHP0398
SV01518,LHP0398
SV01519,LHP0398
SV01520,LHP0398
SV01521,LHP0398
SV01522,LHP0398
SV01523,LHP0398
SV01524,LHP0398
SV01525,LHP0398
SV01526,LHP0398
SV01527,LHP0398
SV01528,LHP0398
SV01529,LHP0398
SV02587,LHP0399
SV02622,LHP0399
SV02689,LHP0399
SV02876,LHP0399
SV02878,LHP0399
SV02879,LHP0399
SV02885,LHP0399
SV02887,LHP0399
SV02889,LHP0399
SV02893,LHP0399
SV02896,LHP0399
SV02899,LHP0399
SV02901,LHP0399
SV02903,LHP0399
SV02904,LHP0399
SV02906,LHP0399
SV02914,LHP0399
SV02916,LHP0399
SV02920,LHP0399
SV02921,LHP0399
SV02926,LHP0399
SV02931,LHP0399
SV02932,LHP0399
SV02934,LHP0399
SV02937,LHP0399
SV02938,LHP0399
SV02939,LHP0399
SV02940,LHP0399
SV02941,LHP0399
SV02948,LHP0399
SV02952,LHP0399
SV02954,LHP0399
SV02959,LHP0399
SV02962,LHP0399
SV02971,LHP0399
SV02975,LHP0399
SV02976,LHP0399
SV02978,LHP0399
SV02979,LHP0399
SV03047,LHP0399
SV03050,LHP0399
SV03051,LHP0399
SV03052,LHP0399
SV03055,LHP0399
SV03072,LHP0399
SV03081,LHP0399
SV03082,LHP0399
SV03083,LHP0399
SV03085,LHP0399
SV03087,LHP0399
SV03088,LHP0399
SV03090,LHP0399
SV03096,LHP0399
SV03100,LHP0399
SV03103,LHP0399
SV03456,LHP0400
SV03463,LHP0400
SV03472,LHP0400
SV03482,LHP0400
SV03488,LHP0400
SV03519,LHP0400
SV03520,LHP0400
SV03528,LHP0400
SV03533,LHP0400
SV03534,LHP0400
SV03591,LHP0400
SV03594,LHP0400
SV03595,LHP0400
SV03596,LHP0400
SV03601,LHP0400
SV03602,LHP0400
SV03603,LHP0400
SV03607,LHP0400
SV03616,LHP0400
SV03621,LHP0400
SV03623,LHP0400
SV03629,LHP0400
SV03630,LHP0400
SV03633,LHP0400
SV03635,LHP0400
SV03638,LHP0400
SV03639,LHP0400
SV03644,LHP0400
SV03647,LHP0400
SV03655,LHP0400
SV03658,LHP0400
SV03659,LHP0400
