class_id,scenario,date,day_of_week,shift,start_time,end_time,building,floor,room,room_capacity,num_students,subject_code,subject_name
N00001,Normal,2026-03-02,Thu 2,ca2,09:35,12:15,C,2,C-T201,40,36,MKT01,Marketing căn bản
N00002,Normal,2026-03-02,Thu 2,ca1,06:45,09:25,D,5,D-T502,70,70,MKT01,Marketing căn bản
N00003,Normal,2026-03-02,Thu 2,ca3,13:00,15:40,B,3,B-T307,40,37,TCC01,Toán cao cấp
N00004,Normal,2026-03-02,Thu 2,ca3,13:00,15:40,D,5,D-T506,70,49,KTVM,Kinh tế vi mô
N00005,Normal,2026-03-02,Thu 2,ca1,06:45,09:25,A2,3,A2-T310,60,31,QTNL,Quản trị nhân lực
N00006,Normal,2026-03-02,Thu 2,ca4,15:50,18:30,A2,9,A2-T902,100,80,KTVM2,Kinh tế vĩ mô
N00007,Normal,2026-03-02,Thu 2,ca2,09:35,12:15,A2,7,A2-T712,80,48,TMDT,Thương mại điện tử
N00008,Normal,2026-03-02,Thu 2,ca2,09:35,12:15,A2,3,A2-T303,120,53,KDQT,Kinh doanh quốc tế
N00009,Normal,2026-03-02,Thu 2,ca1,06:45,09:25,D,3,D-T301,90,39,PLDC,Pháp luật đại cương
N00010,Normal,2026-03-02,Thu 2,ca1,06:45,09:25,A2,6,A2-T601,60,46,KDQT,Kinh doanh quốc tế
N00011,Normal,2026-03-02,Thu 2,ca3,13:00,15:40,C,3,C-T302,80,66,TCC01,Toán cao cấp
N00012,Normal,2026-03-02,Thu 2,ca1,06:45,09:25,A2,6,A2-T607,100,40,TCC01,Toán cao cấp
N00013,Normal,2026-03-02,Thu 2,ca1,06:45,09:25,A2,1,A2-T105,80,35,LSD01,Lịch sử Đảng Cộng sản Việt Nam
N00014,Normal,2026-03-02,Thu 2,ca1,06:45,09:25,C,3,C-T307,80,54,LSD01,Lịch sử Đảng Cộng sản Việt Nam
N00015,Normal,2026-03-02,Thu 2,ca4,15:50,18:30,B,2,B-T205,80,73,PLDC,Pháp luật đại cương
N00016,Normal,2026-03-02,Thu 2,ca1,06:45,09:25,B,1,B-T101,80,61,TTHCM,Tư tưởng Hồ Chí Minh
N00017,Normal,2026-03-02,Thu 2,ca3,13:00,15:40,D,2,D-T208,50,34,PLDC,Pháp luật đại cương
N00018,Normal,2026-03-02,Thu 2,ca4,15:50,18:30,A2,5,A2-T510,100,59,TCTT,Tài chính tiền tệ
N00019,Normal,2026-03-02,Thu 2,ca1,06:45,09:25,A2,3,A2-T314,100,59,TCTT,Tài chính tiền tệ
N00020,Normal,2026-03-02,Thu 2,ca1,06:45,09:25,D,5,D-T508,50,30,LOG01,Quản trị logistics
N00021,Normal,2026-03-02,Thu 2,ca4,15:50,18:30,D,2,D-T204,70,48,TMLN,Triết học Mác - Lênin
N00022,Normal,2026-03-02,Thu 2,ca1,06:45,09:25,A2,1,A2-T104,80,40,NLKT,Nguyên lý kế toán
N00023,Normal,2026-03-02,Thu 2,ca4,15:50,18:30,A2,5,A2-T504,60,44,TMDT,Thương mại điện tử
N00024,Normal,2026-03-02,Thu 2,ca3,13:00,15:40,A2,8,A2-T813,80,67,KTL01,Kinh tế lượng
N00025,Normal,2026-03-02,Thu 2,ca2,09:35,12:15,A2,9,A2-T901,60,50,KDQT,Kinh doanh quốc tế
N00026,Normal,2026-03-02,Thu 2,ca2,09:35,12:15,C,3,C-T305,80,74,TCTT,Tài chính tiền tệ
N00027,Normal,2026-03-02,Thu 2,ca1,06:45,09:25,C,2,C-T206,40,37,KTL01,Kinh tế lượng
N00028,Normal,2026-03-02,Thu 2,ca1,06:45,09:25,A2,1,A2-T102,60,36,KTTC,Kế toán tài chính
N00029,Normal,2026-03-02,Thu 2,ca3,13:00,15:40,D,3,D-T305,50,45,MKT01,Marketing căn bản
N00030,Normal,2026-03-02,Thu 2,ca2,09:35,12:15,B,1,B-T105,80,45,KTTC,Kế toán tài chính
N00031,Normal,2026-03-02,Thu 2,ca4,15:50,18:30,A2,10,A2-T1007,60,48,TMDT,Thương mại điện tử
N00032,Normal,2026-03-02,Thu 2,ca4,15:50,18:30,B,2,B-T203,60,48,KTL01,Kinh tế lượng
N00033,Normal,2026-03-02,Thu 2,ca2,09:35,12:15,C,3,C-T308,80,74,KTL01,Kinh tế lượng
N00034,Normal,2026-03-02,Thu 2,ca1,06:45,09:25,A2,7,A2-T712,80,31,KTTC,Kế toán tài chính
N00035,Normal,2026-03-02,Thu 2,ca3,13:00,15:40,A2,4,A2-T408,60,38,KTVM,Kinh tế vi mô
N00036,Normal,2026-03-02,Thu 2,ca2,09:35,12:15,A2,9,A2-T910,60,48,KTVM2,Kinh tế vĩ mô
N00037,Normal,2026-03-02,Thu 2,ca3,13:00,15:40,D,3,D-T308,70,68,ENG01,Tiếng Anh thương mại
N00038,Normal,2026-03-02,Thu 2,ca1,06:45,09:25,A2,10,A2-T1003,80,48,PLDC,Pháp luật đại cương
N00039,Normal,2026-03-02,Thu 2,ca2,09:35,12:15,C,3,C-T301,60,49,TMDT,Thương mại điện tử
N00040,Normal,2026-03-02,Thu 2,ca2,09:35,12:15,A2,9,A2-T903,80,44,XSTK,Xác suất thống kê
N00041,Normal,2026-03-02,Thu 2,ca1,06:45,09:25,A2,1,A2-T109,120,69,TCTT,Tài chính tiền tệ
N00042,Normal,2026-03-02,Thu 2,ca4,15:50,18:30,A2,9,A2-T901,60,51,QTH01,Quản trị học
N00043,Normal,2026-03-02,Thu 2,ca2,09:35,12:15,A2,2,A2-T207,60,50,MKT01,Marketing căn bản
N00044,Normal,2026-03-02,Thu 2,ca4,15:50,18:30,D,3,D-T303,90,70,KTVM2,Kinh tế vĩ mô
N00045,Normal,2026-03-02,Thu 2,ca3,13:00,15:40,A2,7,A2-T709,60,39,LOG01,Quản trị logistics
N00046,Normal,2026-03-02,Thu 2,ca1,06:45,09:25,D,1,D-T102,70,32,TTHCM,Tư tưởng Hồ Chí Minh
N00047,Normal,2026-03-02,Thu 2,ca2,09:35,12:15,D,1,D-T107,50,41,QTH01,Quản trị học
N00048,Normal,2026-03-02,Thu 2,ca3,13:00,15:40,A2,2,A2-T203,120,35,KTL01,Kinh tế lượng
N00049,Normal,2026-03-02,Thu 2,ca2,09:35,12:15,A2,7,A2-T704,120,50,KDQT,Kinh doanh quốc tế
N00050,Normal,2026-03-02,Thu 2,ca3,13:00,15:40,D,5,D-T508,50,35,XSTK,Xác suất thống kê
N00051,Normal,2026-03-02,Thu 2,ca2,09:35,12:15,A2,3,A2-T302,60,34,TMLN,Triết học Mác - Lênin
N00052,Normal,2026-03-02,Thu 2,ca4,15:50,18:30,A2,7,A2-T703,120,53,TIN01,Tin học đại cương
N00053,Normal,2026-03-02,Thu 2,ca1,06:45,09:25,A2,5,A2-T507,80,62,TCTT,Tài chính tiền tệ
N00054,Normal,2026-03-02,Thu 2,ca1,06:45,09:25,D,5,D-T504,50,35,TCTT,Tài chính tiền tệ
N00055,Normal,2026-03-02,Thu 2,ca2,09:35,12:15,C,3,C-T302,80,60,KTL01,Kinh tế lượng
N00056,Normal,2026-03-02,Thu 2,ca1,06:45,09:25,A2,2,A2-T209,120,77,QTNL,Quản trị nhân lực
N00057,Normal,2026-03-02,Thu 2,ca1,06:45,09:25,B,2,B-T203,60,55,MKT01,Marketing căn bản
N00058,Normal,2026-03-02,Thu 2,ca1,06:45,09:25,C,1,C-T104,40,37,NLKT,Nguyên lý kế toán
N00059,Normal,2026-03-02,Thu 2,ca1,06:45,09:25,B,3,B-T303,40,32,PLDC,Pháp luật đại cương
N00060,Normal,2026-03-02,Thu 2,ca2,09:35,12:15,B,3,B-T305,40,40,KTTC,Kế toán tài chính
N00061,Normal,2026-03-02,Thu 2,ca3,13:00,15:40,D,3,D-T302,90,65,TMDT,Thương mại điện tử
N00062,Normal,2026-03-02,Thu 2,ca1,06:45,09:25,A2,10,A2-T1009,60,32,KTTC,Kế toán tài chính
N00063,Normal,2026-03-02,Thu 2,ca3,13:00,15:40,A2,10,A2-T1002,100,30,TCTT,Tài chính tiền tệ
N00064,Normal,2026-03-02,Thu 2,ca4,15:50,18:30,A2,2,A2-T208,80,64,MKT01,Marketing căn bản
N00065,Normal,2026-03-02,Thu 2,ca2,09:35,12:15,A2,3,A2-T312,60,44,TMDT,Thương mại điện tử
N00066,Normal,2026-03-02,Thu 2,ca1,06:45,09:25,A2,2,A2-T212,80,73,TCTT,Tài chính tiền tệ
N00067,Normal,2026-03-02,Thu 2,ca2,09:35,12:15,B,1,B-T107,80,67,KTTC,Kế toán tài chính
N00068,Normal,2026-03-02,Thu 2,ca2,09:35,12:15,C,2,C-T203,40,40,TMDT,Thương mại điện tử
N00069,Normal,2026-03-02,Thu 2,ca3,13:00,15:40,A2,5,A2-T503,100,36,PLDC,Pháp luật đại cương
N00070,Normal,2026-03-02,Thu 2,ca4,15:50,18:30,A2,6,A2-T602,100,60,KTVM,Kinh tế vi mô
N00071,Normal,2026-03-02,Thu 2,ca3,13:00,15:40,C,2,C-T202,40,39,TMLN,Triết học Mác - Lênin
N00072,Normal,2026-03-02,Thu 2,ca1,06:45,09:25,D,3,D-T305,50,40,LSD01,Lịch sử Đảng Cộng sản Việt Nam
N00073,Normal,2026-03-02,Thu 2,ca3,13:00,15:40,A2,8,A2-T803,120,44,NLKT,Nguyên lý kế toán
N00074,Normal,2026-03-02,Thu 2,ca3,13:00,15:40,A2,7,A2-T705,100,70,LOG01,Quản trị logistics
N00075,Normal,2026-03-02,Thu 2,ca4,15:50,18:30,A2,7,A2-T705,100,74,KTL01,Kinh tế lượng
N00076,Normal,2026-03-02,Thu 2,ca2,09:35,12:15,A2,7,A2-T707,80,71,KDQT,Kinh doanh quốc tế
N00077,Normal,2026-03-02,Thu 2,ca1,06:45,09:25,A2,4,A2-T413,80,37,QTH01,Quản trị học
N00078,Normal,2026-03-02,Thu 2,ca4,15:50,18:30,A2,8,A2-T808,100,32,KTVM2,Kinh tế vĩ mô
N00079,Normal,2026-03-02,Thu 2,ca1,06:45,09:25,A2,2,A2-T211,100,49,ENG01,Tiếng Anh thương mại
N00080,Normal,2026-03-02,Thu 2,ca3,13:00,15:40,A2,3,A2-T309,120,37,MKT01,Marketing căn bản
N00081,Normal,2026-03-02,Thu 2,ca4,15:50,18:30,B,2,B-T201,80,45,TMLN,Triết học Mác - Lênin
N00082,Normal,2026-03-02,Thu 2,ca2,09:35,12:15,B,2,B-T207,60,34,KTTC,Kế toán tài chính
N00083,Normal,2026-03-02,Thu 2,ca4,15:50,18:30,C,3,C-T302,80,59,TMDT,Thương mại điện tử
N00084,Normal,2026-03-02,Thu 2,ca1,06:45,09:25,A2,7,A2-T705,100,72,TMLN,Triết học Mác - Lênin
N00085,Normal,2026-03-02,Thu 2,ca2,09:35,12:15,A2,1,A2-T105,80,56,TTHCM,Tư tưởng Hồ Chí Minh
N00086,Normal,2026-03-02,Thu 2,ca4,15:50,18:30,A2,6,A2-T610,120,77,QTH01,Quản trị học
N00087,Normal,2026-03-02,Thu 2,ca2,09:35,12:15,A2,9,A2-T911,100,56,MKT01,Marketing căn bản
N00088,Normal,2026-03-02,Thu 2,ca2,09:35,12:15,C,2,C-T204,40,37,LSD01,Lịch sử Đảng Cộng sản Việt Nam
N00089,Normal,2026-03-02,Thu 2,ca2,09:35,12:15,A2,1,A2-T113,80,56,TCTT,Tài chính tiền tệ
N00090,Normal,2026-03-02,Thu 2,ca4,15:50,18:30,A2,8,A2-T805,100,32,TMDT,Thương mại điện tử
N00091,Normal,2026-03-02,Thu 2,ca2,09:35,12:15,A2,10,A2-T1001,100,43,LOG01,Quản trị logistics
N00092,Normal,2026-03-02,Thu 2,ca1,06:45,09:25,A2,8,A2-T810,60,44,PLDC,Pháp luật đại cương
N00093,Normal,2026-03-02,Thu 2,ca3,13:00,15:40,A2,5,A2-T511,80,53,MKT01,Marketing căn bản
N00094,Normal,2026-03-02,Thu 2,ca1,06:45,09:25,A2,8,A2-T808,100,73,TMDT,Thương mại điện tử
N00095,Normal,2026-03-02,Thu 2,ca3,13:00,15:40,A2,6,A2-T611,120,64,TMDT,Thương mại điện tử
N00096,Normal,2026-03-02,Thu 2,ca2,09:35,12:15,A2,1,A2-T114,80,33,KTTC,Kế toán tài chính
N00097,Normal,2026-03-02,Thu 2,ca3,13:00,15:40,A2,1,A2-T109,120,47,XSTK,Xác suất thống kê
N00098,Normal,2026-03-02,Thu 2,ca3,13:00,15:40,D,5,D-T504,50,33,LOG01,Quản trị logistics
N00099,Normal,2026-03-02,Thu 2,ca2,09:35,12:15,D,2,D-T208,50,32,XSTK,Xác suất thống kê
N00100,Normal,2026-03-02,Thu 2,ca2,09:35,12:15,A2,10,A2-T1007,60,50,LSD01,Lịch sử Đảng Cộng sản Việt Nam
N00101,Normal,2026-03-02,Thu 2,ca1,06:45,09:25,D,2,D-T203,70,31,KTVM2,Kinh tế vĩ mô
N00102,Normal,2026-03-02,Thu 2,ca1,06:45,09:25,A2,10,A2-T1011,80,80,QTNL,Quản trị nhân lực
N00103,Normal,2026-03-02,Thu 2,ca4,15:50,18:30,D,3,D-T308,70,45,QTH01,Quản trị học
N00104,Normal,2026-03-02,Thu 2,ca1,06:45,09:25,D,2,D-T207,90,80,TTHCM,Tư tưởng Hồ Chí Minh
N00105,Normal,2026-03-02,Thu 2,ca1,06:45,09:25,B,1,B-T108,40,33,NLKT,Nguyên lý kế toán
N00106,Normal,2026-03-02,Thu 2,ca4,15:50,18:30,D,1,D-T106,50,47,XSTK,Xác suất thống kê
N00107,Normal,2026-03-02,Thu 2,ca1,06:45,09:25,A2,7,A2-T711,60,48,XSTK,Xác suất thống kê
N00108,Normal,2026-03-02,Thu 2,ca4,15:50,18:30,A2,2,A2-T213,80,44,QTNL,Quản trị nhân lực
N00109,Normal,2026-03-02,Thu 2,ca3,13:00,15:40,D,3,D-T303,90,79,QTH01,Quản trị học
N00110,Normal,2026-03-02,Thu 2,ca4,15:50,18:30,A2,1,A2-T103,100,80,LSD01,Lịch sử Đảng Cộng sản Việt Nam
N00111,Normal,2026-03-02,Thu 2,ca3,13:00,15:40,D,4,D-T403,50,30,TCTT,Tài chính tiền tệ
N00112,Normal,2026-03-02,Thu 2,ca3,13:00,15:40,A2,5,A2-T509,120,39,QTH01,Quản trị học
N00113,Normal,2026-03-02,Thu 2,ca2,09:35,12:15,C,1,C-T103,80,64,TCTT,Tài chính tiền tệ
N00114,Normal,2026-03-02,Thu 2,ca4,15:50,18:30,D,2,D-T206,70,41,MKT01,Marketing căn bản
N00115,Normal,2026-03-02,Thu 2,ca2,09:35,12:15,C,1,C-T107,80,72,KTVM,Kinh tế vi mô
N00116,Normal,2026-03-02,Thu 2,ca3,13:00,15:40,A2,6,A2-T609,120,38,KTVM,Kinh tế vi mô
N00117,Normal,2026-03-02,Thu 2,ca2,09:35,12:15,A2,8,A2-T803,120,52,PLDC,Pháp luật đại cương
N00118,Normal,2026-03-02,Thu 2,ca3,13:00,15:40,A2,5,A2-T510,100,67,QTNL,Quản trị nhân lực
N00119,Normal,2026-03-02,Thu 2,ca3,13:00,15:40,A2,4,A2-T411,120,31,TCC01,Toán cao cấp
N00120,Normal,2026-03-02,Thu 2,ca1,06:45,09:25,A2,4,A2-T412,100,46,KTVM2,Kinh tế vĩ mô
N00121,Normal,2026-03-02,Thu 2,ca2,09:35,12:15,C,2,C-T208,40,32,KDQT,Kinh doanh quốc tế
N00122,Normal,2026-03-02,Thu 2,ca4,15:50,18:30,D,1,D-T103,50,46,MKT01,Marketing căn bản
N00123,Normal,2026-03-02,Thu 2,ca3,13:00,15:40,A2,4,A2-T412,100,77,NLKT,Nguyên lý kế toán
N00124,Normal,2026-03-02,Thu 2,ca1,06:45,09:25,D,5,D-T507,90,60,LOG01,Quản trị logistics
N00125,Normal,2026-03-02,Thu 2,ca4,15:50,18:30,A2,5,A2-T502,80,79,TMDT,Thương mại điện tử
N00126,Normal,2026-03-02,Thu 2,ca4,15:50,18:30,A2,4,A2-T407,80,62,TTHCM,Tư tưởng Hồ Chí Minh
N00127,Normal,2026-03-02,Thu 2,ca1,06:45,09:25,A2,2,A2-T201,60,33,LOG01,Quản trị logistics
N00128,Normal,2026-03-02,Thu 2,ca2,09:35,12:15,A2,4,A2-T407,80,62,PLDC,Pháp luật đại cương
N00129,Normal,2026-03-02,Thu 2,ca3,13:00,15:40,A2,6,A2-T601,60,60,LSD01,Lịch sử Đảng Cộng sản Việt Nam
N00130,Normal,2026-03-02,Thu 2,ca3,13:00,15:40,B,3,B-T305,40,30,TIN01,Tin học đại cương
N00131,Normal,2026-03-02,Thu 2,ca2,09:35,12:15,A2,8,A2-T814,120,49,LOG01,Quản trị logistics
N00132,Normal,2026-03-02,Thu 2,ca4,15:50,18:30,A2,9,A2-T914,60,50,KTVM,Kinh tế vi mô
N00133,Normal,2026-03-02,Thu 2,ca4,15:50,18:30,A2,4,A2-T401,80,33,ENG01,Tiếng Anh thương mại
N00134,Normal,2026-03-02,Thu 2,ca3,13:00,15:40,A2,7,A2-T714,120,55,KDQT,Kinh doanh quốc tế
N00135,Normal,2026-03-02,Thu 2,ca1,06:45,09:25,A2,2,A2-T210,100,73,MKT01,Marketing căn bản
N00136,Normal,2026-03-02,Thu 2,ca3,13:00,15:40,B,2,B-T208,80,61,LOG01,Quản trị logistics
N00137,Normal,2026-03-02,Thu 2,ca1,06:45,09:25,A2,1,A2-T113,80,34,NLKT,Nguyên lý kế toán
N00138,Normal,2026-03-02,Thu 2,ca4,15:50,18:30,A2,8,A2-T814,120,50,LSD01,Lịch sử Đảng Cộng sản Việt Nam
N00139,Normal,2026-03-02,Thu 2,ca4,15:50,18:30,A2,8,A2-T810,60,34,NLKT,Nguyên lý kế toán
N00140,Normal,2026-03-02,Thu 2,ca3,13:00,15:40,A2,6,A2-T612,80,38,TCTT,Tài chính tiền tệ
N00141,Normal,2026-03-02,Thu 2,ca4,15:50,18:30,C,2,C-T203,40,39,TTHCM,Tư tưởng Hồ Chí Minh
N00142,Normal,2026-03-02,Thu 2,ca1,06:45,09:25,A2,8,A2-T811,100,65,QTNL,Quản trị nhân lực
N00143,Normal,2026-03-02,Thu 2,ca3,13:00,15:40,A2,9,A2-T904,60,42,LSD01,Lịch sử Đảng Cộng sản Việt Nam
N00144,Normal,2026-03-02,Thu 2,ca1,06:45,09:25,A2,4,A2-T409,120,63,KTL01,Kinh tế lượng
N00145,Normal,2026-03-02,Thu 2,ca2,09:35,12:15,A2,9,A2-T904,60,44,TIN01,Tin học đại cương
N00146,Normal,2026-03-02,Thu 2,ca1,06:45,09:25,A2,10,A2-T1007,60,49,KDQT,Kinh doanh quốc tế
N00147,Normal,2026-03-02,Thu 2,ca4,15:50,18:30,A2,4,A2-T405,100,36,MKT01,Marketing căn bản
N00148,Normal,2026-03-02,Thu 2,ca1,06:45,09:25,A2,5,A2-T509,120,71,TMLN,Triết học Mác - Lênin
N00149,Normal,2026-03-02,Thu 2,ca3,13:00,15:40,A2,1,A2-T106,80,76,XSTK,Xác suất thống kê
N00150,Normal,2026-03-02,Thu 2,ca3,13:00,15:40,A2,10,A2-T1013,80,57,LOG01,Quản trị logistics
N00151,Normal,2026-03-02,Thu 2,ca4,15:50,18:30,A2,9,A2-T911,100,44,KDQT,Kinh doanh quốc tế
N00152,Normal,2026-03-02,Thu 2,ca1,06:45,09:25,A2,8,A2-T802,120,51,LOG01,Quản trị logistics
N00153,Normal,2026-03-02,Thu 2,ca1,06:45,09:25,B,3,B-T302,40,36,KDQT,Kinh doanh quốc tế
N00154,Normal,2026-03-02,Thu 2,ca1,06:45,09:25,A2,10,A2-T1006,60,53,MKT01,Marketing căn bản
N00155,Normal,2026-03-02,Thu 2,ca2,09:35,12:15,B,3,B-T306,60,40,KDQT,Kinh doanh quốc tế
N00156,Normal,2026-03-02,Thu 2,ca3,13:00,15:40,C,3,C-T303,60,40,TCTT,Tài chính tiền tệ
N00157,Normal,2026-03-02,Thu 2,ca1,06:45,09:25,A2,2,A2-T208,80,53,QTH01,Quản trị học
N00158,Normal,2026-03-02,Thu 2,ca3,13:00,15:40,D,1,D-T105,70,60,NLKT,Nguyên lý kế toán
N00159,Normal,2026-03-02,Thu 2,ca3,13:00,15:40,A2,6,A2-T602,100,35,NLKT,Nguyên lý kế toán
N00160,Normal,2026-03-02,Thu 2,ca1,06:45,09:25,A2,10,A2-T1012,120,35,KDQT,Kinh doanh quốc tế
N00161,Normal,2026-03-02,Thu 2,ca4,15:50,18:30,A2,9,A2-T903,80,36,TMDT,Thương mại điện tử
N00162,Normal,2026-03-02,Thu 2,ca2,09:35,12:15,C,1,C-T102,40,32,TMLN,Triết học Mác - Lênin
N00163,Normal,2026-03-02,Thu 2,ca2,09:35,12:15,A2,2,A2-T209,120,33,TTHCM,Tư tưởng Hồ Chí Minh
N00164,Normal,2026-03-02,Thu 2,ca3,13:00,15:40,B,2,B-T204,80,65,TMLN,Triết học Mác - Lênin
N00165,Normal,2026-03-02,Thu 2,ca3,13:00,15:40,D,3,D-T306,70,51,MKT01,Marketing căn bản
N00166,Normal,2026-03-02,Thu 2,ca4,15:50,18:30,A2,7,A2-T713,80,56,TMDT,Thương mại điện tử
N00167,Normal,2026-03-02,Thu 2,ca4,15:50,18:30,B,1,B-T104,40,40,KDQT,Kinh doanh quốc tế
N00168,Normal,2026-03-02,Thu 2,ca4,15:50,18:30,D,5,D-T502,70,33,KTL01,Kinh tế lượng
N00169,Normal,2026-03-02,Thu 2,ca3,13:00,15:40,C,2,C-T208,40,39,KTL01,Kinh tế lượng
N00170,Normal,2026-03-02,Thu 2,ca3,13:00,15:40,A2,1,A2-T112,60,41,MKT01,Marketing căn bản
N00171,Normal,2026-03-02,Thu 2,ca4,15:50,18:30,C,1,C-T101,80,66,TIN01,Tin học đại cương
N00172,Normal,2026-03-02,Thu 2,ca2,09:35,12:15,A2,7,A2-T703,120,43,QTH01,Quản trị học
N00173,Normal,2026-03-02,Thu 2,ca4,15:50,18:30,C,2,C-T206,40,40,ENG01,Tiếng Anh thương mại
N00174,Normal,2026-03-02,Thu 2,ca2,09:35,12:15,A2,7,A2-T709,60,37,MKT01,Marketing căn bản
N00175,Normal,2026-03-02,Thu 2,ca3,13:00,15:40,C,1,C-T105,40,35,TMLN,Triết học Mác - Lênin
N00176,Normal,2026-03-02,Thu 2,ca4,15:50,18:30,C,2,C-T207,80,53,MKT01,Marketing căn bản
N00177,Normal,2026-03-02,Thu 2,ca4,15:50,18:30,A2,8,A2-T813,80,78,TCTT,Tài chính tiền tệ
N00178,Normal,2026-03-02,Thu 2,ca1,06:45,09:25,C,1,C-T108,80,66,PLDC,Pháp luật đại cương
N00179,Normal,2026-03-02,Thu 2,ca2,09:35,12:15,B,3,B-T301,60,55,KDQT,Kinh doanh quốc tế
N00180,Normal,2026-03-02,Thu 2,ca4,15:50,18:30,C,2,C-T208,40,38,LSD01,Lịch sử Đảng Cộng sản Việt Nam
N00181,Normal,2026-03-02,Thu 2,ca1,06:45,09:25,A2,8,A2-T804,120,69,TMLN,Triết học Mác - Lênin
N00182,Normal,2026-03-02,Thu 2,ca3,13:00,15:40,C,2,C-T204,40,30,LSD01,Lịch sử Đảng Cộng sản Việt Nam
N00183,Normal,2026-03-02,Thu 2,ca4,15:50,18:30,A2,3,A2-T309,120,72,TCTT,Tài chính tiền tệ
N00184,Normal,2026-03-02,Thu 2,ca2,09:35,12:15,A2,7,A2-T711,60,30,TCC01,Toán cao cấp
N00185,Normal,2026-03-02,Thu 2,ca3,13:00,15:40,A2,6,A2-T605,60,38,KTL01,Kinh tế lượng
N00186,Normal,2026-03-02,Thu 2,ca1,06:45,09:25,A2,6,A2-T606,80,51,TMDT,Thương mại điện tử
N00187,Normal,2026-03-02,Thu 2,ca4,15:50,18:30,D,3,D-T307,90,30,TCC01,Toán cao cấp
N00188,Normal,2026-03-02,Thu 2,ca3,13:00,15:40,D,5,D-T501,50,34,TTHCM,Tư tưởng Hồ Chí Minh
N00189,Normal,2026-03-02,Thu 2,ca2,09:35,12:15,A2,6,A2-T609,120,72,KTTC,Kế toán tài chính
N00190,Normal,2026-03-02,Thu 2,ca2,09:35,12:15,A2,10,A2-T1014,100,34,QTH01,Quản trị học
N00191,Normal,2026-03-02,Thu 2,ca3,13:00,15:40,D,1,D-T103,50,50,KTVM,Kinh tế vi mô
N00192,Normal,2026-03-02,Thu 2,ca2,09:35,12:15,A2,9,A2-T907,80,35,TIN01,Tin học đại cương
N00193,Normal,2026-03-02,Thu 2,ca3,13:00,15:40,A2,9,A2-T907,80,43,KTTC,Kế toán tài chính
N00194,Normal,2026-03-02,Thu 2,ca2,09:35,12:15,A2,3,A2-T311,120,56,LOG01,Quản trị logistics
N00195,Normal,2026-03-02,Thu 2,ca1,06:45,09:25,A2,9,A2-T909,80,51,TCC01,Toán cao cấp
N00196,Normal,2026-03-02,Thu 2,ca3,13:00,15:40,A2,4,A2-T410,100,53,KTL01,Kinh tế lượng
N00197,Normal,2026-03-02,Thu 2,ca3,13:00,15:40,A2,10,A2-T1011,80,76,QTNL,Quản trị nhân lực
N00198,Normal,2026-03-02,Thu 2,ca2,09:35,12:15,B,3,B-T302,40,39,LSD01,Lịch sử Đảng Cộng sản Việt Nam
N00199,Normal,2026-03-02,Thu 2,ca4,15:50,18:30,A2,10,A2-T1014,100,35,KTVM2,Kinh tế vĩ mô
N00200,Normal,2026-03-02,Thu 2,ca2,09:35,12:15,D,4,D-T402,50,34,TCC01,Toán cao cấp
N00201,Normal,2026-03-02,Thu 2,ca4,15:50,18:30,A2,2,A2-T212,80,78,LSD01,Lịch sử Đảng Cộng sản Việt Nam
N00202,Normal,2026-03-02,Thu 2,ca3,13:00,15:40,B,2,B-T203,60,31,NLKT,Nguyên lý kế toán
N00203,Normal,2026-03-02,Thu 2,ca2,09:35,12:15,A2,5,A2-T514,80,47,LOG01,Quản trị logistics
N00204,Normal,2026-03-02,Thu 2,ca4,15:50,18:30,B,2,B-T206,60,51,KDQT,Kinh doanh quốc tế
N00205,Normal,2026-03-02,Thu 2,ca4,15:50,18:30,A2,3,A2-T302,60,45,LSD01,Lịch sử Đảng Cộng sản Việt Nam
N00206,Normal,2026-03-02,Thu 2,ca4,15:50,18:30,A2,1,A2-T108,60,44,KDQT,Kinh doanh quốc tế
N00207,Normal,2026-03-02,Thu 2,ca1,06:45,09:25,A2,3,A2-T301,60,38,XSTK,Xác suất thống kê
N00208,Normal,2026-03-02,Thu 2,ca2,09:35,12:15,A2,5,A2-T505,80,78,TIN01,Tin học đại cương
N00209,Normal,2026-03-02,Thu 2,ca4,15:50,18:30,B,1,B-T101,80,37,TMDT,Thương mại điện tử
N00210,Normal,2026-03-02,Thu 2,ca4,15:50,18:30,A2,4,A2-T406,60,43,MKT01,Marketing căn bản
N00211,Normal,2026-03-02,Thu 2,ca3,13:00,15:40,A2,5,A2-T506,80,48,TTHCM,Tư tưởng Hồ Chí Minh
N00212,Normal,2026-03-02,Thu 2,ca4,15:50,18:30,D,2,D-T207,90,61,TIN01,Tin học đại cương
N00213,Normal,2026-03-02,Thu 2,ca2,09:35,12:15,A2,5,A2-T512,100,72,KTL01,Kinh tế lượng
N00214,Normal,2026-03-02,Thu 2,ca4,15:50,18:30,C,3,C-T305,80,32,PLDC,Pháp luật đại cương
N00215,Normal,2026-03-02,Thu 2,ca1,06:45,09:25,D,4,D-T402,50,42,LSD01,Lịch sử Đảng Cộng sản Việt Nam
N00216,Normal,2026-03-02,Thu 2,ca1,06:45,09:25,D,3,D-T304,50,31,KTVM,Kinh tế vi mô
N00217,Normal,2026-03-02,Thu 2,ca3,13:00,15:40,C,3,C-T307,80,43,KTL01,Kinh tế lượng
N00218,Normal,2026-03-02,Thu 2,ca1,06:45,09:25,D,4,D-T401,50,36,QTH01,Quản trị học
N00219,Normal,2026-03-02,Thu 2,ca1,06:45,09:25,A2,2,A2-T204,80,78,TCTT,Tài chính tiền tệ
N00220,Normal,2026-03-02,Thu 2,ca4,15:50,18:30,A2,8,A2-T812,120,48,QTNL,Quản trị nhân lực
N00221,Normal,2026-03-02,Thu 2,ca4,15:50,18:30,B,3,B-T305,40,31,KTVM,Kinh tế vi mô
N00222,Normal,2026-03-02,Thu 2,ca2,09:35,12:15,A2,2,A2-T201,60,45,KDQT,Kinh doanh quốc tế
N00223,Normal,2026-03-02,Thu 2,ca4,15:50,18:30,A2,3,A2-T307,100,41,QTH01,Quản trị học
N00224,Normal,2026-03-02,Thu 2,ca3,13:00,15:40,A2,10,A2-T1006,60,42,TMLN,Triết học Mác - Lênin
N00225,Normal,2026-03-02,Thu 2,ca2,09:35,12:15,C,1,C-T101,80,75,PLDC,Pháp luật đại cương
N00226,Normal,2026-03-02,Thu 2,ca2,09:35,12:15,A2,5,A2-T510,100,62,TMLN,Triết học Mác - Lênin
N00227,Normal,2026-03-02,Thu 2,ca1,06:45,09:25,B,1,B-T106,80,72,TMDT,Thương mại điện tử
N00228,Normal,2026-03-02,Thu 2,ca4,15:50,18:30,B,2,B-T208,80,34,KTTC,Kế toán tài chính
N00229,Normal,2026-03-02,Thu 2,ca3,13:00,15:40,C,1,C-T106,40,30,KDQT,Kinh doanh quốc tế
N00230,Normal,2026-03-02,Thu 2,ca1,06:45,09:25,A2,3,A2-T313,100,31,LOG01,Quản trị logistics
N00231,Normal,2026-03-02,Thu 2,ca3,13:00,15:40,A2,4,A2-T409,120,34,QTNL,Quản trị nhân lực
N00232,Normal,2026-03-02,Thu 2,ca3,13:00,15:40,C,1,C-T102,40,39,KDQT,Kinh doanh quốc tế
N00233,Normal,2026-03-02,Thu 2,ca4,15:50,18:30,A2,2,A2-T203,120,66,KTTC,Kế toán tài chính
N00234,Normal,2026-03-02,Thu 2,ca4,15:50,18:30,B,3,B-T307,40,40,KDQT,Kinh doanh quốc tế
N00235,Normal,2026-03-02,Thu 2,ca4,15:50,18:30,A2,4,A2-T402,60,39,MKT01,Marketing căn bản
N00236,Normal,2026-03-02,Thu 2,ca3,13:00,15:40,A2,1,A2-T105,80,55,KTVM,Kinh tế vi mô
N00237,Normal,2026-03-02,Thu 2,ca4,15:50,18:30,B,3,B-T304,40,35,TCC01,Toán cao cấp
N00238,Normal,2026-03-02,Thu 2,ca1,06:45,09:25,A2,4,A2-T414,100,69,LOG01,Quản trị logistics
N00239,Normal,2026-03-02,Thu 2,ca4,15:50,18:30,D,4,D-T406,70,53,NLKT,Nguyên lý kế toán
N00240,Normal,2026-03-02,Thu 2,ca1,06:45,09:25,A2,2,A2-T205,120,57,MKT01,Marketing căn bản
N00241,Normal,2026-03-02,Thu 2,ca1,06:45,09:25,B,3,B-T301,60,37,KDQT,Kinh doanh quốc tế
N00242,Normal,2026-03-02,Thu 2,ca2,09:35,12:15,A2,2,A2-T205,120,67,KTTC,Kế toán tài chính
N00243,Normal,2026-03-02,Thu 2,ca2,09:35,12:15,D,4,D-T407,50,46,NLKT,Nguyên lý kế toán
N00244,Normal,2026-03-02,Thu 2,ca1,06:45,09:25,A2,7,A2-T704,120,55,KTL01,Kinh tế lượng
N00245,Normal,2026-03-02,Thu 2,ca4,15:50,18:30,B,2,B-T204,80,77,QTNL,Quản trị nhân lực
N00246,Normal,2026-03-02,Thu 2,ca1,06:45,09:25,A2,3,A2-T303,120,44,QTNL,Quản trị nhân lực
N00247,Normal,2026-03-02,Thu 2,ca1,06:45,09:25,B,3,B-T305,40,32,NLKT,Nguyên lý kế toán
N00248,Normal,2026-03-02,Thu 2,ca4,15:50,18:30,A2,6,A2-T614,80,62,MKT01,Marketing căn bản
N00249,Normal,2026-03-02,Thu 2,ca2,09:35,12:15,D,1,D-T106,50,46,TIN01,Tin học đại cương
N00250,Normal,2026-03-02,Thu 2,ca1,06:45,09:25,A2,2,A2-T213,80,42,TMDT,Thương mại điện tử
N00251,Normal,2026-03-02,Thu 2,ca2,09:35,12:15,D,3,D-T301,90,52,QTH01,Quản trị học
N00252,Normal,2026-03-02,Thu 2,ca1,06:45,09:25,C,3,C-T305,80,45,MKT01,Marketing căn bản
N00253,Normal,2026-03-02,Thu 2,ca4,15:50,18:30,A2,1,A2-T105,80,39,TCTT,Tài chính tiền tệ
N00254,Normal,2026-03-02,Thu 2,ca2,09:35,12:15,D,2,D-T201,90,42,TCC01,Toán cao cấp
N00255,Normal,2026-03-02,Thu 2,ca4,15:50,18:30,A2,9,A2-T908,100,68,QTH01,Quản trị học
N00256,Normal,2026-03-02,Thu 2,ca3,13:00,15:40,C,2,C-T205,60,54,NLKT,Nguyên lý kế toán
N00257,Normal,2026-03-02,Thu 2,ca1,06:45,09:25,A2,2,A2-T207,60,35,ENG01,Tiếng Anh thương mại
N00258,Normal,2026-03-02,Thu 2,ca2,09:35,12:15,A2,9,A2-T912,120,59,TTHCM,Tư tưởng Hồ Chí Minh
N00259,Normal,2026-03-02,Thu 2,ca2,09:35,12:15,D,2,D-T207,90,78,TTHCM,Tư tưởng Hồ Chí Minh
N00260,Normal,2026-03-02,Thu 2,ca4,15:50,18:30,A2,7,A2-T709,60,44,TTHCM,Tư tưởng Hồ Chí Minh
N00261,Normal,2026-03-02,Thu 2,ca3,13:00,15:40,D,2,D-T202,70,70,LSD01,Lịch sử Đảng Cộng sản Việt Nam
N00262,Normal,2026-03-02,Thu 2,ca3,13:00,15:40,A2,1,A2-T113,80,50,QTNL,Quản trị nhân lực
N00263,Normal,2026-03-02,Thu 2,ca3,13:00,15:40,A2,1,A2-T108,60,34,LOG01,Quản trị logistics
N00264,Normal,2026-03-02,Thu 2,ca1,06:45,09:25,A2,6,A2-T613,100,34,ENG01,Tiếng Anh thương mại
N00265,Normal,2026-03-02,Thu 2,ca3,13:00,15:40,D,2,D-T204,70,58,KTL01,Kinh tế lượng
N00266,Normal,2026-03-02,Thu 2,ca4,15:50,18:30,D,5,D-T501,50,38,TTHCM,Tư tưởng Hồ Chí Minh
N00267,Normal,2026-03-02,Thu 2,ca3,13:00,15:40,A2,5,A2-T501,100,33,TMDT,Thương mại điện tử
N00268,Normal,2026-03-02,Thu 2,ca1,06:45,09:25,A2,7,A2-T713,80,62,NLKT,Nguyên lý kế toán
N00269,Normal,2026-03-02,Thu 2,ca2,09:35,12:15,C,3,C-T307,80,49,LOG01,Quản trị logistics
N00270,Normal,2026-03-02,Thu 2,ca3,13:00,15:40,A2,9,A2-T909,80,58,KTVM2,Kinh tế vĩ mô
N00271,Normal,2026-03-02,Thu 2,ca4,15:50,18:30,A2,3,A2-T301,60,31,TMDT,Thương mại điện tử
N00272,Normal,2026-03-02,Thu 2,ca2,09:35,12:15,A2,4,A2-T412,100,48,NLKT,Nguyên lý kế toán
N00273,Normal,2026-03-02,Thu 2,ca4,15:50,18:30,D,5,D-T504,50,50,NLKT,Nguyên lý kế toán
N00274,Normal,2026-03-02,Thu 2,ca4,15:50,18:30,B,3,B-T308,80,69,LSD01,Lịch sử Đảng Cộng sản Việt Nam
N00275,Normal,2026-03-02,Thu 2,ca2,09:35,12:15,A2,7,A2-T708,120,62,KTTC,Kế toán tài chính
N00276,Normal,2026-03-02,Thu 2,ca4,15:50,18:30,A2,3,A2-T311,120,59,TTHCM,Tư tưởng Hồ Chí Minh
N00277,Normal,2026-03-02,Thu 2,ca1,06:45,09:25,A2,2,A2-T206,100,65,KTVM2,Kinh tế vĩ mô
N00278,Normal,2026-03-02,Thu 2,ca3,13:00,15:40,C,3,C-T308,80,58,TTHCM,Tư tưởng Hồ Chí Minh
N00279,Normal,2026-03-02,Thu 2,ca4,15:50,18:30,A2,6,A2-T605,60,50,XSTK,Xác suất thống kê
N00280,Normal,2026-03-02,Thu 2,ca2,09:35,12:15,A2,1,A2-T110,60,40,LSD01,Lịch sử Đảng Cộng sản Việt Nam
N00281,Normal,2026-03-02,Thu 2,ca4,15:50,18:30,A2,6,A2-T604,100,60,TIN01,Tin học đại cương
N00282,Normal,2026-03-02,Thu 2,ca2,09:35,12:15,A2,4,A2-T410,100,39,KTVM2,Kinh tế vĩ mô
N00283,Normal,2026-03-02,Thu 2,ca2,09:35,12:15,A2,1,A2-T109,120,58,MKT01,Marketing căn bản
N00284,Normal,2026-03-02,Thu 2,ca3,13:00,15:40,A2,9,A2-T902,100,51,NLKT,Nguyên lý kế toán
N00285,Normal,2026-03-02,Thu 2,ca4,15:50,18:30,B,3,B-T306,60,46,TCC01,Toán cao cấp
N00286,Normal,2026-03-02,Thu 2,ca4,15:50,18:30,A2,9,A2-T912,120,32,PLDC,Pháp luật đại cương
N00287,Normal,2026-03-02,Thu 2,ca3,13:00,15:40,A2,10,A2-T1009,60,52,LOG01,Quản trị logistics
N00288,Normal,2026-03-02,Thu 2,ca1,06:45,09:25,A2,6,A2-T611,120,58,TIN01,Tin học đại cương
N00289,Normal,2026-03-02,Thu 2,ca1,06:45,09:25,A2,7,A2-T709,60,46,LSD01,Lịch sử Đảng Cộng sản Việt Nam
N00290,Normal,2026-03-02,Thu 2,ca1,06:45,09:25,C,1,C-T103,80,40,TMDT,Thương mại điện tử
N00291,Normal,2026-03-02,Thu 2,ca2,09:35,12:15,A2,5,A2-T506,80,53,KTL01,Kinh tế lượng
N00292,Normal,2026-03-02,Thu 2,ca4,15:50,18:30,D,5,D-T505,50,42,KDQT,Kinh doanh quốc tế
N00293,Normal,2026-03-02,Thu 2,ca2,09:35,12:15,A2,3,A2-T309,120,79,QTNL,Quản trị nhân lực
N00294,Normal,2026-03-02,Thu 2,ca3,13:00,15:40,A2,9,A2-T912,120,73,LSD01,Lịch sử Đảng Cộng sản Việt Nam
N00295,Normal,2026-03-02,Thu 2,ca3,13:00,15:40,D,1,D-T104,70,33,QTNL,Quản trị nhân lực
N00296,Normal,2026-03-02,Thu 2,ca1,06:45,09:25,B,1,B-T107,80,34,QTNL,Quản trị nhân lực
N00297,Normal,2026-03-02,Thu 2,ca1,06:45,09:25,B,3,B-T307,40,31,TMLN,Triết học Mác - Lênin
N00298,Normal,2026-03-02,Thu 2,ca2,09:35,12:15,A2,3,A2-T310,60,51,KTTC,Kế toán tài chính
N00299,Normal,2026-03-02,Thu 2,ca2,09:35,12:15,A2,7,A2-T701,80,48,TCTT,Tài chính tiền tệ
N00300,Normal,2026-03-02,Thu 2,ca1,06:45,09:25,D,1,D-T106,50,49,QTH01,Quản trị học
N00301,Normal,2026-03-02,Thu 2,ca4,15:50,18:30,A2,1,A2-T106,80,51,NLKT,Nguyên lý kế toán
N00302,Normal,2026-03-02,Thu 2,ca1,06:45,09:25,A2,3,A2-T308,60,48,QTH01,Quản trị học
N00303,Normal,2026-03-02,Thu 2,ca3,13:00,15:40,A2,9,A2-T906,80,52,KTL01,Kinh tế lượng
N00304,Normal,2026-03-02,Thu 2,ca3,13:00,15:40,C,2,C-T207,80,71,KTTC,Kế toán tài chính
N00305,Normal,2026-03-02,Thu 2,ca4,15:50,18:30,A2,1,A2-T102,60,34,LSD01,Lịch sử Đảng Cộng sản Việt Nam
N00306,Normal,2026-03-02,Thu 2,ca3,13:00,15:40,A2,10,A2-T1010,80,75,NLKT,Nguyên lý kế toán
N00307,Normal,2026-03-02,Thu 2,ca4,15:50,18:30,A2,2,A2-T209,120,49,TMLN,Triết học Mác - Lênin
N00308,Normal,2026-03-02,Thu 2,ca1,06:45,09:25,A2,4,A2-T405,100,54,QTNL,Quản trị nhân lực
N00309,Normal,2026-03-02,Thu 2,ca1,06:45,09:25,A2,3,A2-T302,60,56,QTH01,Quản trị học
N00310,Normal,2026-03-02,Thu 2,ca1,06:45,09:25,D,4,D-T405,90,72,TIN01,Tin học đại cương
N00311,Normal,2026-03-02,Thu 2,ca4,15:50,18:30,A2,2,A2-T211,100,35,KDQT,Kinh doanh quốc tế
N00312,Normal,2026-03-02,Thu 2,ca4,15:50,18:30,A2,10,A2-T1002,100,62,TMDT,Thương mại điện tử
N00313,Normal,2026-03-02,Thu 2,ca1,06:45,09:25,A2,3,A2-T309,120,31,TMDT,Thương mại điện tử
N00314,Normal,2026-03-02,Thu 2,ca2,09:35,12:15,D,3,D-T303,90,49,TCC01,Toán cao cấp
N00315,Normal,2026-03-02,Thu 2,ca4,15:50,18:30,D,1,D-T102,70,43,QTNL,Quản trị nhân lực
N00316,Normal,2026-03-02,Thu 2,ca2,09:35,12:15,A2,6,A2-T606,80,79,ENG01,Tiếng Anh thương mại
N00317,Normal,2026-03-02,Thu 2,ca1,06:45,09:25,A2,7,A2-T708,120,42,PLDC,Pháp luật đại cương
N00318,Normal,2026-03-02,Thu 2,ca4,15:50,18:30,C,1,C-T104,40,32,QTH01,Quản trị học
N00319,Normal,2026-03-02,Thu 2,ca1,06:45,09:25,C,2,C-T207,80,34,KTL01,Kinh tế lượng
N00320,Normal,2026-03-02,Thu 2,ca2,09:35,12:15,B,1,B-T106,80,80,MKT01,Marketing căn bản
N00321,Normal,2026-03-02,Thu 2,ca1,06:45,09:25,D,1,D-T105,70,62,TMLN,Triết học Mác - Lênin
N00322,Normal,2026-03-02,Thu 2,ca3,13:00,15:40,A2,5,A2-T513,60,56,TIN01,Tin học đại cương
N00323,Normal,2026-03-02,Thu 2,ca3,13:00,15:40,A2,8,A2-T804,120,32,QTNL,Quản trị nhân lực
N00324,Normal,2026-03-02,Thu 2,ca1,06:45,09:25,D,5,D-T503,70,69,QTH01,Quản trị học
N00325,Normal,2026-03-02,Thu 2,ca3,13:00,15:40,A2,2,A2-T211,100,68,KTTC,Kế toán tài chính
N00326,Normal,2026-03-02,Thu 2,ca3,13:00,15:40,A2,8,A2-T809,100,39,TCC01,Toán cao cấp
N00327,Normal,2026-03-02,Thu 2,ca1,06:45,09:25,C,1,C-T105,40,32,LSD01,Lịch sử Đảng Cộng sản Việt Nam
N00328,Normal,2026-03-02,Thu 2,ca1,06:45,09:25,A2,3,A2-T305,100,40,LOG01,Quản trị logistics
N00329,Normal,2026-03-02,Thu 2,ca4,15:50,18:30,A2,7,A2-T711,60,31,KDQT,Kinh doanh quốc tế
N00330,Normal,2026-03-02,Thu 2,ca2,09:35,12:15,A2,8,A2-T802,120,53,PLDC,Pháp luật đại cương
N00331,Normal,2026-03-02,Thu 2,ca2,09:35,12:15,B,2,B-T203,60,44,LSD01,Lịch sử Đảng Cộng sản Việt Nam
N00332,Normal,2026-03-02,Thu 2,ca4,15:50,18:30,B,3,B-T302,40,34,LOG01,Quản trị logistics
N00333,Normal,2026-03-02,Thu 2,ca3,13:00,15:40,A2,10,A2-T1005,80,44,TMLN,Triết học Mác - Lênin
N00334,Normal,2026-03-02,Thu 2,ca1,06:45,09:25,D,2,D-T201,90,45,KTL01,Kinh tế lượng
N00335,Normal,2026-03-02,Thu 2,ca2,09:35,12:15,A2,4,A2-T413,80,80,ENG01,Tiếng Anh thương mại
N00336,Normal,2026-03-02,Thu 2,ca1,06:45,09:25,A2,4,A2-T403,60,58,XSTK,Xác suất thống kê
N00337,Normal,2026-03-02,Thu 2,ca4,15:50,18:30,C,3,C-T303,60,41,TTHCM,Tư tưởng Hồ Chí Minh
N00338,Normal,2026-03-02,Thu 2,ca1,06:45,09:25,B,2,B-T204,80,58,LOG01,Quản trị logistics
N00339,Normal,2026-03-02,Thu 2,ca3,13:00,15:40,D,3,D-T301,90,79,KTL01,Kinh tế lượng
N00340,Normal,2026-03-02,Thu 2,ca1,06:45,09:25,C,3,C-T303,60,54,KTTC,Kế toán tài chính
N00341,Normal,2026-03-02,Thu 2,ca2,09:35,12:15,A2,6,A2-T605,60,46,TIN01,Tin học đại cương
N00342,Normal,2026-03-02,Thu 2,ca1,06:45,09:25,C,2,C-T201,40,36,TCC01,Toán cao cấp
N00343,Normal,2026-03-02,Thu 2,ca1,06:45,09:25,A2,10,A2-T1013,80,42,LSD01,Lịch sử Đảng Cộng sản Việt Nam
N00344,Normal,2026-03-02,Thu 2,ca3,13:00,15:40,A2,9,A2-T911,100,38,TCTT,Tài chính tiền tệ
N00345,Normal,2026-03-02,Thu 2,ca4,15:50,18:30,A2,4,A2-T410,100,33,ENG01,Tiếng Anh thương mại
N00346,Normal,2026-03-02,Thu 2,ca2,09:35,12:15,A2,3,A2-T301,60,57,TMDT,Thương mại điện tử
N00347,Normal,2026-03-02,Thu 2,ca1,06:45,09:25,B,2,B-T206,60,47,MKT01,Marketing căn bản
N00348,Normal,2026-03-02,Thu 2,ca4,15:50,18:30,D,2,D-T202,70,63,MKT01,Marketing căn bản
N00349,Normal,2026-03-02,Thu 2,ca4,15:50,18:30,D,2,D-T203,70,48,NLKT,Nguyên lý kế toán
N00350,Normal,2026-03-02,Thu 2,ca2,09:35,12:15,A2,5,A2-T502,80,78,TCC01,Toán cao cấp
N00351,Normal,2026-03-02,Thu 2,ca4,15:50,18:30,A2,5,A2-T507,80,47,LOG01,Quản trị logistics
N00352,Normal,2026-03-02,Thu 2,ca3,13:00,15:40,A2,6,A2-T613,100,62,QTH01,Quản trị học
N00353,Normal,2026-03-02,Thu 2,ca4,15:50,18:30,A2,5,A2-T505,80,57,NLKT,Nguyên lý kế toán
N00354,Normal,2026-03-02,Thu 2,ca3,13:00,15:40,D,1,D-T101,90,44,LOG01,Quản trị logistics
N00355,Normal,2026-03-02,Thu 2,ca4,15:50,18:30,A2,9,A2-T904,60,58,TMDT,Thương mại điện tử
N00356,Normal,2026-03-02,Thu 2,ca4,15:50,18:30,A2,7,A2-T707,80,31,KDQT,Kinh doanh quốc tế
N00357,Normal,2026-03-02,Thu 2,ca1,06:45,09:25,D,5,D-T505,50,31,KTTC,Kế toán tài chính
N00358,Normal,2026-03-02,Thu 2,ca1,06:45,09:25,D,1,D-T107,50,46,TMDT,Thương mại điện tử
N00359,Normal,2026-03-02,Thu 2,ca4,15:50,18:30,A2,3,A2-T303,120,45,KTTC,Kế toán tài chính
N00360,Normal,2026-03-02,Thu 2,ca4,15:50,18:30,A2,1,A2-T111,60,32,TMDT,Thương mại điện tử
N00361,Normal,2026-03-02,Thu 2,ca2,09:35,12:15,A2,2,A2-T211,100,44,KTVM,Kinh tế vi mô
N00362,Normal,2026-03-02,Thu 2,ca1,06:45,09:25,A2,5,A2-T511,80,50,MKT01,Marketing căn bản
N00363,Normal,2026-03-02,Thu 2,ca4,15:50,18:30,D,3,D-T306,70,51,QTH01,Quản trị học
N00364,Normal,2026-03-02,Thu 2,ca1,06:45,09:25,A2,6,A2-T602,100,38,KTVM2,Kinh tế vĩ mô
N00365,Normal,2026-03-02,Thu 2,ca2,09:35,12:15,D,2,D-T205,70,48,ENG01,Tiếng Anh thương mại
N00366,Normal,2026-03-02,Thu 2,ca2,09:35,12:15,C,2,C-T202,40,32,ENG01,Tiếng Anh thương mại
N00367,Normal,2026-03-02,Thu 2,ca2,09:35,12:15,D,3,D-T306,70,58,LSD01,Lịch sử Đảng Cộng sản Việt Nam
N00368,Normal,2026-03-02,Thu 2,ca4,15:50,18:30,A2,3,A2-T308,60,30,NLKT,Nguyên lý kế toán
N00369,Normal,2026-03-02,Thu 2,ca3,13:00,15:40,D,4,D-T401,50,30,TCTT,Tài chính tiền tệ
N00370,Normal,2026-03-02,Thu 2,ca1,06:45,09:25,A2,3,A2-T306,100,43,QTH01,Quản trị học
N00371,Normal,2026-03-02,Thu 2,ca4,15:50,18:30,D,1,D-T101,90,65,LSD01,Lịch sử Đảng Cộng sản Việt Nam
N00372,Normal,2026-03-02,Thu 2,ca4,15:50,18:30,A2,10,A2-T1001,100,63,KDQT,Kinh doanh quốc tế
N00373,Normal,2026-03-02,Thu 2,ca4,15:50,18:30,B,2,B-T202,60,33,KTL01,Kinh tế lượng
N00374,Normal,2026-03-02,Thu 2,ca2,09:35,12:15,A2,2,A2-T210,100,45,KTL01,Kinh tế lượng
N00375,Normal,2026-03-02,Thu 2,ca4,15:50,18:30,C,3,C-T301,60,33,KTVM2,Kinh tế vĩ mô
N00376,Normal,2026-03-02,Thu 2,ca4,15:50,18:30,B,1,B-T103,60,37,KDQT,Kinh doanh quốc tế
N00377,Normal,2026-03-02,Thu 2,ca3,13:00,15:40,A2,1,A2-T104,80,70,LSD01,Lịch sử Đảng Cộng sản Việt Nam
N00378,Normal,2026-03-02,Thu 2,ca1,06:45,09:25,A2,10,A2-T1001,100,59,NLKT,Nguyên lý kế toán
N00379,Normal,2026-03-02,Thu 2,ca2,09:35,12:15,A2,9,A2-T914,60,33,ENG01,Tiếng Anh thương mại
N00380,Normal,2026-03-02,Thu 2,ca4,15:50,18:30,D,3,D-T302,90,68,TMLN,Triết học Mác - Lênin
N00381,Normal,2026-03-02,Thu 2,ca1,06:45,09:25,C,2,C-T205,60,30,TIN01,Tin học đại cương
N00382,Normal,2026-03-02,Thu 2,ca1,06:45,09:25,D,2,D-T206,70,66,PLDC,Pháp luật đại cương
N00383,Normal,2026-03-02,Thu 2,ca2,09:35,12:15,A2,5,A2-T504,60,52,QTH01,Quản trị học
N00384,Normal,2026-03-02,Thu 2,ca3,13:00,15:40,A2,8,A2-T811,100,48,KDQT,Kinh doanh quốc tế
N00385,Normal,2026-03-02,Thu 2,ca3,13:00,15:40,B,2,B-T206,60,30,LSD01,Lịch sử Đảng Cộng sản Việt Nam
N00386,Normal,2026-03-02,Thu 2,ca2,09:35,12:15,D,5,D-T507,90,52,PLDC,Pháp luật đại cương
N00387,Normal,2026-03-02,Thu 2,ca1,06:45,09:25,A2,1,A2-T112,60,48,KDQT,Kinh doanh quốc tế
N00388,Normal,2026-03-02,Thu 2,ca2,09:35,12:15,A2,3,A2-T304,60,35,NLKT,Nguyên lý kế toán
N00389,Normal,2026-03-02,Thu 2,ca3,13:00,15:40,D,1,D-T102,70,63,TMDT,Thương mại điện tử
N00390,Normal,2026-03-02,Thu 2,ca2,09:35,12:15,D,2,D-T202,70,34,TIN01,Tin học đại cương
N00391,Normal,2026-03-02,Thu 2,ca4,15:50,18:30,A2,10,A2-T1003,80,64,TIN01,Tin học đại cương
N00392,Normal,2026-03-02,Thu 2,ca3,13:00,15:40,A2,7,A2-T710,60,55,TIN01,Tin học đại cương
N00393,Normal,2026-03-02,Thu 2,ca4,15:50,18:30,A2,4,A2-T414,100,65,KTVM,Kinh tế vi mô
N00394,Normal,2026-03-02,Thu 2,ca1,06:45,09:25,A2,9,A2-T905,100,54,ENG01,Tiếng Anh thương mại
N00395,Normal,2026-03-02,Thu 2,ca4,15:50,18:30,A2,5,A2-T506,80,32,KTTC,Kế toán tài chính
N00396,Normal,2026-03-02,Thu 2,ca4,15:50,18:30,A2,5,A2-T513,60,41,TCTT,Tài chính tiền tệ
N00397,Normal,2026-03-02,Thu 2,ca3,13:00,15:40,C,3,C-T305,80,77,KTVM,Kinh tế vi mô
N00398,Normal,2026-03-02,Thu 2,ca3,13:00,15:40,D,4,D-T404,50,41,NLKT,Nguyên lý kế toán
N00399,Normal,2026-03-02,Thu 2,ca2,09:35,12:15,C,2,C-T206,40,35,PLDC,Pháp luật đại cương
N00400,Normal,2026-03-02,Thu 2,ca1,06:45,09:25,C,2,C-T208,40,40,MKT01,Marketing căn bản
N00401,Normal,2026-03-02,Thu 2,ca4,15:50,18:30,A2,7,A2-T710,60,54,TTHCM,Tư tưởng Hồ Chí Minh
N00402,Normal,2026-03-02,Thu 2,ca3,13:00,15:40,A2,2,A2-T209,120,77,QTNL,Quản trị nhân lực
N00403,Normal,2026-03-02,Thu 2,ca3,13:00,15:40,D,4,D-T407,50,34,KTVM2,Kinh tế vĩ mô
N00404,Normal,2026-03-02,Thu 2,ca2,09:35,12:15,A2,10,A2-T1003,80,52,TMLN,Triết học Mác - Lênin
N00405,Normal,2026-03-02,Thu 2,ca2,09:35,12:15,C,3,C-T303,60,40,TCC01,Toán cao cấp
N00406,Normal,2026-03-02,Thu 2,ca4,15:50,18:30,A2,5,A2-T503,100,79,LOG01,Quản trị logistics
N00407,Normal,2026-03-02,Thu 2,ca2,09:35,12:15,A2,6,A2-T612,80,74,ENG01,Tiếng Anh thương mại
N00408,Normal,2026-03-02,Thu 2,ca2,09:35,12:15,A2,4,A2-T405,100,70,TCC01,Toán cao cấp
N00409,Normal,2026-03-02,Thu 2,ca2,09:35,12:15,A2,4,A2-T414,100,38,NLKT,Nguyên lý kế toán
N00410,Normal,2026-03-02,Thu 2,ca3,13:00,15:40,A2,1,A2-T114,80,75,LOG01,Quản trị logistics
N00411,Normal,2026-03-02,Thu 2,ca3,13:00,15:40,D,4,D-T402,50,31,KTL01,Kinh tế lượng
N00412,Normal,2026-03-02,Thu 2,ca1,06:45,09:25,B,1,B-T103,60,36,KTVM2,Kinh tế vĩ mô
N00413,Normal,2026-03-02,Thu 2,ca2,09:35,12:15,A2,10,A2-T1009,60,55,XSTK,Xác suất thống kê
N00414,Normal,2026-03-02,Thu 2,ca3,13:00,15:40,A2,4,A2-T402,60,58,KTVM2,Kinh tế vĩ mô
N00415,Normal,2026-03-02,Thu 2,ca4,15:50,18:30,A2,6,A2-T613,100,50,KTL01,Kinh tế lượng
N00416,Normal,2026-03-02,Thu 2,ca4,15:50,18:30,A2,5,A2-T509,120,62,KTTC,Kế toán tài chính
N00417,Normal,2026-03-02,Thu 2,ca4,15:50,18:30,A2,9,A2-T909,80,64,ENG01,Tiếng Anh thương mại
N00418,Normal,2026-03-02,Thu 2,ca2,09:35,12:15,A2,4,A2-T406,60,38,KTVM2,Kinh tế vĩ mô
N00419,Normal,2026-03-02,Thu 2,ca4,15:50,18:30,A2,10,A2-T1011,80,78,XSTK,Xác suất thống kê
N00420,Normal,2026-03-02,Thu 2,ca4,15:50,18:30,C,1,C-T102,40,34,TMDT,Thương mại điện tử
N00421,Normal,2026-03-02,Thu 2,ca1,06:45,09:25,A2,5,A2-T513,60,57,KTVM2,Kinh tế vĩ mô
N00422,Normal,2026-03-02,Thu 2,ca2,09:35,12:15,A2,4,A2-T403,60,57,QTNL,Quản trị nhân lực
N00423,Normal,2026-03-02,Thu 2,ca2,09:35,12:15,A2,1,A2-T106,80,47,MKT01,Marketing căn bản
N00424,Normal,2026-03-02,Thu 2,ca1,06:45,09:25,A2,8,A2-T803,120,53,KDQT,Kinh doanh quốc tế
N00425,Normal,2026-03-02,Thu 2,ca2,09:35,12:15,A2,6,A2-T603,120,55,LOG01,Quản trị logistics
N00426,Normal,2026-03-02,Thu 2,ca4,15:50,18:30,A2,8,A2-T804,120,54,QTNL,Quản trị nhân lực
N00427,Normal,2026-03-02,Thu 2,ca2,09:35,12:15,A2,2,A2-T202,80,41,ENG01,Tiếng Anh thương mại
N00428,Normal,2026-03-02,Thu 2,ca4,15:50,18:30,D,1,D-T104,70,61,TMDT,Thương mại điện tử
N00429,Normal,2026-03-02,Thu 2,ca3,13:00,15:40,B,3,B-T308,80,63,TCTT,Tài chính tiền tệ
N00430,Normal,2026-03-02,Thu 2,ca3,13:00,15:40,A2,7,A2-T704,120,35,KDQT,Kinh doanh quốc tế
N00431,Normal,2026-03-02,Thu 2,ca3,13:00,15:40,D,4,D-T406,70,35,KDQT,Kinh doanh quốc tế
N00432,Normal,2026-03-02,Thu 2,ca4,15:50,18:30,A2,8,A2-T801,60,49,TCC01,Toán cao cấp
N00433,Normal,2026-03-02,Thu 2,ca1,06:45,09:25,A2,7,A2-T706,80,64,KTL01,Kinh tế lượng
N00434,Normal,2026-03-02,Thu 2,ca2,09:35,12:15,D,3,D-T302,90,50,MKT01,Marketing căn bản
N00435,Normal,2026-03-02,Thu 2,ca4,15:50,18:30,B,1,B-T107,80,35,QTNL,Quản trị nhân lực
N00436,Normal,2026-03-02,Thu 2,ca1,06:45,09:25,C,2,C-T202,40,40,KTL01,Kinh tế lượng
N00437,Normal,2026-03-02,Thu 2,ca1,06:45,09:25,D,1,D-T108,50,39,LOG01,Quản trị logistics
N00438,Normal,2026-03-02,Thu 2,ca1,06:45,09:25,D,5,D-T501,50,49,KDQT,Kinh doanh quốc tế
N00439,Normal,2026-03-02,Thu 2,ca4,15:50,18:30,D,4,D-T407,50,35,LOG01,Quản trị logistics
N00440,Normal,2026-03-02,Thu 2,ca3,13:00,15:40,A2,1,A2-T110,60,41,LOG01,Quản trị logistics
N00441,Normal,2026-03-02,Thu 2,ca2,09:35,12:15,A2,2,A2-T212,80,32,TMDT,Thương mại điện tử
N00442,Normal,2026-03-02,Thu 2,ca4,15:50,18:30,D,4,D-T408,70,69,KDQT,Kinh doanh quốc tế
N00443,Normal,2026-03-02,Thu 2,ca2,09:35,12:15,B,2,B-T206,60,38,KTVM2,Kinh tế vĩ mô
N00444,Normal,2026-03-02,Thu 2,ca1,06:45,09:25,A2,4,A2-T407,80,34,KTTC,Kế toán tài chính
N00445,Normal,2026-03-02,Thu 2,ca3,13:00,15:40,A2,7,A2-T703,120,53,TIN01,Tin học đại cương
N00446,Normal,2026-03-02,Thu 2,ca3,13:00,15:40,A2,6,A2-T604,100,77,TCC01,Toán cao cấp
N00447,Normal,2026-03-02,Thu 2,ca3,13:00,15:40,A2,9,A2-T914,60,60,KTVM,Kinh tế vi mô
N00448,Normal,2026-03-02,Thu 2,ca2,09:35,12:15,A2,1,A2-T104,80,39,LSD01,Lịch sử Đảng Cộng sản Việt Nam
N00449,Normal,2026-03-02,Thu 2,ca1,06:45,09:25,A2,6,A2-T605,60,51,LOG01,Quản trị logistics
N00450,Normal,2026-03-02,Thu 2,ca4,15:50,18:30,A2,1,A2-T114,80,32,QTH01,Quản trị học
N00451,Normal,2026-03-02,Thu 2,ca4,15:50,18:30,D,1,D-T108,50,32,PLDC,Pháp luật đại cương
N00452,Normal,2026-03-02,Thu 2,ca3,13:00,15:40,D,3,D-T307,90,79,TMDT,Thương mại điện tử
N00453,Normal,2026-03-02,Thu 2,ca4,15:50,18:30,A2,8,A2-T807,60,41,KTTC,Kế toán tài chính
N00454,Normal,2026-03-02,Thu 2,ca2,09:35,12:15,A2,10,A2-T1006,60,60,TTHCM,Tư tưởng Hồ Chí Minh
N00455,Normal,2026-03-02,Thu 2,ca3,13:00,15:40,B,1,B-T107,80,32,LSD01,Lịch sử Đảng Cộng sản Việt Nam
N00456,Normal,2026-03-02,Thu 2,ca4,15:50,18:30,A2,7,A2-T708,120,39,LOG01,Quản trị logistics
N00457,Normal,2026-03-02,Thu 2,ca3,13:00,15:40,A2,7,A2-T712,80,53,TMDT,Thương mại điện tử
N00458,Normal,2026-03-02,Thu 2,ca3,13:00,15:40,A2,9,A2-T903,80,58,NLKT,Nguyên lý kế toán
N00459,Normal,2026-03-02,Thu 2,ca3,13:00,15:40,A2,6,A2-T608,80,66,QTH01,Quản trị học
N00460,Normal,2026-03-02,Thu 2,ca4,15:50,18:30,B,1,B-T105,80,63,TMDT,Thương mại điện tử
N00461,Normal,2026-03-02,Thu 2,ca1,06:45,09:25,A2,4,A2-T406,60,42,QTNL,Quản trị nhân lực
N00462,Normal,2026-03-02,Thu 2,ca4,15:50,18:30,C,3,C-T307,80,71,TCTT,Tài chính tiền tệ
N00463,Normal,2026-03-02,Thu 2,ca4,15:50,18:30,A2,3,A2-T305,100,45,MKT01,Marketing căn bản
N00464,Normal,2026-03-02,Thu 2,ca2,09:35,12:15,C,2,C-T205,60,30,TCC01,Toán cao cấp
N00465,Normal,2026-03-02,Thu 2,ca3,13:00,15:40,A2,5,A2-T504,60,45,TIN01,Tin học đại cương
N00466,Normal,2026-03-02,Thu 2,ca1,06:45,09:25,C,1,C-T107,80,54,TMLN,Triết học Mác - Lênin
N00467,Normal,2026-03-02,Thu 2,ca2,09:35,12:15,D,1,D-T108,50,33,TCTT,Tài chính tiền tệ
N00468,Normal,2026-03-02,Thu 2,ca4,15:50,18:30,D,4,D-T403,50,38,LOG01,Quản trị logistics
N00469,Normal,2026-03-02,Thu 2,ca3,13:00,15:40,A2,7,A2-T702,100,43,LSD01,Lịch sử Đảng Cộng sản Việt Nam
N00470,Normal,2026-03-02,Thu 2,ca1,06:45,09:25,C,3,C-T302,80,48,ENG01,Tiếng Anh thương mại
N00471,Normal,2026-03-02,Thu 2,ca1,06:45,09:25,A2,2,A2-T203,120,42,MKT01,Marketing căn bản
N00472,Normal,2026-03-02,Thu 2,ca2,09:35,12:15,D,4,D-T401,50,34,NLKT,Nguyên lý kế toán
N00473,Normal,2026-03-02,Thu 2,ca3,13:00,15:40,A2,2,A2-T206,100,58,TCC01,Toán cao cấp
N00474,Normal,2026-03-02,Thu 2,ca3,13:00,15:40,A2,6,A2-T610,120,75,LOG01,Quản trị logistics
N00475,Normal,2026-03-02,Thu 2,ca3,13:00,15:40,A2,1,A2-T103,100,35,QTNL,Quản trị nhân lực
N00476,Normal,2026-03-02,Thu 2,ca2,09:35,12:15,D,5,D-T501,50,41,NLKT,Nguyên lý kế toán
N00477,Normal,2026-03-02,Thu 2,ca4,15:50,18:30,D,2,D-T208,50,47,TMLN,Triết học Mác - Lênin
N00478,Normal,2026-03-02,Thu 2,ca3,13:00,15:40,A2,3,A2-T304,60,39,KTL01,Kinh tế lượng
N00479,Normal,2026-03-02,Thu 2,ca4,15:50,18:30,D,5,D-T507,90,40,TCC01,Toán cao cấp
N00480,Normal,2026-03-02,Thu 2,ca3,13:00,15:40,A2,7,A2-T713,80,80,TMDT,Thương mại điện tử
N00481,Normal,2026-03-02,Thu 2,ca1,06:45,09:25,A2,10,A2-T1010,80,62,PLDC,Pháp luật đại cương
N00482,Normal,2026-03-02,Thu 2,ca2,09:35,12:15,A2,6,A2-T614,80,37,XSTK,Xác suất thống kê
N00483,Normal,2026-03-02,Thu 2,ca3,13:00,15:40,A2,10,A2-T1008,120,80,QTH01,Quản trị học
N00484,Normal,2026-03-02,Thu 2,ca4,15:50,18:30,A2,1,A2-T109,120,45,ENG01,Tiếng Anh thương mại
N00485,Normal,2026-03-02,Thu 2,ca1,06:45,09:25,A2,6,A2-T614,80,31,TMDT,Thương mại điện tử
N00486,Normal,2026-03-02,Thu 2,ca4,15:50,18:30,C,3,C-T308,80,65,TTHCM,Tư tưởng Hồ Chí Minh
N00487,Normal,2026-03-02,Thu 2,ca4,15:50,18:30,A2,4,A2-T403,60,41,LOG01,Quản trị logistics
N00488,Normal,2026-03-02,Thu 2,ca3,13:00,15:40,D,4,D-T408,70,65,QTH01,Quản trị học
N00489,Normal,2026-03-02,Thu 2,ca3,13:00,15:40,A2,1,A2-T107,60,49,NLKT,Nguyên lý kế toán
N00490,Normal,2026-03-02,Thu 2,ca1,06:45,09:25,A2,5,A2-T514,80,34,KTL01,Kinh tế lượng
N00491,Normal,2026-03-02,Thu 2,ca4,15:50,18:30,A2,7,A2-T712,80,55,ENG01,Tiếng Anh thương mại
N00492,Normal,2026-03-02,Thu 2,ca1,06:45,09:25,D,1,D-T101,90,63,KDQT,Kinh doanh quốc tế
N00493,Normal,2026-03-02,Thu 2,ca3,13:00,15:40,B,1,B-T101,80,79,KDQT,Kinh doanh quốc tế
N00494,Normal,2026-03-02,Thu 2,ca2,09:35,12:15,A2,1,A2-T111,60,56,TTHCM,Tư tưởng Hồ Chí Minh
N00495,Normal,2026-03-02,Thu 2,ca4,15:50,18:30,A2,8,A2-T809,100,34,QTH01,Quản trị học
N00496,Normal,2026-03-02,Thu 2,ca2,09:35,12:15,A2,3,A2-T305,100,50,NLKT,Nguyên lý kế toán
N00497,Normal,2026-03-02,Thu 2,ca2,09:35,12:15,B,3,B-T303,40,37,LOG01,Quản trị logistics
N00498,Normal,2026-03-02,Thu 2,ca2,09:35,12:15,A2,10,A2-T1011,80,73,TIN01,Tin học đại cương
N00499,Normal,2026-03-02,Thu 2,ca4,15:50,18:30,A2,9,A2-T910,60,41,QTH01,Quản trị học
N00500,Normal,2026-03-02,Thu 2,ca2,09:35,12:15,A2,7,A2-T713,80,79,TMLN,Triết học Mác - Lênin
N00501,Normal,2026-03-02,Thu 2,ca3,13:00,15:40,A2,3,A2-T308,60,50,TTHCM,Tư tưởng Hồ Chí Minh
N00502,Normal,2026-03-02,Thu 2,ca2,09:35,12:15,A2,10,A2-T1002,100,41,QTH01,Quản trị học
N00503,Normal,2026-03-02,Thu 2,ca4,15:50,18:30,C,3,C-T306,40,36,TIN01,Tin học đại cương
N00504,Normal,2026-03-02,Thu 2,ca4,15:50,18:30,A2,10,A2-T1009,60,59,KTVM2,Kinh tế vĩ mô
N00505,Normal,2026-03-02,Thu 2,ca1,06:45,09:25,A2,4,A2-T402,60,56,MKT01,Marketing căn bản
N00506,Normal,2026-03-02,Thu 2,ca1,06:45,09:25,A2,10,A2-T1002,100,63,QTH01,Quản trị học
N00507,Normal,2026-03-02,Thu 2,ca1,06:45,09:25,A2,5,A2-T503,100,49,TCC01,Toán cao cấp
N00508,Normal,2026-03-02,Thu 2,ca1,06:45,09:25,A2,2,A2-T214,100,40,QTNL,Quản trị nhân lực
N00509,Normal,2026-03-02,Thu 2,ca4,15:50,18:30,A2,3,A2-T314,100,75,PLDC,Pháp luật đại cương
N00510,Normal,2026-03-02,Thu 2,ca2,09:35,12:15,D,2,D-T204,70,52,TIN01,Tin học đại cương
N00511,Normal,2026-03-02,Thu 2,ca2,09:35,12:15,D,1,D-T103,50,39,NLKT,Nguyên lý kế toán
N00512,Normal,2026-03-02,Thu 2,ca3,13:00,15:40,C,1,C-T104,40,34,XSTK,Xác suất thống kê
N00513,Normal,2026-03-02,Thu 2,ca3,13:00,15:40,A2,4,A2-T405,100,70,TMLN,Triết học Mác - Lênin
N00514,Normal,2026-03-02,Thu 2,ca1,06:45,09:25,A2,9,A2-T907,80,47,QTH01,Quản trị học
N00515,Normal,2026-03-02,Thu 2,ca3,13:00,15:40,A2,3,A2-T307,100,70,KTL01,Kinh tế lượng
N00516,Normal,2026-03-02,Thu 2,ca3,13:00,15:40,A2,8,A2-T812,120,69,TMLN,Triết học Mác - Lênin
N00517,Normal,2026-03-02,Thu 2,ca2,09:35,12:15,A2,2,A2-T208,80,35,TIN01,Tin học đại cương
N00518,Normal,2026-03-02,Thu 2,ca2,09:35,12:15,B,3,B-T308,80,71,TCC01,Toán cao cấp
N00519,Normal,2026-03-02,Thu 2,ca4,15:50,18:30,A2,8,A2-T803,120,67,TTHCM,Tư tưởng Hồ Chí Minh
N00520,Normal,2026-03-02,Thu 2,ca4,15:50,18:30,A2,1,A2-T107,60,34,TCC01,Toán cao cấp
N00521,Normal,2026-03-02,Thu 2,ca3,13:00,15:40,B,3,B-T306,60,51,LSD01,Lịch sử Đảng Cộng sản Việt Nam
N00522,Normal,2026-03-02,Thu 2,ca3,13:00,15:40,A2,9,A2-T908,100,76,LSD01,Lịch sử Đảng Cộng sản Việt Nam
N00523,Normal,2026-03-02,Thu 2,ca2,09:35,12:15,A2,4,A2-T401,80,51,TTHCM,Tư tưởng Hồ Chí Minh
N00524,Normal,2026-03-02,Thu 2,ca3,13:00,15:40,A2,8,A2-T806,60,31,KTVM,Kinh tế vi mô
N00525,Normal,2026-03-02,Thu 2,ca1,06:45,09:25,A2,7,A2-T703,120,35,KTVM2,Kinh tế vĩ mô
N00526,Normal,2026-03-02,Thu 2,ca1,06:45,09:25,D,2,D-T204,70,66,TCTT,Tài chính tiền tệ
N00527,Normal,2026-03-02,Thu 2,ca2,09:35,12:15,A2,1,A2-T108,60,50,XSTK,Xác suất thống kê
N00528,Normal,2026-03-02,Thu 2,ca1,06:45,09:25,D,5,D-T506,70,66,KDQT,Kinh doanh quốc tế
N00529,Normal,2026-03-02,Thu 2,ca3,13:00,15:40,C,1,C-T103,80,69,KTVM,Kinh tế vi mô
N00530,Normal,2026-03-02,Thu 2,ca4,15:50,18:30,A2,5,A2-T514,80,61,TMLN,Triết học Mác - Lênin
N00531,Normal,2026-03-02,Thu 2,ca3,13:00,15:40,D,2,D-T203,70,48,KTL01,Kinh tế lượng
N00532,Normal,2026-03-02,Thu 2,ca4,15:50,18:30,A2,9,A2-T913,60,45,PLDC,Pháp luật đại cương
N00533,Normal,2026-03-02,Thu 2,ca2,09:35,12:15,A2,5,A2-T501,100,73,KTTC,Kế toán tài chính
N00534,Normal,2026-03-02,Thu 2,ca2,09:35,12:15,D,3,D-T307,90,49,LOG01,Quản trị logistics
N00535,Normal,2026-03-02,Thu 2,ca4,15:50,18:30,D,5,D-T503,70,34,KTVM2,Kinh tế vĩ mô
N00536,Normal,2026-03-02,Thu 2,ca2,09:35,12:15,A2,6,A2-T607,100,40,LOG01,Quản trị logistics
N00537,Normal,2026-03-02,Thu 2,ca1,06:45,09:25,A2,7,A2-T707,80,56,ENG01,Tiếng Anh thương mại
N00538,Normal,2026-03-02,Thu 2,ca3,13:00,15:40,A2,1,A2-T102,60,44,XSTK,Xác suất thống kê
N00539,Normal,2026-03-02,Thu 2,ca4,15:50,18:30,D,4,D-T404,50,40,LSD01,Lịch sử Đảng Cộng sản Việt Nam
N00540,Normal,2026-03-02,Thu 2,ca2,09:35,12:15,A2,7,A2-T714,120,39,QTNL,Quản trị nhân lực
N00541,Normal,2026-03-02,Thu 2,ca1,06:45,09:25,A2,1,A2-T106,80,75,QTNL,Quản trị nhân lực
N00542,Normal,2026-03-02,Thu 2,ca3,13:00,15:40,A2,8,A2-T802,120,76,TMDT,Thương mại điện tử
N00543,Normal,2026-03-02,Thu 2,ca1,06:45,09:25,B,3,B-T306,60,42,QTH01,Quản trị học
N00544,Normal,2026-03-02,Thu 2,ca4,15:50,18:30,A2,4,A2-T411,120,78,TMDT,Thương mại điện tử
N00545,Normal,2026-03-02,Thu 2,ca4,15:50,18:30,A2,2,A2-T202,80,62,TMLN,Triết học Mác - Lênin
N00546,Normal,2026-03-02,Thu 2,ca2,09:35,12:15,A2,8,A2-T809,100,36,QTNL,Quản trị nhân lực
N00547,Normal,2026-03-02,Thu 2,ca2,09:35,12:15,A2,9,A2-T908,100,45,LOG01,Quản trị logistics
N00548,Normal,2026-03-02,Thu 2,ca3,13:00,15:40,C,1,C-T101,80,37,TCTT,Tài chính tiền tệ
N00549,Normal,2026-03-02,Thu 2,ca2,09:35,12:15,A2,8,A2-T807,60,44,PLDC,Pháp luật đại cương
N00550,Normal,2026-03-02,Thu 2,ca2,09:35,12:15,B,2,B-T204,80,39,MKT01,Marketing căn bản
N00551,Normal,2026-03-02,Thu 2,ca2,09:35,12:15,A2,2,A2-T203,120,33,KTL01,Kinh tế lượng
N00552,Normal,2026-03-02,Thu 2,ca4,15:50,18:30,A2,4,A2-T413,80,54,LSD01,Lịch sử Đảng Cộng sản Việt Nam
N00553,Normal,2026-03-02,Thu 2,ca1,06:45,09:25,A2,3,A2-T312,60,43,PLDC,Pháp luật đại cương
N00554,Normal,2026-03-02,Thu 2,ca1,06:45,09:25,A2,8,A2-T801,60,60,TCC01,Toán cao cấp
N00555,Normal,2026-03-02,Thu 2,ca1,06:45,09:25,A2,5,A2-T504,60,56,QTNL,Quản trị nhân lực
N00556,Normal,2026-03-02,Thu 2,ca3,13:00,15:40,A2,3,A2-T311,120,66,QTNL,Quản trị nhân lực
N00557,Normal,2026-03-02,Thu 2,ca2,09:35,12:15,A2,3,A2-T308,60,36,TCC01,Toán cao cấp
N00558,Normal,2026-03-02,Thu 2,ca2,09:35,12:15,D,4,D-T403,50,45,TIN01,Tin học đại cương
N00559,Normal,2026-03-02,Thu 2,ca2,09:35,12:15,D,5,D-T508,50,44,ENG01,Tiếng Anh thương mại
N00560,Normal,2026-03-02,Thu 2,ca4,15:50,18:30,A2,6,A2-T612,80,49,ENG01,Tiếng Anh thương mại
N00561,Normal,2026-03-02,Thu 2,ca3,13:00,15:40,B,2,B-T207,60,30,NLKT,Nguyên lý kế toán
N00562,Normal,2026-03-02,Thu 2,ca3,13:00,15:40,D,1,D-T108,50,42,TIN01,Tin học đại cương
N00563,Normal,2026-03-02,Thu 2,ca1,06:45,09:25,B,2,B-T207,60,44,PLDC,Pháp luật đại cương
N00564,Normal,2026-03-02,Thu 2,ca3,13:00,15:40,D,5,D-T502,70,43,TTHCM,Tư tưởng Hồ Chí Minh
N00565,Normal,2026-03-02,Thu 2,ca4,15:50,18:30,A2,2,A2-T206,100,52,KTVM2,Kinh tế vĩ mô
N00566,Normal,2026-03-02,Thu 2,ca3,13:00,15:40,A2,9,A2-T901,60,31,KTL01,Kinh tế lượng
N00567,Normal,2026-03-02,Thu 2,ca2,09:35,12:15,A2,6,A2-T601,60,45,LSD01,Lịch sử Đảng Cộng sản Việt Nam
N00568,Normal,2026-03-02,Thu 2,ca3,13:00,15:40,D,3,D-T304,50,50,ENG01,Tiếng Anh thương mại
N00569,Normal,2026-03-02,Thu 2,ca1,06:45,09:25,A2,9,A2-T913,60,39,TMLN,Triết học Mác - Lênin
N00570,Normal,2026-03-02,Thu 2,ca2,09:35,12:15,A2,10,A2-T1008,120,30,MKT01,Marketing căn bản
N00571,Normal,2026-03-02,Thu 2,ca1,06:45,09:25,D,4,D-T406,70,57,QTH01,Quản trị học
N00572,Normal,2026-03-02,Thu 2,ca2,09:35,12:15,A2,5,A2-T508,120,46,TMDT,Thương mại điện tử
N00573,Normal,2026-03-02,Thu 2,ca2,09:35,12:15,A2,5,A2-T511,80,78,KTTC,Kế toán tài chính
N00574,Normal,2026-03-02,Thu 2,ca1,06:45,09:25,A2,9,A2-T904,60,41,KTVM2,Kinh tế vĩ mô
N00575,Normal,2026-03-02,Thu 2,ca2,09:35,12:15,D,3,D-T308,70,55,KTVM2,Kinh tế vĩ mô
N00576,Normal,2026-03-02,Thu 2,ca3,13:00,15:40,A2,3,A2-T313,100,66,TMLN,Triết học Mác - Lênin
N00577,Normal,2026-03-02,Thu 2,ca1,06:45,09:25,A2,9,A2-T903,80,42,TMDT,Thương mại điện tử
N00578,Normal,2026-03-02,Thu 2,ca2,09:35,12:15,B,3,B-T304,40,38,KTL01,Kinh tế lượng
N00579,Normal,2026-03-02,Thu 2,ca1,06:45,09:25,A2,8,A2-T812,120,34,KTTC,Kế toán tài chính
N00580,Normal,2026-03-02,Thu 2,ca1,06:45,09:25,A2,10,A2-T1004,60,46,LOG01,Quản trị logistics
N00581,Normal,2026-03-02,Thu 2,ca2,09:35,12:15,A2,9,A2-T902,100,78,TMLN,Triết học Mác - Lênin
N00582,Normal,2026-03-02,Thu 2,ca1,06:45,09:25,A2,6,A2-T612,80,47,LSD01,Lịch sử Đảng Cộng sản Việt Nam
N00583,Normal,2026-03-02,Thu 2,ca1,06:45,09:25,B,1,B-T104,40,40,LSD01,Lịch sử Đảng Cộng sản Việt Nam
N00584,Normal,2026-03-02,Thu 2,ca2,09:35,12:15,D,4,D-T404,50,33,QTH01,Quản trị học
N00585,Normal,2026-03-02,Thu 2,ca4,15:50,18:30,B,1,B-T108,40,31,KTTC,Kế toán tài chính
N00586,Normal,2026-03-02,Thu 2,ca1,06:45,09:25,A2,3,A2-T307,100,53,QTNL,Quản trị nhân lực
N00587,Normal,2026-03-02,Thu 2,ca4,15:50,18:30,A2,9,A2-T905,100,65,TMDT,Thương mại điện tử
N00588,Normal,2026-03-02,Thu 2,ca1,06:45,09:25,A2,3,A2-T304,60,54,QTH01,Quản trị học
N00589,Normal,2026-03-02,Thu 2,ca1,06:45,09:25,C,3,C-T304,40,33,LSD01,Lịch sử Đảng Cộng sản Việt Nam
N00590,Normal,2026-03-02,Thu 2,ca3,13:00,15:40,B,1,B-T103,60,46,KTTC,Kế toán tài chính
N00591,Normal,2026-03-02,Thu 2,ca2,09:35,12:15,D,4,D-T405,90,62,KTVM2,Kinh tế vĩ mô
N00592,Normal,2026-03-02,Thu 2,ca4,15:50,18:30,A2,9,A2-T907,80,32,KTVM2,Kinh tế vĩ mô
N00593,Normal,2026-03-02,Thu 2,ca3,13:00,15:40,A2,10,A2-T1007,60,34,QTNL,Quản trị nhân lực
N00594,Normal,2026-03-02,Thu 2,ca1,06:45,09:25,A2,4,A2-T404,80,60,TIN01,Tin học đại cương
N00595,Normal,2026-03-02,Thu 2,ca1,06:45,09:25,A2,5,A2-T501,100,59,QTH01,Quản trị học
N00596,Normal,2026-03-02,Thu 2,ca4,15:50,18:30,A2,8,A2-T811,100,68,TIN01,Tin học đại cương
N00597,Normal,2026-03-02,Thu 2,ca3,13:00,15:40,D,2,D-T201,90,38,QTNL,Quản trị nhân lực
N00598,Normal,2026-03-02,Thu 2,ca2,09:35,12:15,A2,1,A2-T102,60,59,LSD01,Lịch sử Đảng Cộng sản Việt Nam
N00599,Normal,2026-03-02,Thu 2,ca3,13:00,15:40,C,3,C-T306,40,35,TCC01,Toán cao cấp
N00600,Normal,2026-03-02,Thu 2,ca2,09:35,12:15,A2,5,A2-T507,80,55,LSD01,Lịch sử Đảng Cộng sản Việt Nam
N00601,Normal,2026-03-02,Thu 2,ca3,13:00,15:40,C,2,C-T201,40,34,TTHCM,Tư tưởng Hồ Chí Minh
N00602,Normal,2026-03-02,Thu 2,ca3,13:00,15:40,A2,10,A2-T1001,100,51,TIN01,Tin học đại cương
N00603,Normal,2026-03-02,Thu 2,ca2,09:35,12:15,A2,8,A2-T801,60,56,TIN01,Tin học đại cương
N00604,Normal,2026-03-02,Thu 2,ca4,15:50,18:30,A2,4,A2-T408,60,47,ENG01,Tiếng Anh thương mại
N00605,Normal,2026-03-02,Thu 2,ca2,09:35,12:15,B,1,B-T108,40,39,KTL01,Kinh tế lượng
N00606,Normal,2026-03-02,Thu 2,ca1,06:45,09:25,A2,8,A2-T809,100,60,KTVM,Kinh tế vi mô
N00607,Normal,2026-03-02,Thu 2,ca3,13:00,15:40,A2,9,A2-T905,100,53,QTNL,Quản trị nhân lực
N00608,Normal,2026-03-02,Thu 2,ca1,06:45,09:25,D,3,D-T302,90,73,MKT01,Marketing căn bản
N00609,Normal,2026-03-02,Thu 2,ca3,13:00,15:40,A2,9,A2-T910,60,43,TTHCM,Tư tưởng Hồ Chí Minh
N00610,Normal,2026-03-02,Thu 2,ca3,13:00,15:40,D,2,D-T206,70,49,KTVM,Kinh tế vi mô
N00611,Normal,2026-03-02,Thu 2,ca4,15:50,18:30,A2,1,A2-T112,60,49,ENG01,Tiếng Anh thương mại
N00612,Normal,2026-03-02,Thu 2,ca1,06:45,09:25,D,2,D-T205,70,46,TTHCM,Tư tưởng Hồ Chí Minh
N00613,Normal,2026-03-02,Thu 2,ca3,13:00,15:40,A2,3,A2-T310,60,48,PLDC,Pháp luật đại cương
N00614,Normal,2026-03-02,Thu 2,ca4,15:50,18:30,A2,4,A2-T409,120,76,KTVM2,Kinh tế vĩ mô
N00615,Normal,2026-03-02,Thu 2,ca3,13:00,15:40,A2,5,A2-T502,80,67,ENG01,Tiếng Anh thương mại
N00616,Normal,2026-03-02,Thu 2,ca2,09:35,12:15,A2,6,A2-T610,120,40,TIN01,Tin học đại cương
N00617,Normal,2026-03-02,Thu 2,ca4,15:50,18:30,D,4,D-T401,50,50,LSD01,Lịch sử Đảng Cộng sản Việt Nam
N00618,Normal,2026-03-02,Thu 2,ca3,13:00,15:40,D,5,D-T507,90,79,KTTC,Kế toán tài chính
N00619,Normal,2026-03-02,Thu 2,ca4,15:50,18:30,A2,7,A2-T702,100,39,PLDC,Pháp luật đại cương
N00620,Normal,2026-03-02,Thu 2,ca4,15:50,18:30,A2,10,A2-T1006,60,31,TTHCM,Tư tưởng Hồ Chí Minh
N00621,Normal,2026-03-02,Thu 2,ca3,13:00,15:40,A2,6,A2-T603,120,74,MKT01,Marketing căn bản
N00622,Normal,2026-03-02,Thu 2,ca3,13:00,15:40,A2,2,A2-T208,80,42,KTVM,Kinh tế vi mô
N00623,Normal,2026-03-02,Thu 2,ca2,09:35,12:15,A2,4,A2-T402,60,44,QTNL,Quản trị nhân lực
N00624,Normal,2026-03-02,Thu 2,ca1,06:45,09:25,A2,9,A2-T910,60,43,QTH01,Quản trị học
N00625,Normal,2026-03-02,Thu 2,ca1,06:45,09:25,D,3,D-T307,90,56,XSTK,Xác suất thống kê
N00626,Normal,2026-03-02,Thu 2,ca1,06:45,09:25,D,2,D-T208,50,43,TIN01,Tin học đại cương
N00627,Normal,2026-03-02,Thu 2,ca4,15:50,18:30,B,3,B-T301,60,54,LSD01,Lịch sử Đảng Cộng sản Việt Nam
N00628,Normal,2026-03-02,Thu 2,ca2,09:35,12:15,D,1,D-T102,70,60,KTVM2,Kinh tế vĩ mô
N00629,Normal,2026-03-02,Thu 2,ca1,06:45,09:25,A2,9,A2-T908,100,75,QTH01,Quản trị học
N00630,Normal,2026-03-02,Thu 2,ca2,09:35,12:15,A2,6,A2-T613,100,63,XSTK,Xác suất thống kê
N00631,Normal,2026-03-02,Thu 2,ca2,09:35,12:15,B,2,B-T208,80,65,QTNL,Quản trị nhân lực
N00632,Normal,2026-03-02,Thu 2,ca1,06:45,09:25,D,4,D-T407,50,45,TIN01,Tin học đại cương
N00633,Normal,2026-03-02,Thu 2,ca2,09:35,12:15,C,3,C-T306,40,36,QTNL,Quản trị nhân lực
N00634,Normal,2026-03-02,Thu 2,ca3,13:00,15:40,D,1,D-T107,50,35,LOG01,Quản trị logistics
N00635,Normal,2026-03-02,Thu 2,ca2,09:35,12:15,A2,6,A2-T604,100,64,QTNL,Quản trị nhân lực
N00636,Normal,2026-03-02,Thu 2,ca4,15:50,18:30,A2,6,A2-T608,80,64,TMDT,Thương mại điện tử
N00637,Normal,2026-03-02,Thu 2,ca1,06:45,09:25,A2,1,A2-T101,60,51,TCTT,Tài chính tiền tệ
N00638,Normal,2026-03-02,Thu 2,ca2,09:35,12:15,B,1,B-T101,80,69,ENG01,Tiếng Anh thương mại
P00639,Peak,2026-05-11,Thu 2,ca3,13:00,15:40,B,2,B-T202,60,49,KTVM2,Kinh tế vĩ mô
P00640,Peak,2026-05-11,Thu 2,ca1,06:45,09:25,A2,6,A2-T608,80,52,KTVM,Kinh tế vi mô
P00641,Peak,2026-05-11,Thu 2,ca4,15:50,18:30,A2,3,A2-T311,120,61,QTH01,Quản trị học
P00642,Peak,2026-05-11,Thu 2,ca4,15:50,18:30,B,2,B-T205,80,42,KTTC,Kế toán tài chính
P00643,Peak,2026-05-11,Thu 2,ca3,13:00,15:40,B,1,B-T106,80,65,TIN01,Tin học đại cương
P00644,Peak,2026-05-11,Thu 2,ca3,13:00,15:40,A2,9,A2-T901,60,50,ENG01,Tiếng Anh thương mại
P00645,Peak,2026-05-11,Thu 2,ca2,09:35,12:15,A2,7,A2-T708,120,56,ENG01,Tiếng Anh thương mại
P00646,Peak,2026-05-11,Thu 2,ca3,13:00,15:40,A2,9,A2-T903,80,56,LOG01,Quản trị logistics
P00647,Peak,2026-05-11,Thu 2,ca4,15:50,18:30,A2,4,A2-T402,60,45,TCC01,Toán cao cấp
P00648,Peak,2026-05-11,Thu 2,ca4,15:50,18:30,A2,6,A2-T608,80,35,TTHCM,Tư tưởng Hồ Chí Minh
P00649,Peak,2026-05-11,Thu 2,ca2,09:35,12:15,B,2,B-T204,80,31,PLDC,Pháp luật đại cương
P00650,Peak,2026-05-11,Thu 2,ca3,13:00,15:40,C,3,C-T301,60,39,KTVM2,Kinh tế vĩ mô
P00651,Peak,2026-05-11,Thu 2,ca1,06:45,09:25,B,2,B-T207,60,38,PLDC,Pháp luật đại cương
P00652,Peak,2026-05-11,Thu 2,ca3,13:00,15:40,C,1,C-T107,80,64,KTL01,Kinh tế lượng
P00653,Peak,2026-05-11,Thu 2,ca4,15:50,18:30,D,1,D-T105,70,40,LOG01,Quản trị logistics
P00654,Peak,2026-05-11,Thu 2,ca3,13:00,15:40,A2,4,A2-T409,120,66,ENG01,Tiếng Anh thương mại
P00655,Peak,2026-05-11,Thu 2,ca2,09:35,12:15,D,1,D-T103,50,47,TIN01,Tin học đại cương
P00656,Peak,2026-05-11,Thu 2,ca3,13:00,15:40,A2,7,A2-T710,60,33,TTHCM,Tư tưởng Hồ Chí Minh
P00657,Peak,2026-05-11,Thu 2,ca3,13:00,15:40,A2,9,A2-T904,60,33,TCTT,Tài chính tiền tệ
P00658,Peak,2026-05-11,Thu 2,ca1,06:45,09:25,C,1,C-T105,40,38,TMDT,Thương mại điện tử
P00659,Peak,2026-05-11,Thu 2,ca1,06:45,09:25,A2,6,A2-T609,120,64,KTVM2,Kinh tế vĩ mô
P00660,Peak,2026-05-11,Thu 2,ca2,09:35,12:15,A2,9,A2-T914,60,54,LOG01,Quản trị logistics
P00661,Peak,2026-05-11,Thu 2,ca2,09:35,12:15,A2,2,A2-T204,80,64,XSTK,Xác suất thống kê
P00662,Peak,2026-05-11,Thu 2,ca2,09:35,12:15,A2,2,A2-T213,80,57,MKT01,Marketing căn bản
P00663,Peak,2026-05-11,Thu 2,ca4,15:50,18:30,A2,7,A2-T707,80,77,PLDC,Pháp luật đại cương
P00664,Peak,2026-05-11,Thu 2,ca2,09:35,12:15,A2,10,A2-T1007,60,39,KTVM2,Kinh tế vĩ mô
P00665,Peak,2026-05-11,Thu 2,ca1,06:45,09:25,A2,6,A2-T611,120,58,TCTT,Tài chính tiền tệ
P00666,Peak,2026-05-11,Thu 2,ca4,15:50,18:30,A2,10,A2-T1014,100,52,NLKT,Nguyên lý kế toán
P00667,Peak,2026-05-11,Thu 2,ca1,06:45,09:25,A2,2,A2-T205,120,58,MKT01,Marketing căn bản
P00668,Peak,2026-05-11,Thu 2,ca2,09:35,12:15,A2,10,A2-T1011,80,79,PLDC,Pháp luật đại cương
P00669,Peak,2026-05-11,Thu 2,ca4,15:50,18:30,D,1,D-T104,70,43,TTHCM,Tư tưởng Hồ Chí Minh
P00670,Peak,2026-05-11,Thu 2,ca3,13:00,15:40,A2,5,A2-T511,80,74,TMDT,Thương mại điện tử
P00671,Peak,2026-05-11,Thu 2,ca4,15:50,18:30,A2,4,A2-T404,80,75,LSD01,Lịch sử Đảng Cộng sản Việt Nam
P00672,Peak,2026-05-11,Thu 2,ca1,06:45,09:25,A2,3,A2-T310,60,50,KDQT,Kinh doanh quốc tế
P00673,Peak,2026-05-11,Thu 2,ca1,06:45,09:25,A2,3,A2-T314,100,40,LSD01,Lịch sử Đảng Cộng sản Việt Nam
P00674,Peak,2026-05-11,Thu 2,ca3,13:00,15:40,D,2,D-T202,70,38,XSTK,Xác suất thống kê
P00675,Peak,2026-05-11,Thu 2,ca3,13:00,15:40,A2,3,A2-T308,60,56,XSTK,Xác suất thống kê
P00676,Peak,2026-05-11,Thu 2,ca3,13:00,15:40,B,3,B-T303,40,30,TTHCM,Tư tưởng Hồ Chí Minh
P00677,Peak,2026-05-11,Thu 2,ca1,06:45,09:25,A2,7,A2-T703,120,52,TMLN,Triết học Mác - Lênin
P00678,Peak,2026-05-11,Thu 2,ca2,09:35,12:15,A2,4,A2-T413,80,47,LSD01,Lịch sử Đảng Cộng sản Việt Nam
P00679,Peak,2026-05-11,Thu 2,ca3,13:00,15:40,D,5,D-T501,50,47,TCC01,Toán cao cấp
P00680,Peak,2026-05-11,Thu 2,ca4,15:50,18:30,C,2,C-T206,40,35,KTL01,Kinh tế lượng
P00681,Peak,2026-05-11,Thu 2,ca2,09:35,12:15,A2,4,A2-T409,120,48,TTHCM,Tư tưởng Hồ Chí Minh
P00682,Peak,2026-05-11,Thu 2,ca2,09:35,12:15,A2,9,A2-T912,120,47,TIN01,Tin học đại cương
P00683,Peak,2026-05-11,Thu 2,ca4,15:50,18:30,A2,8,A2-T812,120,73,MKT01,Marketing căn bản
P00684,Peak,2026-05-11,Thu 2,ca3,13:00,15:40,D,2,D-T204,70,38,KDQT,Kinh doanh quốc tế
P00685,Peak,2026-05-11,Thu 2,ca4,15:50,18:30,C,2,C-T204,40,30,TCTT,Tài chính tiền tệ
P00686,Peak,2026-05-11,Thu 2,ca4,15:50,18:30,A2,2,A2-T211,100,71,QTH01,Quản trị học
P00687,Peak,2026-05-11,Thu 2,ca2,09:35,12:15,A2,1,A2-T109,120,74,QTH01,Quản trị học
P00688,Peak,2026-05-11,Thu 2,ca2,09:35,12:15,A2,7,A2-T707,80,45,QTH01,Quản trị học
P00689,Peak,2026-05-11,Thu 2,ca4,15:50,18:30,A2,7,A2-T701,80,75,QTNL,Quản trị nhân lực
P00690,Peak,2026-05-11,Thu 2,ca4,15:50,18:30,A2,10,A2-T1005,80,45,KTTC,Kế toán tài chính
P00691,Peak,2026-05-11,Thu 2,ca4,15:50,18:30,A2,1,A2-T102,60,45,QTH01,Quản trị học
P00692,Peak,2026-05-11,Thu 2,ca4,15:50,18:30,A2,7,A2-T705,100,66,TCTT,Tài chính tiền tệ
P00693,Peak,2026-05-11,Thu 2,ca4,15:50,18:30,A2,6,A2-T606,80,70,KDQT,Kinh doanh quốc tế
P00694,Peak,2026-05-11,Thu 2,ca2,09:35,12:15,A2,9,A2-T902,100,54,LOG01,Quản trị logistics
P00695,Peak,2026-05-11,Thu 2,ca4,15:50,18:30,A2,2,A2-T205,120,34,NLKT,Nguyên lý kế toán
P00696,Peak,2026-05-11,Thu 2,ca2,09:35,12:15,A2,3,A2-T309,120,55,TIN01,Tin học đại cương
P00697,Peak,2026-05-11,Thu 2,ca1,06:45,09:25,D,3,D-T301,90,77,TCTT,Tài chính tiền tệ
P00698,Peak,2026-05-11,Thu 2,ca1,06:45,09:25,A2,4,A2-T403,60,52,TMDT,Thương mại điện tử
P00699,Peak,2026-05-11,Thu 2,ca2,09:35,12:15,D,5,D-T505,50,44,ENG01,Tiếng Anh thương mại
P00700,Peak,2026-05-11,Thu 2,ca1,06:45,09:25,C,1,C-T106,40,35,TTHCM,Tư tưởng Hồ Chí Minh
P00701,Peak,2026-05-11,Thu 2,ca1,06:45,09:25,A2,1,A2-T110,60,30,NLKT,Nguyên lý kế toán
P00702,Peak,2026-05-11,Thu 2,ca3,13:00,15:40,C,3,C-T308,80,76,LOG01,Quản trị logistics
P00703,Peak,2026-05-11,Thu 2,ca4,15:50,18:30,A2,4,A2-T401,80,70,TMDT,Thương mại điện tử
P00704,Peak,2026-05-11,Thu 2,ca2,09:35,12:15,D,2,D-T204,70,34,TMLN,Triết học Mác - Lênin
P00705,Peak,2026-05-11,Thu 2,ca2,09:35,12:15,A2,10,A2-T1003,80,55,XSTK,Xác suất thống kê
P00706,Peak,2026-05-11,Thu 2,ca1,06:45,09:25,A2,1,A2-T101,60,60,KDQT,Kinh doanh quốc tế
P00707,Peak,2026-05-11,Thu 2,ca1,06:45,09:25,A2,8,A2-T802,120,43,ENG01,Tiếng Anh thương mại
P00708,Peak,2026-05-11,Thu 2,ca1,06:45,09:25,D,3,D-T304,50,38,QTNL,Quản trị nhân lực
P00709,Peak,2026-05-11,Thu 2,ca2,09:35,12:15,A2,3,A2-T308,60,56,KTL01,Kinh tế lượng
P00710,Peak,2026-05-11,Thu 2,ca3,13:00,15:40,D,3,D-T307,90,51,TMLN,Triết học Mác - Lênin
P00711,Peak,2026-05-11,Thu 2,ca4,15:50,18:30,A2,6,A2-T611,120,66,QTH01,Quản trị học
P00712,Peak,2026-05-11,Thu 2,ca2,09:35,12:15,D,4,D-T401,50,48,ENG01,Tiếng Anh thương mại
P00713,Peak,2026-05-11,Thu 2,ca4,15:50,18:30,A2,1,A2-T114,80,80,QTNL,Quản trị nhân lực
P00714,Peak,2026-05-11,Thu 2,ca3,13:00,15:40,A2,4,A2-T412,100,73,KTVM2,Kinh tế vĩ mô
P00715,Peak,2026-05-11,Thu 2,ca3,13:00,15:40,A2,7,A2-T703,120,32,MKT01,Marketing căn bản
P00716,Peak,2026-05-11,Thu 2,ca3,13:00,15:40,A2,4,A2-T405,100,70,LOG01,Quản trị logistics
P00717,Peak,2026-05-11,Thu 2,ca4,15:50,18:30,A2,10,A2-T1004,60,30,MKT01,Marketing căn bản
P00718,Peak,2026-05-11,Thu 2,ca1,06:45,09:25,D,4,D-T401,50,35,LOG01,Quản trị logistics
P00719,Peak,2026-05-11,Thu 2,ca2,09:35,12:15,D,5,D-T508,50,44,KTVM,Kinh tế vi mô
P00720,Peak,2026-05-11,Thu 2,ca4,15:50,18:30,B,3,B-T304,40,36,XSTK,Xác suất thống kê
P00721,Peak,2026-05-11,Thu 2,ca1,06:45,09:25,D,5,D-T502,70,38,KTL01,Kinh tế lượng
P00722,Peak,2026-05-11,Thu 2,ca1,06:45,09:25,A2,1,A2-T106,80,40,TCTT,Tài chính tiền tệ
P00723,Peak,2026-05-11,Thu 2,ca1,06:45,09:25,A2,10,A2-T1005,80,35,TMDT,Thương mại điện tử
P00724,Peak,2026-05-11,Thu 2,ca1,06:45,09:25,C,1,C-T103,80,46,NLKT,Nguyên lý kế toán
P00725,Peak,2026-05-11,Thu 2,ca2,09:35,12:15,A2,3,A2-T314,100,53,TCC01,Toán cao cấp
P00726,Peak,2026-05-11,Thu 2,ca4,15:50,18:30,A2,1,A2-T108,60,31,KTTC,Kế toán tài chính
P00727,Peak,2026-05-11,Thu 2,ca3,13:00,15:40,A2,3,A2-T310,60,50,KTL01,Kinh tế lượng
P00728,Peak,2026-05-11,Thu 2,ca1,06:45,09:25,B,3,B-T306,60,53,PLDC,Pháp luật đại cương
P00729,Peak,2026-05-11,Thu 2,ca2,09:35,12:15,C,2,C-T201,40,36,NLKT,Nguyên lý kế toán
P00730,Peak,2026-05-11,Thu 2,ca2,09:35,12:15,C,1,C-T106,40,31,KTVM,Kinh tế vi mô
P00731,Peak,2026-05-11,Thu 2,ca3,13:00,15:40,C,1,C-T102,40,33,ENG01,Tiếng Anh thương mại
P00732,Peak,2026-05-11,Thu 2,ca2,09:35,12:15,A2,10,A2-T1013,80,34,QTH01,Quản trị học
P00733,Peak,2026-05-11,Thu 2,ca3,13:00,15:40,C,2,C-T207,80,67,PLDC,Pháp luật đại cương
P00734,Peak,2026-05-11,Thu 2,ca3,13:00,15:40,C,2,C-T203,40,38,LOG01,Quản trị logistics
P00735,Peak,2026-05-11,Thu 2,ca1,06:45,09:25,D,3,D-T306,70,30,KTVM,Kinh tế vi mô
P00736,Peak,2026-05-11,Thu 2,ca2,09:35,12:15,A2,4,A2-T402,60,52,QTNL,Quản trị nhân lực
P00737,Peak,2026-05-11,Thu 2,ca2,09:35,12:15,A2,8,A2-T807,60,56,MKT01,Marketing căn bản
P00738,Peak,2026-05-11,Thu 2,ca2,09:35,12:15,A2,6,A2-T611,120,57,QTH01,Quản trị học
P00739,Peak,2026-05-11,Thu 2,ca3,13:00,15:40,B,2,B-T201,80,60,NLKT,Nguyên lý kế toán
P00740,Peak,2026-05-11,Thu 2,ca2,09:35,12:15,A2,2,A2-T209,120,44,KTTC,Kế toán tài chính
P00741,Peak,2026-05-11,Thu 2,ca2,09:35,12:15,D,5,D-T506,70,35,MKT01,Marketing căn bản
P00742,Peak,2026-05-11,Thu 2,ca4,15:50,18:30,C,2,C-T207,80,36,QTNL,Quản trị nhân lực
P00743,Peak,2026-05-11,Thu 2,ca1,06:45,09:25,A2,1,A2-T104,80,53,KTL01,Kinh tế lượng
P00744,Peak,2026-05-11,Thu 2,ca3,13:00,15:40,D,3,D-T302,90,38,KTTC,Kế toán tài chính
P00745,Peak,2026-05-11,Thu 2,ca3,13:00,15:40,A2,3,A2-T306,100,79,QTH01,Quản trị học
P00746,Peak,2026-05-11,Thu 2,ca4,15:50,18:30,A2,9,A2-T907,80,71,QTH01,Quản trị học
P00747,Peak,2026-05-11,Thu 2,ca2,09:35,12:15,A2,4,A2-T405,100,34,TIN01,Tin học đại cương
P00748,Peak,2026-05-11,Thu 2,ca3,13:00,15:40,A2,1,A2-T107,60,48,KTVM,Kinh tế vi mô
P00749,Peak,2026-05-11,Thu 2,ca2,09:35,12:15,C,1,C-T105,40,39,TCC01,Toán cao cấp
P00750,Peak,2026-05-11,Thu 2,ca3,13:00,15:40,A2,2,A2-T201,60,44,TMDT,Thương mại điện tử
P00751,Peak,2026-05-11,Thu 2,ca4,15:50,18:30,A2,5,A2-T509,120,76,XSTK,Xác suất thống kê
P00752,Peak,2026-05-11,Thu 2,ca3,13:00,15:40,B,3,B-T307,40,40,QTH01,Quản trị học
P00753,Peak,2026-05-11,Thu 2,ca3,13:00,15:40,A2,5,A2-T503,100,56,LSD01,Lịch sử Đảng Cộng sản Việt Nam
P00754,Peak,2026-05-11,Thu 2,ca3,13:00,15:40,D,5,D-T504,50,44,XSTK,Xác suất thống kê
P00755,Peak,2026-05-11,Thu 2,ca4,15:50,18:30,A2,9,A2-T913,60,32,MKT01,Marketing căn bản
P00756,Peak,2026-05-11,Thu 2,ca3,13:00,15:40,A2,9,A2-T905,100,38,MKT01,Marketing căn bản
P00757,Peak,2026-05-11,Thu 2,ca4,15:50,18:30,D,1,D-T106,50,48,KTTC,Kế toán tài chính
P00758,Peak,2026-05-11,Thu 2,ca3,13:00,15:40,A2,1,A2-T103,100,52,KDQT,Kinh doanh quốc tế
P00759,Peak,2026-05-11,Thu 2,ca3,13:00,15:40,A2,6,A2-T607,100,50,QTH01,Quản trị học
P00760,Peak,2026-05-11,Thu 2,ca3,13:00,15:40,A2,4,A2-T403,60,37,TCTT,Tài chính tiền tệ
P00761,Peak,2026-05-11,Thu 2,ca2,09:35,12:15,D,3,D-T305,50,50,NLKT,Nguyên lý kế toán
P00762,Peak,2026-05-11,Thu 2,ca3,13:00,15:40,C,1,C-T104,40,33,TMLN,Triết học Mác - Lênin
P00763,Peak,2026-05-11,Thu 2,ca2,09:35,12:15,D,3,D-T302,90,68,LSD01,Lịch sử Đảng Cộng sản Việt Nam
P00764,Peak,2026-05-11,Thu 2,ca3,13:00,15:40,A2,8,A2-T806,60,53,LSD01,Lịch sử Đảng Cộng sản Việt Nam
P00765,Peak,2026-05-11,Thu 2,ca2,09:35,12:15,A2,6,A2-T612,80,48,KTVM,Kinh tế vi mô
P00766,Peak,2026-05-11,Thu 2,ca4,15:50,18:30,D,4,D-T407,50,39,XSTK,Xác suất thống kê
P00767,Peak,2026-05-11,Thu 2,ca1,06:45,09:25,A2,3,A2-T305,100,63,LSD01,Lịch sử Đảng Cộng sản Việt Nam
P00768,Peak,2026-05-11,Thu 2,ca1,06:45,09:25,B,1,B-T105,80,62,XSTK,Xác suất thống kê
P00769,Peak,2026-05-11,Thu 2,ca1,06:45,09:25,D,1,D-T107,50,42,KTL01,Kinh tế lượng
P00770,Peak,2026-05-11,Thu 2,ca4,15:50,18:30,A2,5,A2-T513,60,50,KTVM2,Kinh tế vĩ mô
P00771,Peak,2026-05-11,Thu 2,ca3,13:00,15:40,A2,4,A2-T401,80,80,PLDC,Pháp luật đại cương
P00772,Peak,2026-05-11,Thu 2,ca1,06:45,09:25,A2,5,A2-T503,100,61,KTTC,Kế toán tài chính
P00773,Peak,2026-05-11,Thu 2,ca1,06:45,09:25,A2,3,A2-T306,100,37,PLDC,Pháp luật đại cương
P00774,Peak,2026-05-11,Thu 2,ca4,15:50,18:30,C,2,C-T208,40,37,LSD01,Lịch sử Đảng Cộng sản Việt Nam
P00775,Peak,2026-05-11,Thu 2,ca4,15:50,18:30,C,1,C-T105,40,31,TIN01,Tin học đại cương
P00776,Peak,2026-05-11,Thu 2,ca3,13:00,15:40,A2,2,A2-T203,120,30,TMDT,Thương mại điện tử
P00777,Peak,2026-05-11,Thu 2,ca2,09:35,12:15,A2,1,A2-T107,60,59,QTNL,Quản trị nhân lực
P00778,Peak,2026-05-11,Thu 2,ca4,15:50,18:30,D,5,D-T505,50,34,KTTC,Kế toán tài chính
P00779,Peak,2026-05-11,Thu 2,ca4,15:50,18:30,A2,3,A2-T312,60,57,TTHCM,Tư tưởng Hồ Chí Minh
P00780,Peak,2026-05-11,Thu 2,ca4,15:50,18:30,D,1,D-T103,50,43,TMDT,Thương mại điện tử
P00781,Peak,2026-05-11,Thu 2,ca4,15:50,18:30,D,4,D-T405,90,64,TCC01,Toán cao cấp
P00782,Peak,2026-05-11,Thu 2,ca3,13:00,15:40,A2,7,A2-T706,80,78,ENG01,Tiếng Anh thương mại
P00783,Peak,2026-05-11,Thu 2,ca4,15:50,18:30,A2,4,A2-T405,100,79,NLKT,Nguyên lý kế toán
P00784,Peak,2026-05-11,Thu 2,ca2,09:35,12:15,C,3,C-T306,40,30,TTHCM,Tư tưởng Hồ Chí Minh
P00785,Peak,2026-05-11,Thu 2,ca2,09:35,12:15,A2,8,A2-T813,80,34,KTVM,Kinh tế vi mô
P00786,Peak,2026-05-11,Thu 2,ca3,13:00,15:40,A2,2,A2-T209,120,46,XSTK,Xác suất thống kê
P00787,Peak,2026-05-11,Thu 2,ca2,09:35,12:15,D,3,D-T301,90,32,KTVM2,Kinh tế vĩ mô
P00788,Peak,2026-05-11,Thu 2,ca4,15:50,18:30,C,3,C-T307,80,80,KTTC,Kế toán tài chính
P00789,Peak,2026-05-11,Thu 2,ca1,06:45,09:25,D,5,D-T508,50,46,KTL01,Kinh tế lượng
P00790,Peak,2026-05-11,Thu 2,ca1,06:45,09:25,D,3,D-T303,90,70,TIN01,Tin học đại cương
P00791,Peak,2026-05-11,Thu 2,ca3,13:00,15:40,B,1,B-T108,40,36,KDQT,Kinh doanh quốc tế
P00792,Peak,2026-05-11,Thu 2,ca2,09:35,12:15,D,2,D-T205,70,55,NLKT,Nguyên lý kế toán
P00793,Peak,2026-05-11,Thu 2,ca1,06:45,09:25,A2,5,A2-T504,60,50,TMLN,Triết học Mác - Lênin
P00794,Peak,2026-05-11,Thu 2,ca1,06:45,09:25,A2,5,A2-T506,80,64,LSD01,Lịch sử Đảng Cộng sản Việt Nam
P00795,Peak,2026-05-11,Thu 2,ca1,06:45,09:25,A2,10,A2-T1001,100,39,TCTT,Tài chính tiền tệ
P00796,Peak,2026-05-11,Thu 2,ca4,15:50,18:30,A2,7,A2-T713,80,35,KTL01,Kinh tế lượng
P00797,Peak,2026-05-11,Thu 2,ca1,06:45,09:25,D,3,D-T307,90,35,TIN01,Tin học đại cương
P00798,Peak,2026-05-11,Thu 2,ca2,09:35,12:15,A2,8,A2-T806,60,59,XSTK,Xác suất thống kê
P00799,Peak,2026-05-11,Thu 2,ca4,15:50,18:30,D,1,D-T107,50,34,TMLN,Triết học Mác - Lênin
P00800,Peak,2026-05-11,Thu 2,ca4,15:50,18:30,D,3,D-T303,90,50,KTTC,Kế toán tài chính
P00801,Peak,2026-05-11,Thu 2,ca3,13:00,15:40,C,2,C-T202,40,39,NLKT,Nguyên lý kế toán
P00802,Peak,2026-05-11,Thu 2,ca3,13:00,15:40,A2,1,A2-T105,80,49,KDQT,Kinh doanh quốc tế
P00803,Peak,2026-05-11,Thu 2,ca2,09:35,12:15,A2,6,A2-T606,80,76,PLDC,Pháp luật đại cương
P00804,Peak,2026-05-11,Thu 2,ca3,13:00,15:40,C,3,C-T302,80,33,PLDC,Pháp luật đại cương
P00805,Peak,2026-05-11,Thu 2,ca2,09:35,12:15,A2,7,A2-T710,60,32,KDQT,Kinh doanh quốc tế
P00806,Peak,2026-05-11,Thu 2,ca3,13:00,15:40,A2,10,A2-T1002,100,37,LOG01,Quản trị logistics
P00807,Peak,2026-05-11,Thu 2,ca1,06:45,09:25,B,3,B-T308,80,69,LSD01,Lịch sử Đảng Cộng sản Việt Nam
P00808,Peak,2026-05-11,Thu 2,ca1,06:45,09:25,A2,9,A2-T907,80,33,KTL01,Kinh tế lượng
P00809,Peak,2026-05-11,Thu 2,ca1,06:45,09:25,A2,5,A2-T511,80,72,TCC01,Toán cao cấp
P00810,Peak,2026-05-11,Thu 2,ca2,09:35,12:15,D,1,D-T101,90,37,KTVM,Kinh tế vi mô
P00811,Peak,2026-05-11,Thu 2,ca4,15:50,18:30,A2,3,A2-T304,60,52,QTH01,Quản trị học
P00812,Peak,2026-05-11,Thu 2,ca1,06:45,09:25,D,1,D-T108,50,30,TCC01,Toán cao cấp
P00813,Peak,2026-05-11,Thu 2,ca4,15:50,18:30,C,1,C-T106,40,37,TMDT,Thương mại điện tử
P00814,Peak,2026-05-11,Thu 2,ca2,09:35,12:15,A2,8,A2-T814,120,63,TIN01,Tin học đại cương
P00815,Peak,2026-05-11,Thu 2,ca1,06:45,09:25,C,3,C-T305,80,80,TCTT,Tài chính tiền tệ
P00816,Peak,2026-05-11,Thu 2,ca3,13:00,15:40,A2,4,A2-T413,80,40,TMDT,Thương mại điện tử
P00817,Peak,2026-05-11,Thu 2,ca3,13:00,15:40,D,3,D-T308,70,38,TCTT,Tài chính tiền tệ
P00818,Peak,2026-05-11,Thu 2,ca4,15:50,18:30,A2,8,A2-T807,60,53,MKT01,Marketing căn bản
P00819,Peak,2026-05-11,Thu 2,ca3,13:00,15:40,D,1,D-T107,50,30,QTNL,Quản trị nhân lực
P00820,Peak,2026-05-11,Thu 2,ca2,09:35,12:15,A2,10,A2-T1005,80,57,TCTT,Tài chính tiền tệ
P00821,Peak,2026-05-11,Thu 2,ca2,09:35,12:15,A2,6,A2-T609,120,63,NLKT,Nguyên lý kế toán
P00822,Peak,2026-05-11,Thu 2,ca1,06:45,09:25,A2,6,A2-T602,100,46,TTHCM,Tư tưởng Hồ Chí Minh
P00823,Peak,2026-05-11,Thu 2,ca4,15:50,18:30,B,2,B-T208,80,70,NLKT,Nguyên lý kế toán
P00824,Peak,2026-05-11,Thu 2,ca2,09:35,12:15,A2,9,A2-T910,60,45,LOG01,Quản trị logistics
P00825,Peak,2026-05-11,Thu 2,ca3,13:00,15:40,D,4,D-T405,90,62,TMDT,Thương mại điện tử
P00826,Peak,2026-05-11,Thu 2,ca1,06:45,09:25,A2,3,A2-T309,120,33,ENG01,Tiếng Anh thương mại
P00827,Peak,2026-05-11,Thu 2,ca2,09:35,12:15,A2,1,A2-T108,60,57,TTHCM,Tư tưởng Hồ Chí Minh
P00828,Peak,2026-05-11,Thu 2,ca3,13:00,15:40,C,1,C-T106,40,32,TMDT,Thương mại điện tử
P00829,Peak,2026-05-11,Thu 2,ca1,06:45,09:25,A2,9,A2-T909,80,40,TCTT,Tài chính tiền tệ
P00830,Peak,2026-05-11,Thu 2,ca4,15:50,18:30,A2,8,A2-T813,80,79,MKT01,Marketing căn bản
P00831,Peak,2026-05-11,Thu 2,ca1,06:45,09:25,A2,2,A2-T211,100,66,MKT01,Marketing căn bản
P00832,Peak,2026-05-11,Thu 2,ca2,09:35,12:15,A2,8,A2-T803,120,44,TIN01,Tin học đại cương
P00833,Peak,2026-05-11,Thu 2,ca3,13:00,15:40,B,1,B-T105,80,30,KTVM2,Kinh tế vĩ mô
P00834,Peak,2026-05-11,Thu 2,ca1,06:45,09:25,D,2,D-T203,70,30,PLDC,Pháp luật đại cương
P00835,Peak,2026-05-11,Thu 2,ca4,15:50,18:30,A2,10,A2-T1013,80,32,ENG01,Tiếng Anh thương mại
P00836,Peak,2026-05-11,Thu 2,ca4,15:50,18:30,A2,6,A2-T602,100,53,KTTC,Kế toán tài chính
P00837,Peak,2026-05-11,Thu 2,ca3,13:00,15:40,C,1,C-T105,40,32,TCC01,Toán cao cấp
P00838,Peak,2026-05-11,Thu 2,ca2,09:35,12:15,C,3,C-T305,80,32,TMLN,Triết học Mác - Lênin
P00839,Peak,2026-05-11,Thu 2,ca1,06:45,09:25,D,5,D-T505,50,50,KDQT,Kinh doanh quốc tế
P00840,Peak,2026-05-11,Thu 2,ca2,09:35,12:15,A2,2,A2-T207,60,37,QTNL,Quản trị nhân lực
P00841,Peak,2026-05-11,Thu 2,ca2,09:35,12:15,A2,5,A2-T501,100,45,KDQT,Kinh doanh quốc tế
P00842,Peak,2026-05-11,Thu 2,ca4,15:50,18:30,A2,8,A2-T801,60,59,QTNL,Quản trị nhân lực
P00843,Peak,2026-05-11,Thu 2,ca2,09:35,12:15,B,2,B-T208,80,47,NLKT,Nguyên lý kế toán
P00844,Peak,2026-05-11,Thu 2,ca3,13:00,15:40,A2,3,A2-T303,120,66,TMDT,Thương mại điện tử
P00845,Peak,2026-05-11,Thu 2,ca1,06:45,09:25,D,4,D-T402,50,33,TIN01,Tin học đại cương
P00846,Peak,2026-05-11,Thu 2,ca4,15:50,18:30,A2,6,A2-T610,120,73,KTVM2,Kinh tế vĩ mô
P00847,Peak,2026-05-11,Thu 2,ca3,13:00,15:40,A2,3,A2-T311,120,41,PLDC,Pháp luật đại cương
P00848,Peak,2026-05-11,Thu 2,ca3,13:00,15:40,B,3,B-T304,40,38,KTVM2,Kinh tế vĩ mô
P00849,Peak,2026-05-11,Thu 2,ca1,06:45,09:25,A2,7,A2-T704,120,55,NLKT,Nguyên lý kế toán
P00850,Peak,2026-05-11,Thu 2,ca1,06:45,09:25,B,3,B-T302,40,37,KTL01,Kinh tế lượng
P00851,Peak,2026-05-11,Thu 2,ca4,15:50,18:30,D,4,D-T406,70,49,QTNL,Quản trị nhân lực
P00852,Peak,2026-05-11,Thu 2,ca2,09:35,12:15,A2,5,A2-T511,80,35,TMLN,Triết học Mác - Lênin
P00853,Peak,2026-05-11,Thu 2,ca1,06:45,09:25,A2,10,A2-T1002,100,59,KTVM,Kinh tế vi mô
P00854,Peak,2026-05-11,Thu 2,ca1,06:45,09:25,A2,8,A2-T805,100,53,XSTK,Xác suất thống kê
P00855,Peak,2026-05-11,Thu 2,ca3,13:00,15:40,A2,2,A2-T214,100,48,TTHCM,Tư tưởng Hồ Chí Minh
P00856,Peak,2026-05-11,Thu 2,ca2,09:35,12:15,C,2,C-T208,40,34,LSD01,Lịch sử Đảng Cộng sản Việt Nam
P00857,Peak,2026-05-11,Thu 2,ca1,06:45,09:25,A2,3,A2-T301,60,37,LOG01,Quản trị logistics
P00858,Peak,2026-05-11,Thu 2,ca1,06:45,09:25,A2,2,A2-T208,80,53,TTHCM,Tư tưởng Hồ Chí Minh
P00859,Peak,2026-05-11,Thu 2,ca2,09:35,12:15,A2,4,A2-T410,100,61,XSTK,Xác suất thống kê
P00860,Peak,2026-05-11,Thu 2,ca1,06:45,09:25,D,4,D-T403,50,47,PLDC,Pháp luật đại cương
P00861,Peak,2026-05-11,Thu 2,ca4,15:50,18:30,B,2,B-T206,60,34,KTVM,Kinh tế vi mô
P00862,Peak,2026-05-11,Thu 2,ca4,15:50,18:30,A2,4,A2-T412,100,56,KTVM,Kinh tế vi mô
P00863,Peak,2026-05-11,Thu 2,ca2,09:35,12:15,A2,2,A2-T208,80,44,TMLN,Triết học Mác - Lênin
P00864,Peak,2026-05-11,Thu 2,ca2,09:35,12:15,A2,2,A2-T212,80,52,KTVM,Kinh tế vi mô
P00865,Peak,2026-05-11,Thu 2,ca2,09:35,12:15,A2,1,A2-T101,60,60,QTNL,Quản trị nhân lực
P00866,Peak,2026-05-11,Thu 2,ca3,13:00,15:40,D,5,D-T508,50,30,KTTC,Kế toán tài chính
P00867,Peak,2026-05-11,Thu 2,ca3,13:00,15:40,B,2,B-T208,80,77,KTL01,Kinh tế lượng
P00868,Peak,2026-05-11,Thu 2,ca2,09:35,12:15,C,3,C-T302,80,36,XSTK,Xác suất thống kê
P00869,Peak,2026-05-11,Thu 2,ca4,15:50,18:30,A2,7,A2-T704,120,63,PLDC,Pháp luật đại cương
P00870,Peak,2026-05-11,Thu 2,ca3,13:00,15:40,A2,8,A2-T812,120,56,ENG01,Tiếng Anh thương mại
P00871,Peak,2026-05-11,Thu 2,ca4,15:50,18:30,C,1,C-T101,80,33,QTH01,Quản trị học
P00872,Peak,2026-05-11,Thu 2,ca2,09:35,12:15,B,1,B-T102,80,75,TCTT,Tài chính tiền tệ
P00873,Peak,2026-05-11,Thu 2,ca4,15:50,18:30,A2,9,A2-T901,60,32,KTVM2,Kinh tế vĩ mô
P00874,Peak,2026-05-11,Thu 2,ca3,13:00,15:40,A2,9,A2-T913,60,59,PLDC,Pháp luật đại cương
P00875,Peak,2026-05-11,Thu 2,ca4,15:50,18:30,D,5,D-T503,70,63,KDQT,Kinh doanh quốc tế
P00876,Peak,2026-05-11,Thu 2,ca2,09:35,12:15,C,2,C-T202,40,35,LOG01,Quản trị logistics
P00877,Peak,2026-05-11,Thu 2,ca1,06:45,09:25,A2,2,A2-T203,120,77,NLKT,Nguyên lý kế toán
P00878,Peak,2026-05-11,Thu 2,ca1,06:45,09:25,A2,2,A2-T210,100,67,MKT01,Marketing căn bản
P00879,Peak,2026-05-11,Thu 2,ca4,15:50,18:30,A2,1,A2-T105,80,62,QTH01,Quản trị học
P00880,Peak,2026-05-11,Thu 2,ca1,06:45,09:25,A2,4,A2-T409,120,70,KTTC,Kế toán tài chính
P00881,Peak,2026-05-11,Thu 2,ca1,06:45,09:25,A2,9,A2-T901,60,32,TTHCM,Tư tưởng Hồ Chí Minh
P00882,Peak,2026-05-11,Thu 2,ca3,13:00,15:40,A2,8,A2-T801,60,48,KTVM2,Kinh tế vĩ mô
P00883,Peak,2026-05-11,Thu 2,ca4,15:50,18:30,A2,2,A2-T213,80,57,QTH01,Quản trị học
P00884,Peak,2026-05-11,Thu 2,ca4,15:50,18:30,A2,8,A2-T811,100,45,KTL01,Kinh tế lượng
P00885,Peak,2026-05-11,Thu 2,ca4,15:50,18:30,D,2,D-T207,90,46,QTNL,Quản trị nhân lực
P00886,Peak,2026-05-11,Thu 2,ca1,06:45,09:25,B,3,B-T307,40,36,QTNL,Quản trị nhân lực
P00887,Peak,2026-05-11,Thu 2,ca3,13:00,15:40,A2,10,A2-T1007,60,40,LOG01,Quản trị logistics
P00888,Peak,2026-05-11,Thu 2,ca3,13:00,15:40,D,3,D-T303,90,47,PLDC,Pháp luật đại cương
P00889,Peak,2026-05-11,Thu 2,ca4,15:50,18:30,D,5,D-T506,70,34,XSTK,Xác suất thống kê
P00890,Peak,2026-05-11,Thu 2,ca3,13:00,15:40,B,2,B-T207,60,34,TTHCM,Tư tưởng Hồ Chí Minh
P00891,Peak,2026-05-11,Thu 2,ca1,06:45,09:25,A2,8,A2-T814,120,36,QTH01,Quản trị học
P00892,Peak,2026-05-11,Thu 2,ca3,13:00,15:40,B,2,B-T204,80,36,TCC01,Toán cao cấp
P00893,Peak,2026-05-11,Thu 2,ca4,15:50,18:30,A2,1,A2-T109,120,58,LOG01,Quản trị logistics
P00894,Peak,2026-05-11,Thu 2,ca4,15:50,18:30,B,3,B-T302,40,35,KDQT,Kinh doanh quốc tế
P00895,Peak,2026-05-11,Thu 2,ca4,15:50,18:30,A2,6,A2-T612,80,37,TMLN,Triết học Mác - Lênin
P00896,Peak,2026-05-11,Thu 2,ca4,15:50,18:30,A2,9,A2-T902,100,52,XSTK,Xác suất thống kê
P00897,Peak,2026-05-11,Thu 2,ca1,06:45,09:25,A2,7,A2-T712,80,58,KTL01,Kinh tế lượng
P00898,Peak,2026-05-11,Thu 2,ca3,13:00,15:40,D,4,D-T408,70,59,TCTT,Tài chính tiền tệ
P00899,Peak,2026-05-11,Thu 2,ca3,13:00,15:40,A2,4,A2-T408,60,57,MKT01,Marketing căn bản
P00900,Peak,2026-05-11,Thu 2,ca1,06:45,09:25,A2,8,A2-T812,120,35,TCC01,Toán cao cấp
P00901,Peak,2026-05-11,Thu 2,ca4,15:50,18:30,D,4,D-T408,70,49,LSD01,Lịch sử Đảng Cộng sản Việt Nam
P00902,Peak,2026-05-11,Thu 2,ca1,06:45,09:25,D,1,D-T103,50,31,XSTK,Xác suất thống kê
P00903,Peak,2026-05-11,Thu 2,ca2,09:35,12:15,D,1,D-T105,70,50,QTH01,Quản trị học
P00904,Peak,2026-05-11,Thu 2,ca3,13:00,15:40,D,1,D-T108,50,32,PLDC,Pháp luật đại cương
P00905,Peak,2026-05-11,Thu 2,ca4,15:50,18:30,A2,7,A2-T709,60,60,TMDT,Thương mại điện tử
P00906,Peak,2026-05-11,Thu 2,ca2,09:35,12:15,D,4,D-T404,50,42,TIN01,Tin học đại cương
P00907,Peak,2026-05-11,Thu 2,ca4,15:50,18:30,D,4,D-T402,50,31,KTL01,Kinh tế lượng
P00908,Peak,2026-05-11,Thu 2,ca2,09:35,12:15,A2,1,A2-T104,80,46,TCC01,Toán cao cấp
P00909,Peak,2026-05-11,Thu 2,ca1,06:45,09:25,D,2,D-T204,70,31,KTTC,Kế toán tài chính
P00910,Peak,2026-05-11,Thu 2,ca3,13:00,15:40,A2,10,A2-T1011,80,58,TMLN,Triết học Mác - Lênin
P00911,Peak,2026-05-11,Thu 2,ca3,13:00,15:40,D,4,D-T406,70,65,PLDC,Pháp luật đại cương
P00912,Peak,2026-05-11,Thu 2,ca2,09:35,12:15,A2,5,A2-T502,80,36,LOG01,Quản trị logistics
P00913,Peak,2026-05-11,Thu 2,ca4,15:50,18:30,A2,8,A2-T802,120,36,QTH01,Quản trị học
P00914,Peak,2026-05-11,Thu 2,ca3,13:00,15:40,A2,9,A2-T910,60,33,KTVM,Kinh tế vi mô
P00915,Peak,2026-05-11,Thu 2,ca1,06:45,09:25,A2,1,A2-T112,60,31,PLDC,Pháp luật đại cương
P00916,Peak,2026-05-11,Thu 2,ca4,15:50,18:30,A2,2,A2-T203,120,38,XSTK,Xác suất thống kê
P00917,Peak,2026-05-11,Thu 2,ca4,15:50,18:30,A2,10,A2-T1009,60,56,KTTC,Kế toán tài chính
P00918,Peak,2026-05-11,Thu 2,ca4,15:50,18:30,A2,7,A2-T703,120,53,NLKT,Nguyên lý kế toán
P00919,Peak,2026-05-11,Thu 2,ca3,13:00,15:40,A2,6,A2-T602,100,67,TTHCM,Tư tưởng Hồ Chí Minh
P00920,Peak,2026-05-11,Thu 2,ca4,15:50,18:30,A2,5,A2-T501,100,46,NLKT,Nguyên lý kế toán
P00921,Peak,2026-05-11,Thu 2,ca2,09:35,12:15,A2,3,A2-T312,60,30,NLKT,Nguyên lý kế toán
P00922,Peak,2026-05-11,Thu 2,ca3,13:00,15:40,A2,1,A2-T101,60,36,LOG01,Quản trị logistics
P00923,Peak,2026-05-11,Thu 2,ca2,09:35,12:15,C,1,C-T101,80,38,NLKT,Nguyên lý kế toán
P00924,Peak,2026-05-11,Thu 2,ca1,06:45,09:25,C,2,C-T201,40,35,MKT01,Marketing căn bản
P00925,Peak,2026-05-11,Thu 2,ca3,13:00,15:40,B,3,B-T306,60,31,LOG01,Quản trị logistics
P00926,Peak,2026-05-11,Thu 2,ca3,13:00,15:40,A2,3,A2-T313,100,33,TCC01,Toán cao cấp
P00927,Peak,2026-05-11,Thu 2,ca1,06:45,09:25,A2,7,A2-T708,120,66,KDQT,Kinh doanh quốc tế
P00928,Peak,2026-05-11,Thu 2,ca1,06:45,09:25,C,3,C-T304,40,36,ENG01,Tiếng Anh thương mại
P00929,Peak,2026-05-11,Thu 2,ca3,13:00,15:40,A2,6,A2-T605,60,30,KTTC,Kế toán tài chính
P00930,Peak,2026-05-11,Thu 2,ca2,09:35,12:15,A2,9,A2-T909,80,73,KDQT,Kinh doanh quốc tế
P00931,Peak,2026-05-11,Thu 2,ca2,09:35,12:15,B,1,B-T101,80,41,TMDT,Thương mại điện tử
P00932,Peak,2026-05-11,Thu 2,ca1,06:45,09:25,A2,7,A2-T707,80,43,TCC01,Toán cao cấp
P00933,Peak,2026-05-11,Thu 2,ca2,09:35,12:15,D,2,D-T207,90,47,TCTT,Tài chính tiền tệ
P00934,Peak,2026-05-11,Thu 2,ca3,13:00,15:40,A2,3,A2-T304,60,44,QTH01,Quản trị học
P00935,Peak,2026-05-11,Thu 2,ca1,06:45,09:25,C,2,C-T206,40,30,LSD01,Lịch sử Đảng Cộng sản Việt Nam
P00936,Peak,2026-05-11,Thu 2,ca2,09:35,12:15,D,4,D-T408,70,69,LSD01,Lịch sử Đảng Cộng sản Việt Nam
P00937,Peak,2026-05-11,Thu 2,ca4,15:50,18:30,B,2,B-T203,60,37,KTL01,Kinh tế lượng
P00938,Peak,2026-05-11,Thu 2,ca4,15:50,18:30,A2,2,A2-T210,100,61,KDQT,Kinh doanh quốc tế
P00939,Peak,2026-05-11,Thu 2,ca2,09:35,12:15,A2,4,A2-T414,100,65,ENG01,Tiếng Anh thương mại
P00940,Peak,2026-05-11,Thu 2,ca3,13:00,15:40,A2,10,A2-T1008,120,33,NLKT,Nguyên lý kế toán
P00941,Peak,2026-05-11,Thu 2,ca4,15:50,18:30,D,1,D-T101,90,47,KTTC,Kế toán tài chính
P00942,Peak,2026-05-11,Thu 2,ca2,09:35,12:15,B,3,B-T303,40,32,KDQT,Kinh doanh quốc tế
P00943,Peak,2026-05-11,Thu 2,ca1,06:45,09:25,A2,3,A2-T302,60,36,TIN01,Tin học đại cương
P00944,Peak,2026-05-11,Thu 2,ca2,09:35,12:15,A2,9,A2-T904,60,37,TMLN,Triết học Mác - Lênin
P00945,Peak,2026-05-11,Thu 2,ca3,13:00,15:40,A2,10,A2-T1014,100,80,KTVM,Kinh tế vi mô
P00946,Peak,2026-05-11,Thu 2,ca4,15:50,18:30,A2,3,A2-T307,100,54,TMDT,Thương mại điện tử
P00947,Peak,2026-05-11,Thu 2,ca1,06:45,09:25,A2,10,A2-T1007,60,45,TMLN,Triết học Mác - Lênin
P00948,Peak,2026-05-11,Thu 2,ca4,15:50,18:30,A2,3,A2-T314,100,80,ENG01,Tiếng Anh thương mại
P00949,Peak,2026-05-11,Thu 2,ca2,09:35,12:15,A2,6,A2-T614,80,52,TTHCM,Tư tưởng Hồ Chí Minh
P00950,Peak,2026-05-11,Thu 2,ca2,09:35,12:15,D,5,D-T507,90,62,QTNL,Quản trị nhân lực
P00951,Peak,2026-05-11,Thu 2,ca2,09:35,12:15,B,1,B-T107,80,54,TCTT,Tài chính tiền tệ
P00952,Peak,2026-05-11,Thu 2,ca3,13:00,15:40,A2,4,A2-T402,60,35,KTVM,Kinh tế vi mô
P00953,Peak,2026-05-11,Thu 2,ca1,06:45,09:25,A2,8,A2-T803,120,50,LSD01,Lịch sử Đảng Cộng sản Việt Nam
P00954,Peak,2026-05-11,Thu 2,ca1,06:45,09:25,A2,8,A2-T811,100,44,KTVM,Kinh tế vi mô
P00955,Peak,2026-05-11,Thu 2,ca1,06:45,09:25,C,1,C-T102,40,34,KTVM2,Kinh tế vĩ mô
P00956,Peak,2026-05-11,Thu 2,ca4,15:50,18:30,A2,10,A2-T1002,100,60,TIN01,Tin học đại cương
P00957,Peak,2026-05-11,Thu 2,ca4,15:50,18:30,A2,1,A2-T107,60,41,TTHCM,Tư tưởng Hồ Chí Minh
P00958,Peak,2026-05-11,Thu 2,ca2,09:35,12:15,A2,4,A2-T403,60,37,TCC01,Toán cao cấp
P00959,Peak,2026-05-11,Thu 2,ca1,06:45,09:25,A2,5,A2-T509,120,36,PLDC,Pháp luật đại cương
P00960,Peak,2026-05-11,Thu 2,ca4,15:50,18:30,D,3,D-T305,50,37,TCTT,Tài chính tiền tệ
P00961,Peak,2026-05-11,Thu 2,ca3,13:00,15:40,A2,9,A2-T902,100,64,KTVM2,Kinh tế vĩ mô
P00962,Peak,2026-05-11,Thu 2,ca4,15:50,18:30,D,5,D-T508,50,37,TTHCM,Tư tưởng Hồ Chí Minh
P00963,Peak,2026-05-11,Thu 2,ca1,06:45,09:25,A2,9,A2-T912,120,54,TMDT,Thương mại điện tử
P00964,Peak,2026-05-11,Thu 2,ca1,06:45,09:25,A2,5,A2-T514,80,41,TCC01,Toán cao cấp
P00965,Peak,2026-05-11,Thu 2,ca4,15:50,18:30,A2,4,A2-T408,60,37,TTHCM,Tư tưởng Hồ Chí Minh
P00966,Peak,2026-05-11,Thu 2,ca2,09:35,12:15,A2,7,A2-T704,120,50,TMDT,Thương mại điện tử
P00967,Peak,2026-05-11,Thu 2,ca2,09:35,12:15,A2,8,A2-T801,60,59,TTHCM,Tư tưởng Hồ Chí Minh
P00968,Peak,2026-05-11,Thu 2,ca1,06:45,09:25,A2,8,A2-T813,80,31,TMDT,Thương mại điện tử
P00969,Peak,2026-05-11,Thu 2,ca2,09:35,12:15,C,2,C-T204,40,39,TTHCM,Tư tưởng Hồ Chí Minh
P00970,Peak,2026-05-11,Thu 2,ca2,09:35,12:15,A2,7,A2-T711,60,34,TTHCM,Tư tưởng Hồ Chí Minh
P00971,Peak,2026-05-11,Thu 2,ca4,15:50,18:30,A2,1,A2-T110,60,60,XSTK,Xác suất thống kê
P00972,Peak,2026-05-11,Thu 2,ca3,13:00,15:40,B,1,B-T104,40,37,TMLN,Triết học Mác - Lênin
P00973,Peak,2026-05-11,Thu 2,ca2,09:35,12:15,A2,2,A2-T205,120,49,TCC01,Toán cao cấp
P00974,Peak,2026-05-11,Thu 2,ca1,06:45,09:25,A2,6,A2-T606,80,61,KTVM2,Kinh tế vĩ mô
P00975,Peak,2026-05-11,Thu 2,ca3,13:00,15:40,A2,2,A2-T213,80,35,KTVM2,Kinh tế vĩ mô
P00976,Peak,2026-05-11,Thu 2,ca4,15:50,18:30,A2,8,A2-T803,120,44,LSD01,Lịch sử Đảng Cộng sản Việt Nam
P00977,Peak,2026-05-11,Thu 2,ca3,13:00,15:40,D,3,D-T305,50,37,KTVM,Kinh tế vi mô
P00978,Peak,2026-05-11,Thu 2,ca3,13:00,15:40,A2,8,A2-T802,120,63,ENG01,Tiếng Anh thương mại
P00979,Peak,2026-05-11,Thu 2,ca1,06:45,09:25,A2,7,A2-T710,60,30,QTNL,Quản trị nhân lực
P00980,Peak,2026-05-11,Thu 2,ca1,06:45,09:25,A2,7,A2-T701,80,69,XSTK,Xác suất thống kê
P00981,Peak,2026-05-11,Thu 2,ca4,15:50,18:30,A2,9,A2-T912,120,38,QTNL,Quản trị nhân lực
P00982,Peak,2026-05-11,Thu 2,ca1,06:45,09:25,D,4,D-T404,50,35,QTNL,Quản trị nhân lực
P00983,Peak,2026-05-11,Thu 2,ca2,09:35,12:15,B,2,B-T201,80,33,KTVM,Kinh tế vi mô
P00984,Peak,2026-05-11,Thu 2,ca3,13:00,15:40,A2,9,A2-T912,120,39,TTHCM,Tư tưởng Hồ Chí Minh
P00985,Peak,2026-05-11,Thu 2,ca1,06:45,09:25,A2,9,A2-T913,60,52,QTH01,Quản trị học
P00986,Peak,2026-05-11,Thu 2,ca2,09:35,12:15,B,3,B-T306,60,54,MKT01,Marketing căn bản
P00987,Peak,2026-05-11,Thu 2,ca3,13:00,15:40,A2,7,A2-T708,120,63,TMDT,Thương mại điện tử
P00988,Peak,2026-05-11,Thu 2,ca3,13:00,15:40,A2,6,A2-T603,120,34,TMDT,Thương mại điện tử
P00989,Peak,2026-05-11,Thu 2,ca1,06:45,09:25,A2,2,A2-T214,100,75,KTTC,Kế toán tài chính
P00990,Peak,2026-05-11,Thu 2,ca4,15:50,18:30,D,3,D-T304,50,48,MKT01,Marketing căn bản
P00991,Peak,2026-05-11,Thu 2,ca2,09:35,12:15,A2,1,A2-T106,80,51,KTL01,Kinh tế lượng
P00992,Peak,2026-05-11,Thu 2,ca3,13:00,15:40,A2,5,A2-T512,100,50,QTH01,Quản trị học
P00993,Peak,2026-05-11,Thu 2,ca4,15:50,18:30,D,3,D-T301,90,40,KDQT,Kinh doanh quốc tế
P00994,Peak,2026-05-11,Thu 2,ca2,09:35,12:15,A2,7,A2-T712,80,80,ENG01,Tiếng Anh thương mại
P00995,Peak,2026-05-11,Thu 2,ca2,09:35,12:15,A2,4,A2-T401,80,71,QTNL,Quản trị nhân lực
P00996,Peak,2026-05-11,Thu 2,ca3,13:00,15:40,A2,6,A2-T613,100,41,TMLN,Triết học Mác - Lênin
P00997,Peak,2026-05-11,Thu 2,ca4,15:50,18:30,B,1,B-T106,80,74,LSD01,Lịch sử Đảng Cộng sản Việt Nam
P00998,Peak,2026-05-11,Thu 2,ca2,09:35,12:15,D,3,D-T304,50,41,PLDC,Pháp luật đại cương
P00999,Peak,2026-05-11,Thu 2,ca3,13:00,15:40,A2,1,A2-T111,60,51,TTHCM,Tư tưởng Hồ Chí Minh
P01000,Peak,2026-05-11,Thu 2,ca4,15:50,18:30,A2,2,A2-T208,80,41,KTTC,Kế toán tài chính
P01001,Peak,2026-05-11,Thu 2,ca4,15:50,18:30,A2,7,A2-T706,80,49,KTL01,Kinh tế lượng
P01002,Peak,2026-05-11,Thu 2,ca1,06:45,09:25,A2,8,A2-T810,60,34,TCC01,Toán cao cấp
P01003,Peak,2026-05-11,Thu 2,ca2,09:35,12:15,A2,8,A2-T808,100,76,KTVM,Kinh tế vi mô
P01004,Peak,2026-05-11,Thu 2,ca1,06:45,09:25,A2,1,A2-T108,60,60,TTHCM,Tư tưởng Hồ Chí Minh
P01005,Peak,2026-05-11,Thu 2,ca4,15:50,18:30,A2,5,A2-T505,80,55,TTHCM,Tư tưởng Hồ Chí Minh
P01006,Peak,2026-05-11,Thu 2,ca1,06:45,09:25,A2,8,A2-T806,60,31,TCC01,Toán cao cấp
P01007,Peak,2026-05-11,Thu 2,ca2,09:35,12:15,B,2,B-T206,60,49,QTNL,Quản trị nhân lực
P01008,Peak,2026-05-11,Thu 2,ca1,06:45,09:25,D,2,D-T202,70,69,PLDC,Pháp luật đại cương
P01009,Peak,2026-05-11,Thu 2,ca4,15:50,18:30,B,3,B-T305,40,40,TTHCM,Tư tưởng Hồ Chí Minh
P01010,Peak,2026-05-11,Thu 2,ca4,15:50,18:30,A2,1,A2-T112,60,33,ENG01,Tiếng Anh thương mại
P01011,Peak,2026-05-11,Thu 2,ca2,09:35,12:15,B,2,B-T205,80,39,QTNL,Quản trị nhân lực
P01012,Peak,2026-05-11,Thu 2,ca1,06:45,09:25,A2,6,A2-T614,80,77,NLKT,Nguyên lý kế toán
P01013,Peak,2026-05-11,Thu 2,ca3,13:00,15:40,A2,6,A2-T614,80,45,TMDT,Thương mại điện tử
P01014,Peak,2026-05-11,Thu 2,ca2,09:35,12:15,A2,1,A2-T111,60,40,TCC01,Toán cao cấp
P01015,Peak,2026-05-11,Thu 2,ca3,13:00,15:40,A2,9,A2-T906,80,70,NLKT,Nguyên lý kế toán
P01016,Peak,2026-05-11,Thu 2,ca4,15:50,18:30,C,1,C-T108,80,75,QTNL,Quản trị nhân lực
P01017,Peak,2026-05-11,Thu 2,ca1,06:45,09:25,B,2,B-T206,60,44,KTVM,Kinh tế vi mô
P01018,Peak,2026-05-11,Thu 2,ca4,15:50,18:30,B,3,B-T303,40,34,XSTK,Xác suất thống kê
P01019,Peak,2026-05-11,Thu 2,ca2,09:35,12:15,D,5,D-T503,70,45,NLKT,Nguyên lý kế toán
P01020,Peak,2026-05-11,Thu 2,ca3,13:00,15:40,A2,10,A2-T1004,60,41,TCTT,Tài chính tiền tệ
P01021,Peak,2026-05-11,Thu 2,ca3,13:00,15:40,D,4,D-T401,50,33,KTVM,Kinh tế vi mô
P01022,Peak,2026-05-11,Thu 2,ca3,13:00,15:40,D,1,D-T105,70,33,KTTC,Kế toán tài chính
P01023,Peak,2026-05-11,Thu 2,ca1,06:45,09:25,A2,8,A2-T809,100,58,KDQT,Kinh doanh quốc tế
P01024,Peak,2026-05-11,Thu 2,ca2,09:35,12:15,D,5,D-T501,50,35,KDQT,Kinh doanh quốc tế
P01025,Peak,2026-05-11,Thu 2,ca4,15:50,18:30,A2,4,A2-T409,120,61,KTTC,Kế toán tài chính
P01026,Peak,2026-05-11,Thu 2,ca1,06:45,09:25,B,3,B-T304,40,35,TMLN,Triết học Mác - Lênin
P01027,Peak,2026-05-11,Thu 2,ca2,09:35,12:15,A2,4,A2-T404,80,54,MKT01,Marketing căn bản
P01028,Peak,2026-05-11,Thu 2,ca2,09:35,12:15,A2,3,A2-T305,100,60,TTHCM,Tư tưởng Hồ Chí Minh
P01029,Peak,2026-05-11,Thu 2,ca2,09:35,12:15,A2,5,A2-T512,100,71,PLDC,Pháp luật đại cương
P01030,Peak,2026-05-11,Thu 2,ca2,09:35,12:15,A2,6,A2-T610,120,40,LOG01,Quản trị logistics
P01031,Peak,2026-05-11,Thu 2,ca3,13:00,15:40,A2,2,A2-T211,100,34,KTVM2,Kinh tế vĩ mô
P01032,Peak,2026-05-11,Thu 2,ca4,15:50,18:30,A2,3,A2-T303,120,48,KTVM,Kinh tế vi mô
P01033,Peak,2026-05-11,Thu 2,ca1,06:45,09:25,A2,2,A2-T206,100,50,TCTT,Tài chính tiền tệ
P01034,Peak,2026-05-11,Thu 2,ca3,13:00,15:40,A2,8,A2-T814,120,36,NLKT,Nguyên lý kế toán
P01035,Peak,2026-05-11,Thu 2,ca3,13:00,15:40,B,2,B-T203,60,40,TCC01,Toán cao cấp
P01036,Peak,2026-05-11,Thu 2,ca3,13:00,15:40,A2,1,A2-T114,80,54,TCC01,Toán cao cấp
P01037,Peak,2026-05-11,Thu 2,ca1,06:45,09:25,D,3,D-T302,90,76,NLKT,Nguyên lý kế toán
P01038,Peak,2026-05-11,Thu 2,ca1,06:45,09:25,A2,4,A2-T414,100,65,NLKT,Nguyên lý kế toán
P01039,Peak,2026-05-11,Thu 2,ca2,09:35,12:15,D,1,D-T106,50,40,LSD01,Lịch sử Đảng Cộng sản Việt Nam
P01040,Peak,2026-05-11,Thu 2,ca4,15:50,18:30,D,5,D-T504,50,49,ENG01,Tiếng Anh thương mại
P01041,Peak,2026-05-11,Thu 2,ca2,09:35,12:15,A2,5,A2-T509,120,75,KTVM,Kinh tế vi mô
P01042,Peak,2026-05-11,Thu 2,ca2,09:35,12:15,A2,8,A2-T805,100,57,TCC01,Toán cao cấp
P01043,Peak,2026-05-11,Thu 2,ca1,06:45,09:25,B,1,B-T107,80,68,KDQT,Kinh doanh quốc tế
P01044,Peak,2026-05-11,Thu 2,ca1,06:45,09:25,C,2,C-T204,40,32,KTVM2,Kinh tế vĩ mô
P01045,Peak,2026-05-11,Thu 2,ca2,09:35,12:15,D,3,D-T306,70,36,QTNL,Quản trị nhân lực
P01046,Peak,2026-05-11,Thu 2,ca3,13:00,15:40,A2,10,A2-T1001,100,43,XSTK,Xác suất thống kê
P01047,Peak,2026-05-11,Thu 2,ca4,15:50,18:30,A2,5,A2-T512,100,56,TMLN,Triết học Mác - Lênin
P01048,Peak,2026-05-11,Thu 2,ca2,09:35,12:15,C,3,C-T303,60,53,TMLN,Triết học Mác - Lênin
P01049,Peak,2026-05-11,Thu 2,ca1,06:45,09:25,D,1,D-T101,90,46,KTL01,Kinh tế lượng
P01050,Peak,2026-05-11,Thu 2,ca2,09:35,12:15,C,1,C-T107,80,49,PLDC,Pháp luật đại cương
P01051,Peak,2026-05-11,Thu 2,ca3,13:00,15:40,B,2,B-T206,60,33,KTVM2,Kinh tế vĩ mô
P01052,Peak,2026-05-11,Thu 2,ca1,06:45,09:25,A2,5,A2-T513,60,42,TTHCM,Tư tưởng Hồ Chí Minh
P01053,Peak,2026-05-11,Thu 2,ca3,13:00,15:40,D,4,D-T404,50,47,ENG01,Tiếng Anh thương mại
P01054,Peak,2026-05-11,Thu 2,ca1,06:45,09:25,A2,10,A2-T1006,60,34,KTVM2,Kinh tế vĩ mô
P01055,Peak,2026-05-11,Thu 2,ca2,09:35,12:15,A2,5,A2-T507,80,53,KTVM,Kinh tế vi mô
P01056,Peak,2026-05-11,Thu 2,ca3,13:00,15:40,C,3,C-T307,80,57,NLKT,Nguyên lý kế toán
P01057,Peak,2026-05-11,Thu 2,ca4,15:50,18:30,A2,5,A2-T506,80,48,LSD01,Lịch sử Đảng Cộng sản Việt Nam
P01058,Peak,2026-05-11,Thu 2,ca4,15:50,18:30,C,3,C-T302,80,60,XSTK,Xác suất thống kê
P01059,Peak,2026-05-11,Thu 2,ca2,09:35,12:15,A2,7,A2-T702,100,36,KTVM,Kinh tế vi mô
P01060,Peak,2026-05-11,Thu 2,ca1,06:45,09:25,B,1,B-T103,60,36,TCC01,Toán cao cấp
P01061,Peak,2026-05-11,Thu 2,ca1,06:45,09:25,A2,6,A2-T610,120,70,KTL01,Kinh tế lượng
P01062,Peak,2026-05-11,Thu 2,ca4,15:50,18:30,A2,8,A2-T814,120,35,ENG01,Tiếng Anh thương mại
P01063,Peak,2026-05-11,Thu 2,ca4,15:50,18:30,A2,4,A2-T406,60,57,MKT01,Marketing căn bản
P01064,Peak,2026-05-11,Thu 2,ca2,09:35,12:15,A2,5,A2-T503,100,49,KTTC,Kế toán tài chính
P01065,Peak,2026-05-11,Thu 2,ca3,13:00,15:40,A2,5,A2-T509,120,60,ENG01,Tiếng Anh thương mại
P01066,Peak,2026-05-11,Thu 2,ca3,13:00,15:40,D,4,D-T403,50,38,NLKT,Nguyên lý kế toán
P01067,Peak,2026-05-11,Thu 2,ca1,06:45,09:25,A2,1,A2-T102,60,50,TMLN,Triết học Mác - Lênin
P01068,Peak,2026-05-11,Thu 2,ca2,09:35,12:15,A2,2,A2-T206,100,54,TCC01,Toán cao cấp
P01069,Peak,2026-05-11,Thu 2,ca3,13:00,15:40,A2,7,A2-T707,80,53,KTTC,Kế toán tài chính
P01070,Peak,2026-05-11,Thu 2,ca1,06:45,09:25,B,2,B-T204,80,53,TCC01,Toán cao cấp
P01071,Peak,2026-05-11,Thu 2,ca3,13:00,15:40,A2,3,A2-T302,60,44,KTVM2,Kinh tế vĩ mô
P01072,Peak,2026-05-11,Thu 2,ca3,13:00,15:40,A2,6,A2-T611,120,46,LOG01,Quản trị logistics
P01073,Peak,2026-05-11,Thu 2,ca4,15:50,18:30,A2,8,A2-T810,60,44,TCTT,Tài chính tiền tệ
P01074,Peak,2026-05-11,Thu 2,ca4,15:50,18:30,B,3,B-T307,40,33,TCTT,Tài chính tiền tệ
P01075,Peak,2026-05-11,Thu 2,ca2,09:35,12:15,A2,9,A2-T913,60,48,KTVM2,Kinh tế vĩ mô
P01076,Peak,2026-05-11,Thu 2,ca4,15:50,18:30,B,3,B-T301,60,34,MKT01,Marketing căn bản
P01077,Peak,2026-05-11,Thu 2,ca3,13:00,15:40,B,3,B-T305,40,31,TMDT,Thương mại điện tử
P01078,Peak,2026-05-11,Thu 2,ca1,06:45,09:25,A2,1,A2-T107,60,55,TMLN,Triết học Mác - Lênin
P01079,Peak,2026-05-11,Thu 2,ca3,13:00,15:40,A2,7,A2-T702,100,56,TTHCM,Tư tưởng Hồ Chí Minh
P01080,Peak,2026-05-11,Thu 2,ca3,13:00,15:40,B,1,B-T102,80,44,TMLN,Triết học Mác - Lênin
P01081,Peak,2026-05-11,Thu 2,ca3,13:00,15:40,D,2,D-T205,70,33,KTTC,Kế toán tài chính
P01082,Peak,2026-05-11,Thu 2,ca2,09:35,12:15,D,2,D-T203,70,63,KDQT,Kinh doanh quốc tế
P01083,Peak,2026-05-11,Thu 2,ca4,15:50,18:30,A2,9,A2-T914,60,60,TMLN,Triết học Mác - Lênin
P01084,Peak,2026-05-11,Thu 2,ca2,09:35,12:15,A2,1,A2-T105,80,73,ENG01,Tiếng Anh thương mại
P01085,Peak,2026-05-11,Thu 2,ca1,06:45,09:25,A2,5,A2-T512,100,66,PLDC,Pháp luật đại cương
P01086,Peak,2026-05-11,Thu 2,ca3,13:00,15:40,A2,1,A2-T108,60,45,KTL01,Kinh tế lượng
P01087,Peak,2026-05-11,Thu 2,ca4,15:50,18:30,A2,9,A2-T904,60,32,KTTC,Kế toán tài chính
P01088,Peak,2026-05-11,Thu 2,ca4,15:50,18:30,D,4,D-T404,50,31,TIN01,Tin học đại cương
P01089,Peak,2026-05-11,Thu 2,ca2,09:35,12:15,D,4,D-T403,50,48,TIN01,Tin học đại cương
P01090,Peak,2026-05-11,Thu 2,ca2,09:35,12:15,C,2,C-T207,80,66,LSD01,Lịch sử Đảng Cộng sản Việt Nam
P01091,Peak,2026-05-11,Thu 2,ca3,13:00,15:40,D,2,D-T201,90,39,MKT01,Marketing căn bản
P01092,Peak,2026-05-11,Thu 2,ca4,15:50,18:30,D,5,D-T502,70,58,TCC01,Toán cao cấp
P01093,Peak,2026-05-11,Thu 2,ca4,15:50,18:30,A2,2,A2-T204,80,40,XSTK,Xác suất thống kê
P01094,Peak,2026-05-11,Thu 2,ca2,09:35,12:15,B,3,B-T305,40,33,QTH01,Quản trị học
P01095,Peak,2026-05-11,Thu 2,ca3,13:00,15:40,D,2,D-T207,90,32,KDQT,Kinh doanh quốc tế
P01096,Peak,2026-05-11,Thu 2,ca4,15:50,18:30,A2,8,A2-T804,120,35,KDQT,Kinh doanh quốc tế
P01097,Peak,2026-05-11,Thu 2,ca4,15:50,18:30,A2,7,A2-T710,60,36,QTH01,Quản trị học
P01098,Peak,2026-05-11,Thu 2,ca3,13:00,15:40,A2,2,A2-T208,80,68,TCTT,Tài chính tiền tệ
P01099,Peak,2026-05-11,Thu 2,ca4,15:50,18:30,B,2,B-T207,60,40,NLKT,Nguyên lý kế toán
P01100,Peak,2026-05-11,Thu 2,ca4,15:50,18:30,A2,5,A2-T507,80,35,KTTC,Kế toán tài chính
P01101,Peak,2026-05-11,Thu 2,ca3,13:00,15:40,A2,7,A2-T711,60,47,KTTC,Kế toán tài chính
P01102,Peak,2026-05-11,Thu 2,ca3,13:00,15:40,D,3,D-T301,90,65,QTNL,Quản trị nhân lực
P01103,Peak,2026-05-11,Thu 2,ca4,15:50,18:30,D,3,D-T306,70,47,TIN01,Tin học đại cương
P01104,Peak,2026-05-11,Thu 2,ca2,09:35,12:15,B,2,B-T203,60,44,KTVM,Kinh tế vi mô
P01105,Peak,2026-05-11,Thu 2,ca1,06:45,09:25,A2,8,A2-T808,100,80,LSD01,Lịch sử Đảng Cộng sản Việt Nam
P01106,Peak,2026-05-11,Thu 2,ca4,15:50,18:30,C,3,C-T305,80,67,TIN01,Tin học đại cương
P01107,Peak,2026-05-11,Thu 2,ca4,15:50,18:30,A2,3,A2-T305,100,80,KDQT,Kinh doanh quốc tế
P01108,Peak,2026-05-11,Thu 2,ca1,06:45,09:25,A2,4,A2-T402,60,33,KDQT,Kinh doanh quốc tế
P01109,Peak,2026-05-11,Thu 2,ca3,13:00,15:40,A2,7,A2-T704,120,39,QTH01,Quản trị học
P01110,Peak,2026-05-11,Thu 2,ca4,15:50,18:30,D,1,D-T102,70,66,TTHCM,Tư tưởng Hồ Chí Minh
P01111,Peak,2026-05-11,Thu 2,ca4,15:50,18:30,B,1,B-T105,80,67,MKT01,Marketing căn bản
P01112,Peak,2026-05-11,Thu 2,ca4,15:50,18:30,A2,5,A2-T508,120,36,TTHCM,Tư tưởng Hồ Chí Minh
P01113,Peak,2026-05-11,Thu 2,ca2,09:35,12:15,A2,3,A2-T304,60,54,MKT01,Marketing căn bản
P01114,Peak,2026-05-11,Thu 2,ca1,06:45,09:25,C,3,C-T307,80,80,KTL01,Kinh tế lượng
P01115,Peak,2026-05-11,Thu 2,ca4,15:50,18:30,D,2,D-T203,70,64,TMDT,Thương mại điện tử
P01116,Peak,2026-05-11,Thu 2,ca3,13:00,15:40,A2,10,A2-T1006,60,58,KDQT,Kinh doanh quốc tế
P01117,Peak,2026-05-11,Thu 2,ca2,09:35,12:15,A2,3,A2-T302,60,38,KTTC,Kế toán tài chính
P01118,Peak,2026-05-11,Thu 2,ca3,13:00,15:40,C,1,C-T108,80,71,ENG01,Tiếng Anh thương mại
P01119,Peak,2026-05-11,Thu 2,ca1,06:45,09:25,A2,2,A2-T212,80,66,LSD01,Lịch sử Đảng Cộng sản Việt Nam
P01120,Peak,2026-05-11,Thu 2,ca3,13:00,15:40,A2,2,A2-T206,100,60,KTVM2,Kinh tế vĩ mô
P01121,Peak,2026-05-11,Thu 2,ca4,15:50,18:30,A2,3,A2-T310,60,35,TCTT,Tài chính tiền tệ
P01122,Peak,2026-05-11,Thu 2,ca4,15:50,18:30,A2,10,A2-T1007,60,42,QTH01,Quản trị học
P01123,Peak,2026-05-11,Thu 2,ca1,06:45,09:25,A2,10,A2-T1003,80,69,LSD01,Lịch sử Đảng Cộng sản Việt Nam
P01124,Peak,2026-05-11,Thu 2,ca4,15:50,18:30,B,1,B-T108,40,40,KTTC,Kế toán tài chính
P01125,Peak,2026-05-11,Thu 2,ca4,15:50,18:30,A2,6,A2-T605,60,31,KTTC,Kế toán tài chính
P01126,Peak,2026-05-11,Thu 2,ca3,13:00,15:40,A2,9,A2-T908,100,51,PLDC,Pháp luật đại cương
P01127,Peak,2026-05-11,Thu 2,ca4,15:50,18:30,A2,6,A2-T601,60,31,ENG01,Tiếng Anh thương mại
P01128,Peak,2026-05-11,Thu 2,ca2,09:35,12:15,A2,3,A2-T306,100,47,TMDT,Thương mại điện tử
P01129,Peak,2026-05-11,Thu 2,ca1,06:45,09:25,A2,1,A2-T103,100,31,QTNL,Quản trị nhân lực
P01130,Peak,2026-05-11,Thu 2,ca4,15:50,18:30,A2,10,A2-T1008,120,80,KTL01,Kinh tế lượng
P01131,Peak,2026-05-11,Thu 2,ca1,06:45,09:25,D,4,D-T405,90,49,TCTT,Tài chính tiền tệ
P01132,Peak,2026-05-11,Thu 2,ca2,09:35,12:15,A2,3,A2-T301,60,56,ENG01,Tiếng Anh thương mại
P01133,Peak,2026-05-11,Thu 2,ca3,13:00,15:40,A2,8,A2-T813,80,74,MKT01,Marketing căn bản
P01134,Peak,2026-05-11,Thu 2,ca1,06:45,09:25,A2,6,A2-T603,120,44,QTH01,Quản trị học
P01135,Peak,2026-05-11,Thu 2,ca3,13:00,15:40,B,3,B-T301,60,39,LOG01,Quản trị logistics
P01136,Peak,2026-05-11,Thu 2,ca4,15:50,18:30,B,2,B-T204,80,79,QTNL,Quản trị nhân lực
P01137,Peak,2026-05-11,Thu 2,ca1,06:45,09:25,A2,3,A2-T313,100,47,KDQT,Kinh doanh quốc tế
P01138,Peak,2026-05-11,Thu 2,ca2,09:35,12:15,D,1,D-T102,70,68,NLKT,Nguyên lý kế toán
P01139,Peak,2026-05-11,Thu 2,ca1,06:45,09:25,A2,2,A2-T213,80,42,LOG01,Quản trị logistics
P01140,Peak,2026-05-11,Thu 2,ca1,06:45,09:25,A2,9,A2-T906,80,43,KDQT,Kinh doanh quốc tế
P01141,Peak,2026-05-11,Thu 2,ca3,13:00,15:40,C,3,C-T303,60,53,ENG01,Tiếng Anh thương mại
P01142,Peak,2026-05-11,Thu 2,ca1,06:45,09:25,C,3,C-T303,60,54,TIN01,Tin học đại cương
P01143,Peak,2026-05-11,Thu 2,ca4,15:50,18:30,C,2,C-T201,40,35,KTVM2,Kinh tế vĩ mô
P01144,Peak,2026-05-11,Thu 2,ca1,06:45,09:25,A2,5,A2-T505,80,62,TCC01,Toán cao cấp
P01145,Peak,2026-05-11,Thu 2,ca2,09:35,12:15,A2,7,A2-T709,60,32,KTL01,Kinh tế lượng
P01146,Peak,2026-05-11,Thu 2,ca3,13:00,15:40,A2,9,A2-T914,60,52,TIN01,Tin học đại cương
P01147,Peak,2026-05-11,Thu 2,ca4,15:50,18:30,B,2,B-T202,60,42,QTH01,Quản trị học
P01148,Peak,2026-05-11,Thu 2,ca3,13:00,15:40,A2,1,A2-T113,80,79,TIN01,Tin học đại cương
P01149,Peak,2026-05-11,Thu 2,ca2,09:35,12:15,D,4,D-T405,90,66,KTVM,Kinh tế vi mô
P01150,Peak,2026-05-11,Thu 2,ca2,09:35,12:15,A2,10,A2-T1002,100,41,XSTK,Xác suất thống kê
P01151,Peak,2026-05-11,Thu 2,ca1,06:45,09:25,D,5,D-T504,50,36,KTVM2,Kinh tế vĩ mô
P01152,Peak,2026-05-11,Thu 2,ca4,15:50,18:30,C,3,C-T306,40,33,KTVM2,Kinh tế vĩ mô
P01153,Peak,2026-05-11,Thu 2,ca2,09:35,12:15,C,1,C-T103,80,59,KTVM2,Kinh tế vĩ mô
P01154,Peak,2026-05-11,Thu 2,ca4,15:50,18:30,A2,7,A2-T708,120,53,XSTK,Xác suất thống kê
P01155,Peak,2026-05-11,Thu 2,ca2,09:35,12:15,A2,9,A2-T908,100,47,TMDT,Thương mại điện tử
P01156,Peak,2026-05-11,Thu 2,ca2,09:35,12:15,A2,7,A2-T714,120,59,TIN01,Tin học đại cương
P01157,Peak,2026-05-11,Thu 2,ca2,09:35,12:15,A2,6,A2-T603,120,55,MKT01,Marketing căn bản
P01158,Peak,2026-05-11,Thu 2,ca2,09:35,12:15,A2,6,A2-T613,100,73,KTVM,Kinh tế vi mô
P01159,Peak,2026-05-11,Thu 2,ca3,13:00,15:40,D,4,D-T402,50,37,TMDT,Thương mại điện tử
P01160,Peak,2026-05-11,Thu 2,ca1,06:45,09:25,D,2,D-T207,90,61,LSD01,Lịch sử Đảng Cộng sản Việt Nam
P01161,Peak,2026-05-11,Thu 2,ca2,09:35,12:15,A2,4,A2-T411,120,58,TCC01,Toán cao cấp
P01162,Peak,2026-05-11,Thu 2,ca1,06:45,09:25,A2,10,A2-T1012,120,60,TTHCM,Tư tưởng Hồ Chí Minh
P01163,Peak,2026-05-11,Thu 2,ca1,06:45,09:25,C,1,C-T108,80,65,TMDT,Thương mại điện tử
P01164,Peak,2026-05-11,Thu 2,ca4,15:50,18:30,C,3,C-T301,60,41,TCC01,Toán cao cấp
P01165,Peak,2026-05-11,Thu 2,ca3,13:00,15:40,A2,4,A2-T407,80,46,NLKT,Nguyên lý kế toán
P01166,Peak,2026-05-11,Thu 2,ca1,06:45,09:25,A2,4,A2-T413,80,48,KTVM,Kinh tế vi mô
P01167,Peak,2026-05-11,Thu 2,ca4,15:50,18:30,A2,1,A2-T104,80,54,KTVM2,Kinh tế vĩ mô
P01168,Peak,2026-05-11,Thu 2,ca3,13:00,15:40,A2,6,A2-T608,80,40,TTHCM,Tư tưởng Hồ Chí Minh
P01169,Peak,2026-05-11,Thu 2,ca1,06:45,09:25,A2,7,A2-T702,100,79,XSTK,Xác suất thống kê
P01170,Peak,2026-05-11,Thu 2,ca2,09:35,12:15,A2,4,A2-T412,100,44,PLDC,Pháp luật đại cương
P01171,Peak,2026-05-11,Thu 2,ca1,06:45,09:25,D,4,D-T406,70,43,TCTT,Tài chính tiền tệ
P01172,Peak,2026-05-11,Thu 2,ca4,15:50,18:30,B,2,B-T201,80,71,KDQT,Kinh doanh quốc tế
P01173,Peak,2026-05-11,Thu 2,ca1,06:45,09:25,A2,4,A2-T407,80,62,KTVM,Kinh tế vi mô
P01174,Peak,2026-05-11,Thu 2,ca3,13:00,15:40,C,1,C-T101,80,79,KTVM,Kinh tế vi mô
P01175,Peak,2026-05-11,Thu 2,ca1,06:45,09:25,A2,1,A2-T111,60,45,QTH01,Quản trị học
P01176,Peak,2026-05-11,Thu 2,ca1,06:45,09:25,B,3,B-T305,40,40,TCC01,Toán cao cấp
P01177,Peak,2026-05-11,Thu 2,ca3,13:00,15:40,A2,5,A2-T513,60,49,KTVM,Kinh tế vi mô
P01178,Peak,2026-05-11,Thu 2,ca1,06:45,09:25,A2,1,A2-T114,80,44,TCTT,Tài chính tiền tệ
P01179,Peak,2026-05-11,Thu 2,ca4,15:50,18:30,A2,4,A2-T407,80,68,KTL01,Kinh tế lượng
P01180,Peak,2026-05-11,Thu 2,ca3,13:00,15:40,A2,2,A2-T210,100,75,TCTT,Tài chính tiền tệ
P01181,Peak,2026-05-11,Thu 2,ca4,15:50,18:30,A2,7,A2-T711,60,43,KTTC,Kế toán tài chính
P01182,Peak,2026-05-11,Thu 2,ca1,06:45,09:25,A2,9,A2-T904,60,57,TMDT,Thương mại điện tử
P01183,Peak,2026-05-11,Thu 2,ca3,13:00,15:40,D,4,D-T407,50,44,TCTT,Tài chính tiền tệ
P01184,Peak,2026-05-11,Thu 2,ca4,15:50,18:30,D,1,D-T108,50,36,LOG01,Quản trị logistics
P01185,Peak,2026-05-11,Thu 2,ca1,06:45,09:25,A2,4,A2-T411,120,49,TIN01,Tin học đại cương
P01186,Peak,2026-05-11,Thu 2,ca2,09:35,12:15,A2,5,A2-T510,100,69,KTTC,Kế toán tài chính
P01187,Peak,2026-05-11,Thu 2,ca2,09:35,12:15,D,4,D-T402,50,48,MKT01,Marketing căn bản
P01188,Peak,2026-05-11,Thu 2,ca2,09:35,12:15,A2,8,A2-T802,120,30,TIN01,Tin học đại cương
P01189,Peak,2026-05-11,Thu 2,ca4,15:50,18:30,D,5,D-T501,50,41,TMLN,Triết học Mác - Lênin
P01190,Peak,2026-05-11,Thu 2,ca3,13:00,15:40,A2,10,A2-T1010,80,71,LSD01,Lịch sử Đảng Cộng sản Việt Nam
P01191,Peak,2026-05-11,Thu 2,ca4,15:50,18:30,B,1,B-T102,80,68,KTL01,Kinh tế lượng
P01192,Peak,2026-05-11,Thu 2,ca3,13:00,15:40,A2,8,A2-T808,100,49,MKT01,Marketing căn bản
P01193,Peak,2026-05-11,Thu 2,ca1,06:45,09:25,D,3,D-T305,50,45,NLKT,Nguyên lý kế toán
P01194,Peak,2026-05-11,Thu 2,ca1,06:45,09:25,B,3,B-T301,60,40,TCTT,Tài chính tiền tệ
P01195,Peak,2026-05-11,Thu 2,ca4,15:50,18:30,A2,3,A2-T309,120,70,QTNL,Quản trị nhân lực
P01196,Peak,2026-05-11,Thu 2,ca1,06:45,09:25,B,1,B-T102,80,47,TCTT,Tài chính tiền tệ
P01197,Peak,2026-05-11,Thu 2,ca3,13:00,15:40,D,5,D-T507,90,71,KTL01,Kinh tế lượng
P01198,Peak,2026-05-11,Thu 2,ca1,06:45,09:25,B,2,B-T205,80,42,QTH01,Quản trị học
P01199,Peak,2026-05-11,Thu 2,ca1,06:45,09:25,A2,9,A2-T910,60,46,PLDC,Pháp luật đại cương
P01200,Peak,2026-05-11,Thu 2,ca1,06:45,09:25,B,3,B-T303,40,30,LSD01,Lịch sử Đảng Cộng sản Việt Nam
P01201,Peak,2026-05-11,Thu 2,ca1,06:45,09:25,A2,4,A2-T406,60,42,QTNL,Quản trị nhân lực
P01202,Peak,2026-05-11,Thu 2,ca2,09:35,12:15,A2,7,A2-T713,80,73,QTH01,Quản trị học
P01203,Peak,2026-05-11,Thu 2,ca1,06:45,09:25,B,1,B-T106,80,76,KTVM,Kinh tế vi mô
P01204,Peak,2026-05-11,Thu 2,ca1,06:45,09:25,A2,3,A2-T311,120,71,ENG01,Tiếng Anh thương mại
P01205,Peak,2026-05-11,Thu 2,ca4,15:50,18:30,B,3,B-T306,60,39,TCTT,Tài chính tiền tệ
P01206,Peak,2026-05-11,Thu 2,ca3,13:00,15:40,A2,8,A2-T809,100,56,KTTC,Kế toán tài chính
P01207,Peak,2026-05-11,Thu 2,ca1,06:45,09:25,B,1,B-T108,40,36,KTVM2,Kinh tế vĩ mô
P01208,Peak,2026-05-11,Thu 2,ca2,09:35,12:15,A2,10,A2-T1009,60,48,TTHCM,Tư tưởng Hồ Chí Minh
P01209,Peak,2026-05-11,Thu 2,ca3,13:00,15:40,A2,7,A2-T714,120,42,QTNL,Quản trị nhân lực
P01210,Peak,2026-05-11,Thu 2,ca4,15:50,18:30,B,3,B-T308,80,76,PLDC,Pháp luật đại cương
P01211,Peak,2026-05-11,Thu 2,ca1,06:45,09:25,A2,1,A2-T113,80,73,TMLN,Triết học Mác - Lênin
P01212,Peak,2026-05-11,Thu 2,ca4,15:50,18:30,D,2,D-T206,70,70,ENG01,Tiếng Anh thương mại
P01213,Peak,2026-05-11,Thu 2,ca2,09:35,12:15,B,1,B-T103,60,59,TMDT,Thương mại điện tử
P01214,Peak,2026-05-11,Thu 2,ca1,06:45,09:25,D,1,D-T104,70,62,KTL01,Kinh tế lượng
P01215,Peak,2026-05-11,Thu 2,ca1,06:45,09:25,D,1,D-T105,70,40,TMLN,Triết học Mác - Lênin
P01216,Peak,2026-05-11,Thu 2,ca3,13:00,15:40,B,1,B-T103,60,35,KTL01,Kinh tế lượng
P01217,Peak,2026-05-11,Thu 2,ca3,13:00,15:40,A2,2,A2-T202,80,36,ENG01,Tiếng Anh thương mại
P01218,Peak,2026-05-11,Thu 2,ca2,09:35,12:15,A2,6,A2-T601,60,34,TCTT,Tài chính tiền tệ
P01219,Peak,2026-05-11,Thu 2,ca4,15:50,18:30,A2,6,A2-T607,100,76,TMLN,Triết học Mác - Lênin
P01220,Peak,2026-05-11,Thu 2,ca1,06:45,09:25,D,3,D-T308,70,41,QTNL,Quản trị nhân lực
P01221,Peak,2026-05-11,Thu 2,ca3,13:00,15:40,C,2,C-T208,40,40,NLKT,Nguyên lý kế toán
P01222,Peak,2026-05-11,Thu 2,ca2,09:35,12:15,A2,10,A2-T1008,120,44,TMDT,Thương mại điện tử
P01223,Peak,2026-05-11,Thu 2,ca3,13:00,15:40,A2,3,A2-T309,120,44,KTL01,Kinh tế lượng
P01224,Peak,2026-05-11,Thu 2,ca2,09:35,12:15,C,3,C-T307,80,56,QTNL,Quản trị nhân lực
P01225,Peak,2026-05-11,Thu 2,ca3,13:00,15:40,A2,5,A2-T505,80,53,TCTT,Tài chính tiền tệ
P01226,Peak,2026-05-11,Thu 2,ca2,09:35,12:15,D,3,D-T303,90,67,KTL01,Kinh tế lượng
P01227,Peak,2026-05-11,Thu 2,ca3,13:00,15:40,A2,6,A2-T612,80,59,MKT01,Marketing căn bản
P01228,Peak,2026-05-11,Thu 2,ca2,09:35,12:15,B,1,B-T108,40,37,KTVM2,Kinh tế vĩ mô
P01229,Peak,2026-05-11,Thu 2,ca1,06:45,09:25,C,3,C-T302,80,70,TTHCM,Tư tưởng Hồ Chí Minh
P01230,Peak,2026-05-11,Thu 2,ca4,15:50,18:30,D,2,D-T205,70,67,LSD01,Lịch sử Đảng Cộng sản Việt Nam
P01231,Peak,2026-05-11,Thu 2,ca4,15:50,18:30,A2,10,A2-T1003,80,34,ENG01,Tiếng Anh thương mại
P01232,Peak,2026-05-11,Thu 2,ca4,15:50,18:30,D,2,D-T208,50,36,TIN01,Tin học đại cương
P01233,Peak,2026-05-11,Thu 2,ca2,09:35,12:15,A2,2,A2-T201,60,33,KTTC,Kế toán tài chính
P01234,Peak,2026-05-11,Thu 2,ca3,13:00,15:40,A2,4,A2-T414,100,63,KTL01,Kinh tế lượng
P01235,Peak,2026-05-11,Thu 2,ca2,09:35,12:15,B,3,B-T304,40,36,KTVM2,Kinh tế vĩ mô
P01236,Peak,2026-05-11,Thu 2,ca4,15:50,18:30,A2,5,A2-T504,60,57,QTH01,Quản trị học
P01237,Peak,2026-05-11,Thu 2,ca2,09:35,12:15,A2,9,A2-T901,60,34,XSTK,Xác suất thống kê
P01238,Peak,2026-05-11,Thu 2,ca4,15:50,18:30,A2,8,A2-T805,100,51,KDQT,Kinh doanh quốc tế
P01239,Peak,2026-05-11,Thu 2,ca2,09:35,12:15,A2,1,A2-T112,60,48,LOG01,Quản trị logistics
P01240,Peak,2026-05-11,Thu 2,ca3,13:00,15:40,A2,5,A2-T507,80,39,QTNL,Quản trị nhân lực
P01241,Peak,2026-05-11,Thu 2,ca2,09:35,12:15,A2,1,A2-T113,80,75,TCC01,Toán cao cấp
P01242,Peak,2026-05-11,Thu 2,ca4,15:50,18:30,C,2,C-T203,40,31,ENG01,Tiếng Anh thương mại
P01243,Peak,2026-05-11,Thu 2,ca3,13:00,15:40,A2,1,A2-T109,120,51,TCC01,Toán cao cấp
P01244,Peak,2026-05-11,Thu 2,ca4,15:50,18:30,A2,2,A2-T212,80,50,KTVM2,Kinh tế vĩ mô
P01245,Peak,2026-05-11,Thu 2,ca1,06:45,09:25,A2,2,A2-T204,80,30,LOG01,Quản trị logistics
P01246,Peak,2026-05-11,Thu 2,ca4,15:50,18:30,A2,4,A2-T411,120,47,XSTK,Xác suất thống kê
P01247,Peak,2026-05-11,Thu 2,ca3,13:00,15:40,A2,5,A2-T506,80,78,TCC01,Toán cao cấp
P01248,Peak,2026-05-11,Thu 2,ca1,06:45,09:25,A2,1,A2-T105,80,66,TCC01,Toán cao cấp
P01249,Peak,2026-05-11,Thu 2,ca2,09:35,12:15,A2,8,A2-T810,60,45,NLKT,Nguyên lý kế toán
P01250,Peak,2026-05-11,Thu 2,ca2,09:35,12:15,B,3,B-T307,40,32,LSD01,Lịch sử Đảng Cộng sản Việt Nam
P01251,Peak,2026-05-11,Thu 2,ca1,06:45,09:25,D,2,D-T201,90,57,KDQT,Kinh doanh quốc tế
P01252,Peak,2026-05-11,Thu 2,ca2,09:35,12:15,A2,4,A2-T407,80,55,KDQT,Kinh doanh quốc tế
P01253,Peak,2026-05-11,Thu 2,ca3,13:00,15:40,A2,6,A2-T601,60,60,ENG01,Tiếng Anh thương mại
P01254,Peak,2026-05-11,Thu 2,ca3,13:00,15:40,A2,3,A2-T312,60,42,KTVM,Kinh tế vi mô
P01255,Peak,2026-05-11,Thu 2,ca2,09:35,12:15,D,4,D-T407,50,31,TMLN,Triết học Mác - Lênin
P01256,Peak,2026-05-11,Thu 2,ca4,15:50,18:30,A2,9,A2-T906,80,42,TMDT,Thương mại điện tử
P01257,Peak,2026-05-11,Thu 2,ca1,06:45,09:25,C,2,C-T205,60,60,KTVM,Kinh tế vi mô
P01258,Peak,2026-05-11,Thu 2,ca4,15:50,18:30,A2,5,A2-T503,100,50,TIN01,Tin học đại cương
P01259,Peak,2026-05-11,Thu 2,ca2,09:35,12:15,D,5,D-T502,70,42,KTVM,Kinh tế vi mô
P01260,Peak,2026-05-11,Thu 2,ca1,06:45,09:25,A2,10,A2-T1011,80,73,KTVM,Kinh tế vi mô
P01261,Peak,2026-05-11,Thu 2,ca3,13:00,15:40,A2,8,A2-T811,100,70,PLDC,Pháp luật đại cương
P01262,Peak,2026-05-11,Thu 2,ca2,09:35,12:15,A2,10,A2-T1014,100,44,TMDT,Thương mại điện tử
P01263,Peak,2026-05-11,Thu 2,ca3,13:00,15:40,A2,9,A2-T907,80,49,QTH01,Quản trị học
P01264,Peak,2026-05-11,Thu 2,ca1,06:45,09:25,D,2,D-T205,70,36,KTTC,Kế toán tài chính
P01265,Peak,2026-05-11,Thu 2,ca4,15:50,18:30,A2,1,A2-T106,80,62,TTHCM,Tư tưởng Hồ Chí Minh
P01266,Peak,2026-05-11,Thu 2,ca1,06:45,09:25,D,5,D-T501,50,39,TCC01,Toán cao cấp
P01267,Peak,2026-05-11,Thu 2,ca1,06:45,09:25,A2,5,A2-T502,80,34,KTVM2,Kinh tế vĩ mô
P01268,Peak,2026-05-11,Thu 2,ca3,13:00,15:40,A2,3,A2-T305,100,49,KTL01,Kinh tế lượng
P01269,Peak,2026-05-11,Thu 2,ca2,09:35,12:15,A2,10,A2-T1010,80,59,TIN01,Tin học đại cương
P01270,Peak,2026-05-11,Thu 2,ca3,13:00,15:40,A2,8,A2-T803,120,68,TIN01,Tin học đại cương
P01271,Peak,2026-05-11,Thu 2,ca4,15:50,18:30,C,2,C-T205,60,40,KDQT,Kinh doanh quốc tế
P01272,Peak,2026-05-11,Thu 2,ca3,13:00,15:40,A2,4,A2-T404,80,73,QTH01,Quản trị học
P01273,Peak,2026-05-11,Thu 2,ca2,09:35,12:15,C,3,C-T304,40,35,ENG01,Tiếng Anh thương mại
P01274,Peak,2026-05-11,Thu 2,ca1,06:45,09:25,A2,7,A2-T706,80,52,XSTK,Xác suất thống kê
P01275,Peak,2026-05-11,Thu 2,ca1,06:45,09:25,C,2,C-T208,40,32,KTTC,Kế toán tài chính
P01276,Peak,2026-05-11,Thu 2,ca1,06:45,09:25,A2,10,A2-T1013,80,31,PLDC,Pháp luật đại cương
P01277,Peak,2026-05-11,Thu 2,ca3,13:00,15:40,A2,2,A2-T207,60,37,QTH01,Quản trị học
P01278,Peak,2026-05-11,Thu 2,ca1,06:45,09:25,A2,7,A2-T713,80,43,KTVM,Kinh tế vi mô
P01279,Peak,2026-05-11,Thu 2,ca3,13:00,15:40,A2,7,A2-T713,80,67,TIN01,Tin học đại cương
P01280,Peak,2026-05-11,Thu 2,ca4,15:50,18:30,A2,9,A2-T903,80,40,MKT01,Marketing căn bản
P01281,Peak,2026-05-11,Thu 2,ca4,15:50,18:30,A2,7,A2-T714,120,53,KTVM2,Kinh tế vĩ mô
P01282,Peak,2026-05-11,Thu 2,ca4,15:50,18:30,A2,7,A2-T712,80,54,TCTT,Tài chính tiền tệ
P01283,Peak,2026-05-11,Thu 2,ca3,13:00,15:40,A2,8,A2-T810,60,54,TMLN,Triết học Mác - Lênin
P01284,Peak,2026-05-11,Thu 2,ca3,13:00,15:40,A2,3,A2-T307,100,69,KTVM2,Kinh tế vĩ mô
P01285,Peak,2026-05-11,Thu 2,ca1,06:45,09:25,A2,4,A2-T405,100,68,KTVM2,Kinh tế vĩ mô
P01286,Peak,2026-05-11,Thu 2,ca3,13:00,15:40,A2,8,A2-T807,60,51,MKT01,Marketing căn bản
P01287,Peak,2026-05-11,Thu 2,ca2,09:35,12:15,A2,6,A2-T604,100,71,KTVM,Kinh tế vi mô
P01288,Peak,2026-05-11,Thu 2,ca1,06:45,09:25,A2,1,A2-T109,120,33,MKT01,Marketing căn bản
P01289,Peak,2026-05-11,Thu 2,ca2,09:35,12:15,D,3,D-T307,90,56,LOG01,Quản trị logistics
P01290,Peak,2026-05-11,Thu 2,ca3,13:00,15:40,A2,2,A2-T204,80,54,MKT01,Marketing căn bản
P01291,Peak,2026-05-11,Thu 2,ca2,09:35,12:15,A2,2,A2-T202,80,65,TCTT,Tài chính tiền tệ
P01292,Peak,2026-05-11,Thu 2,ca3,13:00,15:40,A2,10,A2-T1013,80,60,QTH01,Quản trị học
P01293,Peak,2026-05-11,Thu 2,ca2,09:35,12:15,A2,2,A2-T203,120,43,KTVM,Kinh tế vi mô
P01294,Peak,2026-05-11,Thu 2,ca1,06:45,09:25,A2,7,A2-T705,100,49,KDQT,Kinh doanh quốc tế
P01295,Peak,2026-05-11,Thu 2,ca2,09:35,12:15,A2,8,A2-T811,100,72,MKT01,Marketing căn bản
P01296,Peak,2026-05-11,Thu 2,ca3,13:00,15:40,A2,1,A2-T112,60,51,TIN01,Tin học đại cương
P01297,Peak,2026-05-11,Thu 2,ca3,13:00,15:40,A2,2,A2-T205,120,47,LSD01,Lịch sử Đảng Cộng sản Việt Nam
P01298,Peak,2026-05-11,Thu 2,ca1,06:45,09:25,B,2,B-T201,80,68,QTH01,Quản trị học
P01299,Peak,2026-05-11,Thu 2,ca2,09:35,12:15,C,2,C-T205,60,43,MKT01,Marketing căn bản
P01300,Peak,2026-05-11,Thu 2,ca4,15:50,18:30,A2,1,A2-T101,60,46,LSD01,Lịch sử Đảng Cộng sản Việt Nam
P01301,Peak,2026-05-11,Thu 2,ca1,06:45,09:25,A2,5,A2-T510,100,37,KTL01,Kinh tế lượng
P01302,Peak,2026-05-11,Thu 2,ca2,09:35,12:15,A2,8,A2-T804,120,37,MKT01,Marketing căn bản
P01303,Peak,2026-05-11,Thu 2,ca3,13:00,15:40,A2,1,A2-T106,80,61,XSTK,Xác suất thống kê
P01304,Peak,2026-05-11,Thu 2,ca4,15:50,18:30,A2,6,A2-T609,120,68,XSTK,Xác suất thống kê
P01305,Peak,2026-05-11,Thu 2,ca2,09:35,12:15,A2,9,A2-T907,80,79,TCTT,Tài chính tiền tệ
P01306,Peak,2026-05-11,Thu 2,ca1,06:45,09:25,B,1,B-T104,40,38,XSTK,Xác suất thống kê
P01307,Peak,2026-05-11,Thu 2,ca4,15:50,18:30,A2,2,A2-T201,60,41,KDQT,Kinh doanh quốc tế
P01308,Peak,2026-05-11,Thu 2,ca4,15:50,18:30,C,2,C-T202,40,34,TCC01,Toán cao cấp
P01309,Peak,2026-05-11,Thu 2,ca4,15:50,18:30,A2,9,A2-T905,100,32,TMLN,Triết học Mác - Lênin
P01310,Peak,2026-05-11,Thu 2,ca3,13:00,15:40,C,2,C-T206,40,37,XSTK,Xác suất thống kê
P01311,Peak,2026-05-11,Thu 2,ca2,09:35,12:15,A2,10,A2-T1006,60,52,ENG01,Tiếng Anh thương mại
P01312,Peak,2026-05-11,Thu 2,ca4,15:50,18:30,A2,3,A2-T306,100,51,PLDC,Pháp luật đại cương
P01313,Peak,2026-05-11,Thu 2,ca1,06:45,09:25,A2,9,A2-T905,100,30,KTVM,Kinh tế vi mô
P01314,Peak,2026-05-11,Thu 2,ca1,06:45,09:25,A2,2,A2-T201,60,51,NLKT,Nguyên lý kế toán
P01315,Peak,2026-05-11,Thu 2,ca1,06:45,09:25,A2,9,A2-T903,80,37,TTHCM,Tư tưởng Hồ Chí Minh
P01316,Peak,2026-05-11,Thu 2,ca3,13:00,15:40,A2,10,A2-T1005,80,72,ENG01,Tiếng Anh thương mại
P01317,Peak,2026-05-11,Thu 2,ca2,09:35,12:15,A2,2,A2-T210,100,39,NLKT,Nguyên lý kế toán
P01318,Peak,2026-05-11,Thu 2,ca3,13:00,15:40,D,5,D-T505,50,46,NLKT,Nguyên lý kế toán
P01319,Peak,2026-05-11,Thu 2,ca2,09:35,12:15,B,2,B-T202,60,53,MKT01,Marketing căn bản
P01320,Peak,2026-05-11,Thu 2,ca3,13:00,15:40,A2,4,A2-T411,120,46,PLDC,Pháp luật đại cương
P01321,Peak,2026-05-11,Thu 2,ca4,15:50,18:30,A2,3,A2-T302,60,44,KTL01,Kinh tế lượng
P01322,Peak,2026-05-11,Thu 2,ca1,06:45,09:25,D,4,D-T407,50,38,LOG01,Quản trị logistics
P01323,Peak,2026-05-11,Thu 2,ca1,06:45,09:25,A2,10,A2-T1008,120,33,MKT01,Marketing căn bản
P01324,Peak,2026-05-11,Thu 2,ca3,13:00,15:40,D,1,D-T103,50,35,KTVM2,Kinh tế vĩ mô
P01325,Peak,2026-05-11,Thu 2,ca1,06:45,09:25,A2,4,A2-T401,80,48,TMDT,Thương mại điện tử
P01326,Peak,2026-05-11,Thu 2,ca2,09:35,12:15,A2,3,A2-T311,120,73,QTNL,Quản trị nhân lực
P01327,Peak,2026-05-11,Thu 2,ca2,09:35,12:15,A2,10,A2-T1012,120,57,MKT01,Marketing căn bản
P01328,Peak,2026-05-11,Thu 2,ca3,13:00,15:40,C,3,C-T306,40,31,KTVM2,Kinh tế vĩ mô
P01329,Peak,2026-05-11,Thu 2,ca4,15:50,18:30,A2,4,A2-T410,100,30,QTH01,Quản trị học
P01330,Peak,2026-05-11,Thu 2,ca2,09:35,12:15,A2,10,A2-T1004,60,51,TCC01,Toán cao cấp
P01331,Peak,2026-05-11,Thu 2,ca1,06:45,09:25,B,1,B-T101,80,51,TMDT,Thương mại điện tử
P01332,Peak,2026-05-11,Thu 2,ca2,09:35,12:15,D,1,D-T107,50,44,LSD01,Lịch sử Đảng Cộng sản Việt Nam
P01333,Peak,2026-05-11,Thu 2,ca3,13:00,15:40,A2,3,A2-T301,60,38,NLKT,Nguyên lý kế toán
P01334,Peak,2026-05-11,Thu 2,ca2,09:35,12:15,B,1,B-T105,80,53,QTNL,Quản trị nhân lực
P01335,Peak,2026-05-11,Thu 2,ca4,15:50,18:30,A2,2,A2-T206,100,41,MKT01,Marketing căn bản
P01336,Peak,2026-05-11,Thu 2,ca3,13:00,15:40,A2,7,A2-T709,60,42,KTTC,Kế toán tài chính
P01337,Peak,2026-05-11,Thu 2,ca1,06:45,09:25,A2,10,A2-T1010,80,59,TCTT,Tài chính tiền tệ
P01338,Peak,2026-05-11,Thu 2,ca2,09:35,12:15,D,1,D-T108,50,42,ENG01,Tiếng Anh thương mại
P01339,Peak,2026-05-11,Thu 2,ca3,13:00,15:40,A2,10,A2-T1009,60,55,KDQT,Kinh doanh quốc tế
P01340,Peak,2026-05-11,Thu 2,ca4,15:50,18:30,A2,2,A2-T207,60,50,TCC01,Toán cao cấp
P01341,Peak,2026-05-11,Thu 2,ca3,13:00,15:40,B,2,B-T205,80,37,QTH01,Quản trị học
P01342,Peak,2026-05-11,Thu 2,ca1,06:45,09:25,C,2,C-T203,40,30,TCC01,Toán cao cấp
P01343,Peak,2026-05-11,Thu 2,ca2,09:35,12:15,A2,5,A2-T508,120,36,KDQT,Kinh doanh quốc tế
P01344,Peak,2026-05-11,Thu 2,ca4,15:50,18:30,A2,4,A2-T414,100,67,ENG01,Tiếng Anh thương mại
P01345,Peak,2026-05-11,Thu 2,ca1,06:45,09:25,C,1,C-T107,80,66,LOG01,Quản trị logistics
P01346,Peak,2026-05-11,Thu 2,ca3,13:00,15:40,A2,10,A2-T1012,120,41,LSD01,Lịch sử Đảng Cộng sản Việt Nam
P01347,Peak,2026-05-11,Thu 2,ca3,13:00,15:40,A2,9,A2-T909,80,54,TMDT,Thương mại điện tử
P01348,Peak,2026-05-11,Thu 2,ca3,13:00,15:40,B,1,B-T101,80,69,KTVM,Kinh tế vi mô
P01349,Peak,2026-05-11,Thu 2,ca2,09:35,12:15,A2,8,A2-T809,100,73,QTH01,Quản trị học
P01350,Peak,2026-05-11,Thu 2,ca3,13:00,15:40,A2,7,A2-T712,80,60,ENG01,Tiếng Anh thương mại
P01351,Peak,2026-05-11,Thu 2,ca1,06:45,09:25,B,2,B-T208,80,37,KDQT,Kinh doanh quốc tế
P01352,Peak,2026-05-11,Thu 2,ca3,13:00,15:40,D,2,D-T203,70,58,KTVM2,Kinh tế vĩ mô
P01353,Peak,2026-05-11,Thu 2,ca1,06:45,09:25,A2,3,A2-T312,60,32,TCTT,Tài chính tiền tệ
P01354,Peak,2026-05-11,Thu 2,ca2,09:35,12:15,A2,9,A2-T911,100,71,QTNL,Quản trị nhân lực
P01355,Peak,2026-05-11,Thu 2,ca1,06:45,09:25,A2,3,A2-T307,100,30,TIN01,Tin học đại cương
P01356,Peak,2026-05-11,Thu 2,ca1,06:45,09:25,A2,5,A2-T501,100,79,TTHCM,Tư tưởng Hồ Chí Minh
P01357,Peak,2026-05-11,Thu 2,ca3,13:00,15:40,A2,5,A2-T501,100,76,TTHCM,Tư tưởng Hồ Chí Minh
P01358,Peak,2026-05-11,Thu 2,ca2,09:35,12:15,B,3,B-T302,40,33,QTNL,Quản trị nhân lực
P01359,Peak,2026-05-11,Thu 2,ca1,06:45,09:25,A2,7,A2-T711,60,46,TIN01,Tin học đại cương
P01360,Peak,2026-05-11,Thu 2,ca1,06:45,09:25,D,1,D-T106,50,49,MKT01,Marketing căn bản
P01361,Peak,2026-05-11,Thu 2,ca1,06:45,09:25,D,2,D-T206,70,57,PLDC,Pháp luật đại cương
P01362,Peak,2026-05-11,Thu 2,ca1,06:45,09:25,A2,3,A2-T303,120,60,TMDT,Thương mại điện tử
P01363,Peak,2026-05-11,Thu 2,ca1,06:45,09:25,D,5,D-T506,70,54,QTH01,Quản trị học
P01364,Peak,2026-05-11,Thu 2,ca3,13:00,15:40,A2,6,A2-T610,120,65,LSD01,Lịch sử Đảng Cộng sản Việt Nam
P01365,Peak,2026-05-11,Thu 2,ca1,06:45,09:25,C,3,C-T301,60,31,KTVM,Kinh tế vi mô
P01366,Peak,2026-05-11,Thu 2,ca3,13:00,15:40,A2,10,A2-T1003,80,71,TCC01,Toán cao cấp
P01367,Peak,2026-05-11,Thu 2,ca3,13:00,15:40,C,2,C-T204,40,38,ENG01,Tiếng Anh thương mại
P01368,Peak,2026-05-11,Thu 2,ca2,09:35,12:15,D,4,D-T406,70,61,TCC01,Toán cao cấp
P01369,Peak,2026-05-11,Thu 2,ca4,15:50,18:30,A2,3,A2-T313,100,34,ENG01,Tiếng Anh thương mại
P01370,Peak,2026-05-11,Thu 2,ca3,13:00,15:40,A2,6,A2-T609,120,50,PLDC,Pháp luật đại cương
P01371,Peak,2026-05-11,Thu 2,ca1,06:45,09:25,A2,9,A2-T908,100,51,TCTT,Tài chính tiền tệ
P01372,Peak,2026-05-11,Thu 2,ca2,09:35,12:15,A2,3,A2-T303,120,33,TIN01,Tin học đại cương
P01373,Peak,2026-05-11,Thu 2,ca4,15:50,18:30,C,1,C-T107,80,44,TMLN,Triết học Mác - Lênin
P01374,Peak,2026-05-11,Thu 2,ca4,15:50,18:30,A2,2,A2-T202,80,71,KTTC,Kế toán tài chính
P01375,Peak,2026-05-11,Thu 2,ca2,09:35,12:15,C,3,C-T308,80,55,PLDC,Pháp luật đại cương
P01376,Peak,2026-05-11,Thu 2,ca2,09:35,12:15,C,2,C-T206,40,31,LOG01,Quản trị logistics
P01377,Peak,2026-05-11,Thu 2,ca1,06:45,09:25,A2,7,A2-T709,60,44,TTHCM,Tư tưởng Hồ Chí Minh
P01378,Peak,2026-05-11,Thu 2,ca2,09:35,12:15,C,1,C-T104,40,37,NLKT,Nguyên lý kế toán
P01379,Peak,2026-05-11,Thu 2,ca4,15:50,18:30,C,3,C-T308,80,61,LOG01,Quản trị logistics
P01380,Peak,2026-05-11,Thu 2,ca4,15:50,18:30,A2,1,A2-T103,100,50,MKT01,Marketing căn bản
P01381,Peak,2026-05-11,Thu 2,ca3,13:00,15:40,B,1,B-T107,80,61,KTVM,Kinh tế vi mô
P01382,Peak,2026-05-11,Thu 2,ca2,09:35,12:15,D,5,D-T504,50,33,KTTC,Kế toán tài chính
P01383,Peak,2026-05-11,Thu 2,ca1,06:45,09:25,B,2,B-T202,60,43,KTVM2,Kinh tế vĩ mô
P01384,Peak,2026-05-11,Thu 2,ca2,09:35,12:15,A2,6,A2-T608,80,65,TMLN,Triết học Mác - Lênin
P01385,Peak,2026-05-11,Thu 2,ca2,09:35,12:15,A2,7,A2-T701,80,30,NLKT,Nguyên lý kế toán
P01386,Peak,2026-05-11,Thu 2,ca2,09:35,12:15,A2,5,A2-T513,60,55,LSD01,Lịch sử Đảng Cộng sản Việt Nam
P01387,Peak,2026-05-11,Thu 2,ca2,09:35,12:15,A2,9,A2-T903,80,69,KTL01,Kinh tế lượng
P01388,Peak,2026-05-11,Thu 2,ca2,09:35,12:15,A2,5,A2-T505,80,62,TMLN,Triết học Mác - Lênin
P01389,Peak,2026-05-11,Thu 2,ca1,06:45,09:25,A2,8,A2-T801,60,36,LOG01,Quản trị logistics
P01390,Peak,2026-05-11,Thu 2,ca4,15:50,18:30,A2,5,A2-T511,80,51,TMDT,Thương mại điện tử
P01391,Peak,2026-05-11,Thu 2,ca3,13:00,15:40,A2,1,A2-T102,60,56,KTVM2,Kinh tế vĩ mô
P01392,Peak,2026-05-11,Thu 2,ca3,13:00,15:40,A2,5,A2-T508,120,44,LOG01,Quản trị logistics
P01393,Peak,2026-05-11,Thu 2,ca4,15:50,18:30,A2,6,A2-T613,100,51,TMLN,Triết học Mác - Lênin
P01394,Peak,2026-05-11,Thu 2,ca3,13:00,15:40,D,3,D-T304,50,49,LSD01,Lịch sử Đảng Cộng sản Việt Nam
P01395,Peak,2026-05-11,Thu 2,ca4,15:50,18:30,A2,3,A2-T308,60,45,TMDT,Thương mại điện tử
P01396,Peak,2026-05-11,Thu 2,ca2,09:35,12:15,A2,4,A2-T406,60,52,LOG01,Quản trị logistics
P01397,Peak,2026-05-11,Thu 2,ca2,09:35,12:15,A2,2,A2-T211,100,37,MKT01,Marketing căn bản
P01398,Peak,2026-05-11,Thu 2,ca4,15:50,18:30,D,4,D-T401,50,37,KTVM,Kinh tế vi mô
P01399,Peak,2026-05-11,Thu 2,ca3,13:00,15:40,A2,8,A2-T805,100,51,TMDT,Thương mại điện tử
P01400,Peak,2026-05-11,Thu 2,ca1,06:45,09:25,A2,2,A2-T209,120,70,KTL01,Kinh tế lượng
P01401,Peak,2026-05-11,Thu 2,ca4,15:50,18:30,A2,6,A2-T614,80,65,TIN01,Tin học đại cương
P01402,Peak,2026-05-11,Thu 2,ca4,15:50,18:30,A2,10,A2-T1006,60,41,MKT01,Marketing căn bản
P01403,Peak,2026-05-11,Thu 2,ca2,09:35,12:15,A2,8,A2-T812,120,32,TCC01,Toán cao cấp
P01404,Peak,2026-05-11,Thu 2,ca4,15:50,18:30,A2,8,A2-T806,60,45,QTH01,Quản trị học
P01405,Peak,2026-05-11,Thu 2,ca3,13:00,15:40,B,3,B-T308,80,75,KDQT,Kinh doanh quốc tế
P01406,Peak,2026-05-11,Thu 2,ca2,09:35,12:15,B,3,B-T301,60,33,TCTT,Tài chính tiền tệ
P01407,Peak,2026-05-11,Thu 2,ca1,06:45,09:25,D,2,D-T208,50,49,XSTK,Xác suất thống kê
P01408,Peak,2026-05-11,Thu 2,ca2,09:35,12:15,D,2,D-T201,90,42,MKT01,Marketing căn bản
P01409,Peak,2026-05-11,Thu 2,ca3,13:00,15:40,C,2,C-T201,40,36,XSTK,Xác suất thống kê
P01410,Peak,2026-05-11,Thu 2,ca4,15:50,18:30,D,2,D-T204,70,59,XSTK,Xác suất thống kê
P01411,Peak,2026-05-11,Thu 2,ca3,13:00,15:40,A2,6,A2-T606,80,75,QTNL,Quản trị nhân lực
P01412,Peak,2026-05-11,Thu 2,ca2,09:35,12:15,A2,7,A2-T703,120,36,KDQT,Kinh doanh quốc tế
P01413,Peak,2026-05-11,Thu 2,ca3,13:00,15:40,D,1,D-T101,90,32,TTHCM,Tư tưởng Hồ Chí Minh
P01414,Peak,2026-05-11,Thu 2,ca3,13:00,15:40,A2,1,A2-T104,80,37,LOG01,Quản trị logistics
P01415,Peak,2026-05-11,Thu 2,ca2,09:35,12:15,D,2,D-T206,70,59,TTHCM,Tư tưởng Hồ Chí Minh
P01416,Peak,2026-05-11,Thu 2,ca4,15:50,18:30,C,3,C-T304,40,38,QTH01,Quản trị học
P01417,Peak,2026-05-11,Thu 2,ca4,15:50,18:30,A2,5,A2-T510,100,61,KTVM,Kinh tế vi mô
P01418,Peak,2026-05-11,Thu 2,ca4,15:50,18:30,C,1,C-T102,40,38,KTVM2,Kinh tế vĩ mô
P01419,Peak,2026-05-11,Thu 2,ca2,09:35,12:15,A2,9,A2-T906,80,65,KDQT,Kinh doanh quốc tế
P01420,Peak,2026-05-11,Thu 2,ca1,06:45,09:25,C,3,C-T308,80,67,ENG01,Tiếng Anh thương mại
P01421,Peak,2026-05-11,Thu 2,ca3,13:00,15:40,A2,3,A2-T314,100,62,TCC01,Toán cao cấp
P01422,Peak,2026-05-11,Thu 2,ca4,15:50,18:30,D,3,D-T307,90,74,TTHCM,Tư tưởng Hồ Chí Minh
P01423,Peak,2026-05-11,Thu 2,ca4,15:50,18:30,A2,3,A2-T301,60,35,QTH01,Quản trị học
P01424,Peak,2026-05-11,Thu 2,ca2,09:35,12:15,A2,4,A2-T408,60,33,KTTC,Kế toán tài chính
P01425,Peak,2026-05-11,Thu 2,ca4,15:50,18:30,A2,5,A2-T514,80,72,LSD01,Lịch sử Đảng Cộng sản Việt Nam
P01426,Peak,2026-05-11,Thu 2,ca4,15:50,18:30,A2,9,A2-T908,100,68,QTNL,Quản trị nhân lực
P01427,Peak,2026-05-11,Thu 2,ca1,06:45,09:25,A2,10,A2-T1004,60,46,KTTC,Kế toán tài chính
P01428,Peak,2026-05-11,Thu 2,ca2,09:35,12:15,A2,3,A2-T307,100,56,LSD01,Lịch sử Đảng Cộng sản Việt Nam
P01429,Peak,2026-05-11,Thu 2,ca2,09:35,12:15,A2,10,A2-T1001,100,74,PLDC,Pháp luật đại cương
P01430,Peak,2026-05-11,Thu 2,ca1,06:45,09:25,A2,10,A2-T1009,60,38,KTTC,Kế toán tài chính
P01431,Peak,2026-05-11,Thu 2,ca3,13:00,15:40,D,5,D-T502,70,51,KTL01,Kinh tế lượng
P01432,Peak,2026-05-11,Thu 2,ca1,06:45,09:25,C,1,C-T101,80,58,QTH01,Quản trị học
P01433,Peak,2026-05-11,Thu 2,ca2,09:35,12:15,A2,9,A2-T905,100,38,KDQT,Kinh doanh quốc tế
P01434,Peak,2026-05-11,Thu 2,ca4,15:50,18:30,A2,6,A2-T603,120,68,TIN01,Tin học đại cương
P01435,Peak,2026-05-11,Thu 2,ca4,15:50,18:30,A2,7,A2-T702,100,49,TMLN,Triết học Mác - Lênin
P01436,Peak,2026-05-11,Thu 2,ca2,09:35,12:15,A2,2,A2-T214,100,50,TMLN,Triết học Mác - Lênin
P01437,Peak,2026-05-11,Thu 2,ca2,09:35,12:15,B,2,B-T207,60,50,XSTK,Xác suất thống kê
P01438,Peak,2026-05-11,Thu 2,ca2,09:35,12:15,B,1,B-T106,80,42,XSTK,Xác suất thống kê
P01439,Peak,2026-05-11,Thu 2,ca4,15:50,18:30,D,5,D-T507,90,69,KTL01,Kinh tế lượng
P01440,Peak,2026-05-11,Thu 2,ca2,09:35,12:15,A2,1,A2-T103,100,73,TMDT,Thương mại điện tử
P01441,Peak,2026-05-11,Thu 2,ca2,09:35,12:15,D,2,D-T208,50,34,TCC01,Toán cao cấp
P01442,Peak,2026-05-11,Thu 2,ca1,06:45,09:25,A2,6,A2-T605,60,46,TMLN,Triết học Mác - Lênin
P01443,Peak,2026-05-11,Thu 2,ca3,13:00,15:40,D,1,D-T104,70,70,QTNL,Quản trị nhân lực
P01444,Peak,2026-05-11,Thu 2,ca3,13:00,15:40,A2,4,A2-T406,60,52,MKT01,Marketing căn bản
P01445,Peak,2026-05-11,Thu 2,ca4,15:50,18:30,A2,10,A2-T1001,100,78,TMDT,Thương mại điện tử
P01446,Peak,2026-05-11,Thu 2,ca3,13:00,15:40,D,2,D-T206,70,65,ENG01,Tiếng Anh thương mại
P01447,Peak,2026-05-11,Thu 2,ca3,13:00,15:40,A2,8,A2-T804,120,67,TTHCM,Tư tưởng Hồ Chí Minh
P01448,Peak,2026-05-11,Thu 2,ca2,09:35,12:15,A2,1,A2-T110,60,60,KDQT,Kinh doanh quốc tế
P01449,Peak,2026-05-11,Thu 2,ca1,06:45,09:25,A2,4,A2-T404,80,73,TMLN,Triết học Mác - Lênin
P01450,Peak,2026-05-11,Thu 2,ca4,15:50,18:30,A2,8,A2-T809,100,48,KDQT,Kinh doanh quốc tế
P01451,Peak,2026-05-11,Thu 2,ca4,15:50,18:30,A2,4,A2-T403,60,55,KTVM,Kinh tế vi mô
P01452,Peak,2026-05-11,Thu 2,ca3,13:00,15:40,A2,1,A2-T110,60,46,MKT01,Marketing căn bản
P01453,Peak,2026-05-11,Thu 2,ca1,06:45,09:25,C,3,C-T306,40,30,KTTC,Kế toán tài chính
P01454,Peak,2026-05-11,Thu 2,ca1,06:45,09:25,D,1,D-T102,70,39,KTVM2,Kinh tế vĩ mô
P01455,Peak,2026-05-11,Thu 2,ca4,15:50,18:30,A2,10,A2-T1011,80,72,KTVM2,Kinh tế vĩ mô
P01456,Peak,2026-05-11,Thu 2,ca2,09:35,12:15,A2,5,A2-T504,60,36,TCTT,Tài chính tiền tệ
P01457,Peak,2026-05-11,Thu 2,ca1,06:45,09:25,D,5,D-T503,70,40,KTL01,Kinh tế lượng
P01458,Peak,2026-05-11,Thu 2,ca4,15:50,18:30,C,1,C-T103,80,73,TCTT,Tài chính tiền tệ
P01459,Peak,2026-05-11,Thu 2,ca4,15:50,18:30,A2,2,A2-T209,120,39,KTVM2,Kinh tế vĩ mô
W01460,WorstCase,2026-11-16,Thu 2,ca1,06:45,09:25,C,3,C-T301,60,43,LSD01,Lịch sử Đảng Cộng sản Việt Nam
W01461,WorstCase,2026-11-16,Thu 2,ca4,15:50,18:30,A2,3,A2-T301,60,48,KTTC,Kế toán tài chính
W01462,WorstCase,2026-11-16,Thu 2,ca4,15:50,18:30,A2,5,A2-T509,120,34,NLKT,Nguyên lý kế toán
W01463,WorstCase,2026-11-16,Thu 2,ca4,15:50,18:30,A2,8,A2-T809,100,40,QTNL,Quản trị nhân lực
W01464,WorstCase,2026-11-16,Thu 2,ca1,06:45,09:25,B,2,B-T202,60,37,QTNL,Quản trị nhân lực
W01465,WorstCase,2026-11-16,Thu 2,ca4,15:50,18:30,A2,5,A2-T514,80,50,KTL01,Kinh tế lượng
W01466,WorstCase,2026-11-16,Thu 2,ca2,09:35,12:15,D,4,D-T403,50,38,LSD01,Lịch sử Đảng Cộng sản Việt Nam
W01467,WorstCase,2026-11-16,Thu 2,ca1,06:45,09:25,A2,10,A2-T1010,80,71,KTTC,Kế toán tài chính
W01468,WorstCase,2026-11-16,Thu 2,ca3,13:00,15:40,D,3,D-T306,70,47,LOG01,Quản trị logistics
W01469,WorstCase,2026-11-16,Thu 2,ca4,15:50,18:30,B,2,B-T201,80,79,TMDT,Thương mại điện tử
W01470,WorstCase,2026-11-16,Thu 2,ca3,13:00,15:40,A2,4,A2-T406,60,53,TTHCM,Tư tưởng Hồ Chí Minh
W01471,WorstCase,2026-11-16,Thu 2,ca3,13:00,15:40,B,3,B-T306,60,46,LOG01,Quản trị logistics
W01472,WorstCase,2026-11-16,Thu 2,ca4,15:50,18:30,A2,10,A2-T1008,120,56,TCC01,Toán cao cấp
W01473,WorstCase,2026-11-16,Thu 2,ca3,13:00,15:40,A2,1,A2-T104,80,41,KTVM,Kinh tế vi mô
W01474,WorstCase,2026-11-16,Thu 2,ca1,06:45,09:25,A2,3,A2-T307,100,38,PLDC,Pháp luật đại cương
W01475,WorstCase,2026-11-16,Thu 2,ca1,06:45,09:25,A2,8,A2-T813,80,72,TCTT,Tài chính tiền tệ
W01476,WorstCase,2026-11-16,Thu 2,ca4,15:50,18:30,A2,8,A2-T812,120,77,NLKT,Nguyên lý kế toán
W01477,WorstCase,2026-11-16,Thu 2,ca2,09:35,12:15,A2,8,A2-T812,120,43,TCC01,Toán cao cấp
W01478,WorstCase,2026-11-16,Thu 2,ca3,13:00,15:40,B,1,B-T108,40,36,MKT01,Marketing căn bản
W01479,WorstCase,2026-11-16,Thu 2,ca2,09:35,12:15,A2,3,A2-T314,100,36,NLKT,Nguyên lý kế toán
W01480,WorstCase,2026-11-16,Thu 2,ca1,06:45,09:25,A2,9,A2-T911,100,60,TMLN,Triết học Mác - Lênin
W01481,WorstCase,2026-11-16,Thu 2,ca4,15:50,18:30,A2,3,A2-T310,60,31,KTVM,Kinh tế vi mô
W01482,WorstCase,2026-11-16,Thu 2,ca1,06:45,09:25,A2,9,A2-T906,80,79,KTTC,Kế toán tài chính
W01483,WorstCase,2026-11-16,Thu 2,ca2,09:35,12:15,C,3,C-T307,80,63,NLKT,Nguyên lý kế toán
W01484,WorstCase,2026-11-16,Thu 2,ca2,09:35,12:15,C,1,C-T105,40,31,TCTT,Tài chính tiền tệ
W01485,WorstCase,2026-11-16,Thu 2,ca3,13:00,15:40,A2,10,A2-T1004,60,49,QTH01,Quản trị học
W01486,WorstCase,2026-11-16,Thu 2,ca4,15:50,18:30,A2,2,A2-T201,60,32,KTTC,Kế toán tài chính
W01487,WorstCase,2026-11-16,Thu 2,ca3,13:00,15:40,D,4,D-T406,70,49,PLDC,Pháp luật đại cương
W01488,WorstCase,2026-11-16,Thu 2,ca2,09:35,12:15,B,3,B-T308,80,45,KTL01,Kinh tế lượng
W01489,WorstCase,2026-11-16,Thu 2,ca4,15:50,18:30,C,1,C-T101,80,58,QTH01,Quản trị học
W01490,WorstCase,2026-11-16,Thu 2,ca3,13:00,15:40,A2,4,A2-T405,100,38,TIN01,Tin học đại cương
W01491,WorstCase,2026-11-16,Thu 2,ca3,13:00,15:40,B,2,B-T204,80,40,KTVM,Kinh tế vi mô
W01492,WorstCase,2026-11-16,Thu 2,ca4,15:50,18:30,B,2,B-T208,80,32,TMDT,Thương mại điện tử
W01493,WorstCase,2026-11-16,Thu 2,ca2,09:35,12:15,C,2,C-T208,40,35,ENG01,Tiếng Anh thương mại
W01494,WorstCase,2026-11-16,Thu 2,ca2,09:35,12:15,A2,1,A2-T106,80,59,TMLN,Triết học Mác - Lênin
W01495,WorstCase,2026-11-16,Thu 2,ca2,09:35,12:15,A2,9,A2-T901,60,59,TCTT,Tài chính tiền tệ
W01496,WorstCase,2026-11-16,Thu 2,ca2,09:35,12:15,A2,7,A2-T705,100,65,LOG01,Quản trị logistics
W01497,WorstCase,2026-11-16,Thu 2,ca2,09:35,12:15,B,2,B-T206,60,34,TMLN,Triết học Mác - Lênin
W01498,WorstCase,2026-11-16,Thu 2,ca4,15:50,18:30,A2,7,A2-T710,60,35,TTHCM,Tư tưởng Hồ Chí Minh
W01499,WorstCase,2026-11-16,Thu 2,ca4,15:50,18:30,D,4,D-T406,70,68,LOG01,Quản trị logistics
W01500,WorstCase,2026-11-16,Thu 2,ca4,15:50,18:30,B,1,B-T108,40,40,TTHCM,Tư tưởng Hồ Chí Minh
W01501,WorstCase,2026-11-16,Thu 2,ca3,13:00,15:40,C,1,C-T104,40,36,TIN01,Tin học đại cương
W01502,WorstCase,2026-11-16,Thu 2,ca3,13:00,15:40,B,1,B-T103,60,50,TMLN,Triết học Mác - Lênin
W01503,WorstCase,2026-11-16,Thu 2,ca4,15:50,18:30,D,4,D-T404,50,39,TMDT,Thương mại điện tử
W01504,WorstCase,2026-11-16,Thu 2,ca2,09:35,12:15,A2,9,A2-T906,80,60,TMLN,Triết học Mác - Lênin
W01505,WorstCase,2026-11-16,Thu 2,ca1,06:45,09:25,A2,1,A2-T110,60,37,NLKT,Nguyên lý kế toán
W01506,WorstCase,2026-11-16,Thu 2,ca3,13:00,15:40,A2,8,A2-T801,60,44,KTL01,Kinh tế lượng
W01507,WorstCase,2026-11-16,Thu 2,ca3,13:00,15:40,A2,5,A2-T504,60,41,KDQT,Kinh doanh quốc tế
W01508,WorstCase,2026-11-16,Thu 2,ca2,09:35,12:15,B,1,B-T106,80,46,QTH01,Quản trị học
W01509,WorstCase,2026-11-16,Thu 2,ca2,09:35,12:15,A2,4,A2-T412,100,49,KTVM,Kinh tế vi mô
W01510,WorstCase,2026-11-16,Thu 2,ca2,09:35,12:15,A2,8,A2-T813,80,30,TIN01,Tin học đại cương
W01511,WorstCase,2026-11-16,Thu 2,ca3,13:00,15:40,A2,3,A2-T301,60,56,QTH01,Quản trị học
W01512,WorstCase,2026-11-16,Thu 2,ca2,09:35,12:15,C,3,C-T305,80,52,KTL01,Kinh tế lượng
W01513,WorstCase,2026-11-16,Thu 2,ca1,06:45,09:25,A2,9,A2-T905,100,60,TMLN,Triết học Mác - Lênin
W01514,WorstCase,2026-11-16,Thu 2,ca2,09:35,12:15,C,3,C-T303,60,30,ENG01,Tiếng Anh thương mại
W01515,WorstCase,2026-11-16,Thu 2,ca1,06:45,09:25,D,3,D-T302,90,78,ENG01,Tiếng Anh thương mại
W01516,WorstCase,2026-11-16,Thu 2,ca2,09:35,12:15,C,1,C-T104,40,34,KTVM,Kinh tế vi mô
W01517,WorstCase,2026-11-16,Thu 2,ca4,15:50,18:30,C,2,C-T206,40,36,KTL01,Kinh tế lượng
W01518,WorstCase,2026-11-16,Thu 2,ca2,09:35,12:15,A2,2,A2-T207,60,49,PLDC,Pháp luật đại cương
W01519,WorstCase,2026-11-16,Thu 2,ca3,13:00,15:40,A2,9,A2-T904,60,55,KTVM,Kinh tế vi mô
W01520,WorstCase,2026-11-16,Thu 2,ca4,15:50,18:30,A2,10,A2-T1006,60,47,TMDT,Thương mại điện tử
W01521,WorstCase,2026-11-16,Thu 2,ca4,15:50,18:30,D,1,D-T107,50,36,KDQT,Kinh doanh quốc tế
W01522,WorstCase,2026-11-16,Thu 2,ca4,15:50,18:30,A2,3,A2-T312,60,58,TMLN,Triết học Mác - Lênin
W01523,WorstCase,2026-11-16,Thu 2,ca4,15:50,18:30,A2,3,A2-T314,100,57,KTTC,Kế toán tài chính
W01524,WorstCase,2026-11-16,Thu 2,ca2,09:35,12:15,B,2,B-T203,60,37,TCC01,Toán cao cấp
W01525,WorstCase,2026-11-16,Thu 2,ca3,13:00,15:40,D,4,D-T402,50,50,KTTC,Kế toán tài chính
W01526,WorstCase,2026-11-16,Thu 2,ca1,06:45,09:25,B,3,B-T301,60,56,KTTC,Kế toán tài chính
W01527,WorstCase,2026-11-16,Thu 2,ca2,09:35,12:15,B,2,B-T205,80,44,TCTT,Tài chính tiền tệ
W01528,WorstCase,2026-11-16,Thu 2,ca2,09:35,12:15,A2,8,A2-T808,100,35,KDQT,Kinh doanh quốc tế
W01529,WorstCase,2026-11-16,Thu 2,ca2,09:35,12:15,D,3,D-T302,90,70,PLDC,Pháp luật đại cương
W01530,WorstCase,2026-11-16,Thu 2,ca3,13:00,15:40,D,4,D-T401,50,46,LSD01,Lịch sử Đảng Cộng sản Việt Nam
W01531,WorstCase,2026-11-16,Thu 2,ca4,15:50,18:30,A2,7,A2-T705,100,74,TCTT,Tài chính tiền tệ
W01532,WorstCase,2026-11-16,Thu 2,ca1,06:45,09:25,A2,1,A2-T105,80,48,TMLN,Triết học Mác - Lênin
W01533,WorstCase,2026-11-16,Thu 2,ca4,15:50,18:30,A2,5,A2-T507,80,47,KDQT,Kinh doanh quốc tế
W01534,WorstCase,2026-11-16,Thu 2,ca3,13:00,15:40,A2,9,A2-T912,120,42,NLKT,Nguyên lý kế toán
W01535,WorstCase,2026-11-16,Thu 2,ca4,15:50,18:30,A2,8,A2-T804,120,41,QTH01,Quản trị học
W01536,WorstCase,2026-11-16,Thu 2,ca2,09:35,12:15,C,3,C-T304,40,34,MKT01,Marketing căn bản
W01537,WorstCase,2026-11-16,Thu 2,ca1,06:45,09:25,C,2,C-T206,40,40,LOG01,Quản trị logistics
W01538,WorstCase,2026-11-16,Thu 2,ca4,15:50,18:30,D,4,D-T401,50,49,LOG01,Quản trị logistics
W01539,WorstCase,2026-11-16,Thu 2,ca3,13:00,15:40,D,1,D-T101,90,47,LSD01,Lịch sử Đảng Cộng sản Việt Nam
W01540,WorstCase,2026-11-16,Thu 2,ca2,09:35,12:15,A2,1,A2-T114,80,61,XSTK,Xác suất thống kê
W01541,WorstCase,2026-11-16,Thu 2,ca2,09:35,12:15,A2,10,A2-T1006,60,40,KTVM,Kinh tế vi mô
W01542,WorstCase,2026-11-16,Thu 2,ca4,15:50,18:30,A2,10,A2-T1007,60,34,KTVM2,Kinh tế vĩ mô
W01543,WorstCase,2026-11-16,Thu 2,ca1,06:45,09:25,A2,3,A2-T310,60,47,KTVM,Kinh tế vi mô
W01544,WorstCase,2026-11-16,Thu 2,ca2,09:35,12:15,A2,9,A2-T909,80,41,MKT01,Marketing căn bản
W01545,WorstCase,2026-11-16,Thu 2,ca2,09:35,12:15,B,1,B-T105,80,48,TCTT,Tài chính tiền tệ
W01546,WorstCase,2026-11-16,Thu 2,ca3,13:00,15:40,C,3,C-T303,60,34,LOG01,Quản trị logistics
W01547,WorstCase,2026-11-16,Thu 2,ca3,13:00,15:40,A2,8,A2-T805,100,76,KTVM,Kinh tế vi mô
W01548,WorstCase,2026-11-16,Thu 2,ca3,13:00,15:40,A2,3,A2-T311,120,44,NLKT,Nguyên lý kế toán
W01549,WorstCase,2026-11-16,Thu 2,ca3,13:00,15:40,A2,1,A2-T109,120,39,KTVM,Kinh tế vi mô
W01550,WorstCase,2026-11-16,Thu 2,ca1,06:45,09:25,A2,4,A2-T409,120,61,XSTK,Xác suất thống kê
W01551,WorstCase,2026-11-16,Thu 2,ca2,09:35,12:15,D,2,D-T203,70,51,KDQT,Kinh doanh quốc tế
W01552,WorstCase,2026-11-16,Thu 2,ca3,13:00,15:40,B,3,B-T308,80,49,ENG01,Tiếng Anh thương mại
W01553,WorstCase,2026-11-16,Thu 2,ca3,13:00,15:40,A2,4,A2-T401,80,53,LOG01,Quản trị logistics
W01554,WorstCase,2026-11-16,Thu 2,ca2,09:35,12:15,D,5,D-T507,90,74,KTVM2,Kinh tế vĩ mô
W01555,WorstCase,2026-11-16,Thu 2,ca1,06:45,09:25,D,5,D-T505,50,40,NLKT,Nguyên lý kế toán
W01556,WorstCase,2026-11-16,Thu 2,ca1,06:45,09:25,A2,7,A2-T714,120,78,QTH01,Quản trị học
W01557,WorstCase,2026-11-16,Thu 2,ca1,06:45,09:25,D,2,D-T206,70,33,TCTT,Tài chính tiền tệ
W01558,WorstCase,2026-11-16,Thu 2,ca1,06:45,09:25,A2,1,A2-T104,80,79,KTTC,Kế toán tài chính
W01559,WorstCase,2026-11-16,Thu 2,ca1,06:45,09:25,B,2,B-T206,60,32,TMLN,Triết học Mác - Lênin
W01560,WorstCase,2026-11-16,Thu 2,ca1,06:45,09:25,A2,9,A2-T914,60,45,TCC01,Toán cao cấp
W01561,WorstCase,2026-11-16,Thu 2,ca1,06:45,09:25,A2,7,A2-T707,80,42,TCTT,Tài chính tiền tệ
W01562,WorstCase,2026-11-16,Thu 2,ca1,06:45,09:25,A2,7,A2-T708,120,54,KTVM,Kinh tế vi mô
W01563,WorstCase,2026-11-16,Thu 2,ca3,13:00,15:40,A2,9,A2-T909,80,37,PLDC,Pháp luật đại cương
W01564,WorstCase,2026-11-16,Thu 2,ca3,13:00,15:40,A2,3,A2-T314,100,54,LOG01,Quản trị logistics
W01565,WorstCase,2026-11-16,Thu 2,ca4,15:50,18:30,A2,5,A2-T502,80,45,KTVM2,Kinh tế vĩ mô
W01566,WorstCase,2026-11-16,Thu 2,ca4,15:50,18:30,A2,7,A2-T711,60,36,LOG01,Quản trị logistics
W01567,WorstCase,2026-11-16,Thu 2,ca4,15:50,18:30,B,1,B-T106,80,77,MKT01,Marketing căn bản
W01568,WorstCase,2026-11-16,Thu 2,ca1,06:45,09:25,A2,6,A2-T612,80,63,XSTK,Xác suất thống kê
W01569,WorstCase,2026-11-16,Thu 2,ca2,09:35,12:15,A2,8,A2-T805,100,60,KTTC,Kế toán tài chính
W01570,WorstCase,2026-11-16,Thu 2,ca4,15:50,18:30,A2,1,A2-T104,80,73,KTL01,Kinh tế lượng
W01571,WorstCase,2026-11-16,Thu 2,ca4,15:50,18:30,D,3,D-T307,90,50,TCC01,Toán cao cấp
W01572,WorstCase,2026-11-16,Thu 2,ca1,06:45,09:25,A2,8,A2-T806,60,50,KTVM2,Kinh tế vĩ mô
W01573,WorstCase,2026-11-16,Thu 2,ca4,15:50,18:30,A2,7,A2-T702,100,77,TMLN,Triết học Mác - Lênin
W01574,WorstCase,2026-11-16,Thu 2,ca1,06:45,09:25,A2,4,A2-T401,80,63,MKT01,Marketing căn bản
W01575,WorstCase,2026-11-16,Thu 2,ca2,09:35,12:15,A2,8,A2-T811,100,46,ENG01,Tiếng Anh thương mại
W01576,WorstCase,2026-11-16,Thu 2,ca4,15:50,18:30,A2,7,A2-T706,80,70,KTL01,Kinh tế lượng
W01577,WorstCase,2026-11-16,Thu 2,ca4,15:50,18:30,A2,10,A2-T1003,80,42,TMDT,Thương mại điện tử
W01578,WorstCase,2026-11-16,Thu 2,ca1,06:45,09:25,A2,4,A2-T410,100,33,XSTK,Xác suất thống kê
W01579,WorstCase,2026-11-16,Thu 2,ca3,13:00,15:40,C,2,C-T201,40,31,PLDC,Pháp luật đại cương
W01580,WorstCase,2026-11-16,Thu 2,ca1,06:45,09:25,D,2,D-T205,70,70,KDQT,Kinh doanh quốc tế
W01581,WorstCase,2026-11-16,Thu 2,ca1,06:45,09:25,A2,3,A2-T303,120,50,KTVM,Kinh tế vi mô
W01582,WorstCase,2026-11-16,Thu 2,ca2,09:35,12:15,A2,3,A2-T311,120,40,TCTT,Tài chính tiền tệ
W01583,WorstCase,2026-11-16,Thu 2,ca2,09:35,12:15,A2,6,A2-T614,80,67,MKT01,Marketing căn bản
W01584,WorstCase,2026-11-16,Thu 2,ca2,09:35,12:15,D,4,D-T407,50,42,PLDC,Pháp luật đại cương
W01585,WorstCase,2026-11-16,Thu 2,ca2,09:35,12:15,B,3,B-T302,40,30,KTVM2,Kinh tế vĩ mô
W01586,WorstCase,2026-11-16,Thu 2,ca3,13:00,15:40,C,2,C-T202,40,39,ENG01,Tiếng Anh thương mại
W01587,WorstCase,2026-11-16,Thu 2,ca2,09:35,12:15,A2,6,A2-T610,120,74,LSD01,Lịch sử Đảng Cộng sản Việt Nam
W01588,WorstCase,2026-11-16,Thu 2,ca3,13:00,15:40,A2,10,A2-T1010,80,39,TMDT,Thương mại điện tử
W01589,WorstCase,2026-11-16,Thu 2,ca3,13:00,15:40,A2,5,A2-T507,80,79,NLKT,Nguyên lý kế toán
W01590,WorstCase,2026-11-16,Thu 2,ca1,06:45,09:25,A2,9,A2-T913,60,37,TCC01,Toán cao cấp
W01591,WorstCase,2026-11-16,Thu 2,ca2,09:35,12:15,A2,7,A2-T707,80,61,NLKT,Nguyên lý kế toán
W01592,WorstCase,2026-11-16,Thu 2,ca1,06:45,09:25,D,3,D-T303,90,73,LSD01,Lịch sử Đảng Cộng sản Việt Nam
W01593,WorstCase,2026-11-16,Thu 2,ca2,09:35,12:15,A2,3,A2-T304,60,40,KTVM2,Kinh tế vĩ mô
W01594,WorstCase,2026-11-16,Thu 2,ca1,06:45,09:25,A2,8,A2-T811,100,33,TMDT,Thương mại điện tử
W01595,WorstCase,2026-11-16,Thu 2,ca3,13:00,15:40,A2,3,A2-T308,60,50,QTH01,Quản trị học
W01596,WorstCase,2026-11-16,Thu 2,ca2,09:35,12:15,D,1,D-T108,50,47,MKT01,Marketing căn bản
W01597,WorstCase,2026-11-16,Thu 2,ca1,06:45,09:25,D,1,D-T108,50,34,ENG01,Tiếng Anh thương mại
W01598,WorstCase,2026-11-16,Thu 2,ca3,13:00,15:40,A2,6,A2-T610,120,44,QTNL,Quản trị nhân lực
W01599,WorstCase,2026-11-16,Thu 2,ca4,15:50,18:30,D,2,D-T203,70,65,TMDT,Thương mại điện tử
W01600,WorstCase,2026-11-16,Thu 2,ca3,13:00,15:40,A2,3,A2-T307,100,58,XSTK,Xác suất thống kê
W01601,WorstCase,2026-11-16,Thu 2,ca1,06:45,09:25,B,2,B-T204,80,31,KTTC,Kế toán tài chính
W01602,WorstCase,2026-11-16,Thu 2,ca3,13:00,15:40,D,1,D-T107,50,41,QTH01,Quản trị học
W01603,WorstCase,2026-11-16,Thu 2,ca1,06:45,09:25,A2,9,A2-T902,100,46,KTVM2,Kinh tế vĩ mô
W01604,WorstCase,2026-11-16,Thu 2,ca3,13:00,15:40,A2,1,A2-T108,60,45,LOG01,Quản trị logistics
W01605,WorstCase,2026-11-16,Thu 2,ca3,13:00,15:40,A2,7,A2-T706,80,65,KTL01,Kinh tế lượng
W01606,WorstCase,2026-11-16,Thu 2,ca1,06:45,09:25,A2,9,A2-T912,120,64,ENG01,Tiếng Anh thương mại
W01607,WorstCase,2026-11-16,Thu 2,ca4,15:50,18:30,A2,6,A2-T609,120,42,TTHCM,Tư tưởng Hồ Chí Minh
W01608,WorstCase,2026-11-16,Thu 2,ca1,06:45,09:25,B,2,B-T203,60,35,TMLN,Triết học Mác - Lênin
W01609,WorstCase,2026-11-16,Thu 2,ca4,15:50,18:30,A2,5,A2-T501,100,52,QTNL,Quản trị nhân lực
W01610,WorstCase,2026-11-16,Thu 2,ca3,13:00,15:40,C,1,C-T106,40,37,TCTT,Tài chính tiền tệ
W01611,WorstCase,2026-11-16,Thu 2,ca4,15:50,18:30,D,3,D-T301,90,68,TMLN,Triết học Mác - Lênin
W01612,WorstCase,2026-11-16,Thu 2,ca2,09:35,12:15,C,2,C-T207,80,40,NLKT,Nguyên lý kế toán
W01613,WorstCase,2026-11-16,Thu 2,ca2,09:35,12:15,A2,2,A2-T202,80,63,QTH01,Quản trị học
W01614,WorstCase,2026-11-16,Thu 2,ca1,06:45,09:25,A2,6,A2-T607,100,58,KTL01,Kinh tế lượng
W01615,WorstCase,2026-11-16,Thu 2,ca4,15:50,18:30,A2,6,A2-T608,80,46,TMLN,Triết học Mác - Lênin
W01616,WorstCase,2026-11-16,Thu 2,ca4,15:50,18:30,A2,3,A2-T304,60,41,LOG01,Quản trị logistics
W01617,WorstCase,2026-11-16,Thu 2,ca1,06:45,09:25,D,5,D-T501,50,30,TIN01,Tin học đại cương
W01618,WorstCase,2026-11-16,Thu 2,ca3,13:00,15:40,A2,6,A2-T603,120,54,TCC01,Toán cao cấp
W01619,WorstCase,2026-11-16,Thu 2,ca1,06:45,09:25,A2,10,A2-T1007,60,58,KTVM,Kinh tế vi mô
W01620,WorstCase,2026-11-16,Thu 2,ca1,06:45,09:25,A2,5,A2-T512,100,69,TMDT,Thương mại điện tử
W01621,WorstCase,2026-11-16,Thu 2,ca3,13:00,15:40,B,3,B-T307,40,39,PLDC,Pháp luật đại cương
W01622,WorstCase,2026-11-16,Thu 2,ca3,13:00,15:40,A2,4,A2-T410,100,50,NLKT,Nguyên lý kế toán
W01623,WorstCase,2026-11-16,Thu 2,ca3,13:00,15:40,D,3,D-T308,70,64,KTTC,Kế toán tài chính
W01624,WorstCase,2026-11-16,Thu 2,ca1,06:45,09:25,C,2,C-T203,40,33,TIN01,Tin học đại cương
W01625,WorstCase,2026-11-16,Thu 2,ca1,06:45,09:25,D,4,D-T403,50,45,TMLN,Triết học Mác - Lênin
W01626,WorstCase,2026-11-16,Thu 2,ca4,15:50,18:30,A2,5,A2-T508,120,39,LSD01,Lịch sử Đảng Cộng sản Việt Nam
W01627,WorstCase,2026-11-16,Thu 2,ca2,09:35,12:15,D,3,D-T307,90,48,QTNL,Quản trị nhân lực
W01628,WorstCase,2026-11-16,Thu 2,ca1,06:45,09:25,A2,5,A2-T504,60,43,QTNL,Quản trị nhân lực
W01629,WorstCase,2026-11-16,Thu 2,ca2,09:35,12:15,A2,5,A2-T513,60,33,MKT01,Marketing căn bản
W01630,WorstCase,2026-11-16,Thu 2,ca2,09:35,12:15,D,4,D-T402,50,46,NLKT,Nguyên lý kế toán
W01631,WorstCase,2026-11-16,Thu 2,ca4,15:50,18:30,A2,8,A2-T808,100,32,QTH01,Quản trị học
W01632,WorstCase,2026-11-16,Thu 2,ca4,15:50,18:30,A2,2,A2-T202,80,41,KTVM2,Kinh tế vĩ mô
W01633,WorstCase,2026-11-16,Thu 2,ca3,13:00,15:40,A2,8,A2-T803,120,42,MKT01,Marketing căn bản
W01634,WorstCase,2026-11-16,Thu 2,ca4,15:50,18:30,B,2,B-T206,60,45,XSTK,Xác suất thống kê
W01635,WorstCase,2026-11-16,Thu 2,ca3,13:00,15:40,A2,10,A2-T1001,100,36,KTVM2,Kinh tế vĩ mô
W01636,WorstCase,2026-11-16,Thu 2,ca4,15:50,18:30,B,2,B-T207,60,48,KTTC,Kế toán tài chính
W01637,WorstCase,2026-11-16,Thu 2,ca2,09:35,12:15,B,2,B-T202,60,51,ENG01,Tiếng Anh thương mại
W01638,WorstCase,2026-11-16,Thu 2,ca2,09:35,12:15,A2,7,A2-T712,80,63,LSD01,Lịch sử Đảng Cộng sản Việt Nam
W01639,WorstCase,2026-11-16,Thu 2,ca1,06:45,09:25,A2,10,A2-T1003,80,74,TTHCM,Tư tưởng Hồ Chí Minh
W01640,WorstCase,2026-11-16,Thu 2,ca2,09:35,12:15,B,1,B-T108,40,34,KTVM2,Kinh tế vĩ mô
W01641,WorstCase,2026-11-16,Thu 2,ca4,15:50,18:30,A2,7,A2-T707,80,53,PLDC,Pháp luật đại cương
W01642,WorstCase,2026-11-16,Thu 2,ca3,13:00,15:40,D,1,D-T106,50,49,NLKT,Nguyên lý kế toán
W01643,WorstCase,2026-11-16,Thu 2,ca1,06:45,09:25,A2,2,A2-T201,60,30,XSTK,Xác suất thống kê
W01644,WorstCase,2026-11-16,Thu 2,ca3,13:00,15:40,A2,3,A2-T313,100,71,ENG01,Tiếng Anh thương mại
W01645,WorstCase,2026-11-16,Thu 2,ca2,09:35,12:15,A2,2,A2-T211,100,35,LOG01,Quản trị logistics
W01646,WorstCase,2026-11-16,Thu 2,ca3,13:00,15:40,A2,5,A2-T505,80,70,KTVM2,Kinh tế vĩ mô
W01647,WorstCase,2026-11-16,Thu 2,ca2,09:35,12:15,A2,4,A2-T414,100,53,TMLN,Triết học Mác - Lênin
W01648,WorstCase,2026-11-16,Thu 2,ca3,13:00,15:40,C,2,C-T205,60,53,KDQT,Kinh doanh quốc tế
W01649,WorstCase,2026-11-16,Thu 2,ca3,13:00,15:40,A2,5,A2-T508,120,53,KTVM2,Kinh tế vĩ mô
W01650,WorstCase,2026-11-16,Thu 2,ca3,13:00,15:40,C,3,C-T305,80,69,TCTT,Tài chính tiền tệ
W01651,WorstCase,2026-11-16,Thu 2,ca1,06:45,09:25,A2,5,A2-T507,80,63,KTVM2,Kinh tế vĩ mô
W01652,WorstCase,2026-11-16,Thu 2,ca3,13:00,15:40,A2,4,A2-T407,80,76,NLKT,Nguyên lý kế toán
W01653,WorstCase,2026-11-16,Thu 2,ca3,13:00,15:40,A2,4,A2-T402,60,56,KTL01,Kinh tế lượng
W01654,WorstCase,2026-11-16,Thu 2,ca2,09:35,12:15,A2,9,A2-T903,80,34,XSTK,Xác suất thống kê
W01655,WorstCase,2026-11-16,Thu 2,ca2,09:35,12:15,D,4,D-T405,90,63,MKT01,Marketing căn bản
W01656,WorstCase,2026-11-16,Thu 2,ca3,13:00,15:40,D,5,D-T502,70,36,PLDC,Pháp luật đại cương
W01657,WorstCase,2026-11-16,Thu 2,ca3,13:00,15:40,A2,2,A2-T202,80,64,KTTC,Kế toán tài chính
W01658,WorstCase,2026-11-16,Thu 2,ca1,06:45,09:25,B,3,B-T308,80,42,XSTK,Xác suất thống kê
W01659,WorstCase,2026-11-16,Thu 2,ca4,15:50,18:30,A2,3,A2-T303,120,63,PLDC,Pháp luật đại cương
W01660,WorstCase,2026-11-16,Thu 2,ca3,13:00,15:40,C,1,C-T101,80,66,TCC01,Toán cao cấp
W01661,WorstCase,2026-11-16,Thu 2,ca3,13:00,15:40,D,4,D-T403,50,47,TMLN,Triết học Mác - Lênin
W01662,WorstCase,2026-11-16,Thu 2,ca3,13:00,15:40,B,2,B-T208,80,56,MKT01,Marketing căn bản
W01663,WorstCase,2026-11-16,Thu 2,ca3,13:00,15:40,D,3,D-T307,90,79,TTHCM,Tư tưởng Hồ Chí Minh
W01664,WorstCase,2026-11-16,Thu 2,ca3,13:00,15:40,A2,10,A2-T1008,120,52,LOG01,Quản trị logistics
W01665,WorstCase,2026-11-16,Thu 2,ca1,06:45,09:25,D,2,D-T201,90,74,KDQT,Kinh doanh quốc tế
W01666,WorstCase,2026-11-16,Thu 2,ca4,15:50,18:30,A2,8,A2-T805,100,36,TCC01,Toán cao cấp
W01667,WorstCase,2026-11-16,Thu 2,ca2,09:35,12:15,A2,10,A2-T1014,100,80,TCC01,Toán cao cấp
W01668,WorstCase,2026-11-16,Thu 2,ca4,15:50,18:30,D,3,D-T308,70,65,KTTC,Kế toán tài chính
W01669,WorstCase,2026-11-16,Thu 2,ca1,06:45,09:25,A2,7,A2-T704,120,62,QTNL,Quản trị nhân lực
W01670,WorstCase,2026-11-16,Thu 2,ca3,13:00,15:40,D,4,D-T408,70,40,TMLN,Triết học Mác - Lênin
W01671,WorstCase,2026-11-16,Thu 2,ca4,15:50,18:30,A2,5,A2-T513,60,49,LOG01,Quản trị logistics
W01672,WorstCase,2026-11-16,Thu 2,ca1,06:45,09:25,A2,8,A2-T810,60,59,TMDT,Thương mại điện tử
W01673,WorstCase,2026-11-16,Thu 2,ca3,13:00,15:40,A2,9,A2-T901,60,58,QTNL,Quản trị nhân lực
W01674,WorstCase,2026-11-16,Thu 2,ca1,06:45,09:25,A2,3,A2-T305,100,65,QTNL,Quản trị nhân lực
W01675,WorstCase,2026-11-16,Thu 2,ca1,06:45,09:25,B,1,B-T104,40,35,KDQT,Kinh doanh quốc tế
W01676,WorstCase,2026-11-16,Thu 2,ca3,13:00,15:40,A2,8,A2-T813,80,78,KDQT,Kinh doanh quốc tế
W01677,WorstCase,2026-11-16,Thu 2,ca4,15:50,18:30,A2,1,A2-T107,60,56,QTNL,Quản trị nhân lực
W01678,WorstCase,2026-11-16,Thu 2,ca2,09:35,12:15,A2,8,A2-T801,60,49,PLDC,Pháp luật đại cương
W01679,WorstCase,2026-11-16,Thu 2,ca4,15:50,18:30,B,2,B-T204,80,66,TMLN,Triết học Mác - Lênin
W01680,WorstCase,2026-11-16,Thu 2,ca2,09:35,12:15,B,1,B-T107,80,43,KTTC,Kế toán tài chính
W01681,WorstCase,2026-11-16,Thu 2,ca1,06:45,09:25,A2,7,A2-T712,80,79,TMLN,Triết học Mác - Lênin
W01682,WorstCase,2026-11-16,Thu 2,ca2,09:35,12:15,A2,1,A2-T101,60,59,TCTT,Tài chính tiền tệ
W01683,WorstCase,2026-11-16,Thu 2,ca2,09:35,12:15,C,1,C-T103,80,53,LOG01,Quản trị logistics
W01684,WorstCase,2026-11-16,Thu 2,ca1,06:45,09:25,A2,10,A2-T1001,100,58,KTTC,Kế toán tài chính
W01685,WorstCase,2026-11-16,Thu 2,ca3,13:00,15:40,D,1,D-T103,50,30,KTVM2,Kinh tế vĩ mô
W01686,WorstCase,2026-11-16,Thu 2,ca4,15:50,18:30,A2,8,A2-T807,60,39,LSD01,Lịch sử Đảng Cộng sản Việt Nam
W01687,WorstCase,2026-11-16,Thu 2,ca4,15:50,18:30,A2,3,A2-T311,120,31,TIN01,Tin học đại cương
W01688,WorstCase,2026-11-16,Thu 2,ca2,09:35,12:15,A2,2,A2-T201,60,34,KTL01,Kinh tế lượng
W01689,WorstCase,2026-11-16,Thu 2,ca1,06:45,09:25,A2,8,A2-T805,100,30,KTL01,Kinh tế lượng
W01690,WorstCase,2026-11-16,Thu 2,ca1,06:45,09:25,D,5,D-T508,50,37,XSTK,Xác suất thống kê
W01691,WorstCase,2026-11-16,Thu 2,ca2,09:35,12:15,C,1,C-T107,80,50,KTVM,Kinh tế vi mô
W01692,WorstCase,2026-11-16,Thu 2,ca4,15:50,18:30,A2,6,A2-T612,80,79,TCTT,Tài chính tiền tệ
W01693,WorstCase,2026-11-16,Thu 2,ca2,09:35,12:15,A2,10,A2-T1010,80,65,TIN01,Tin học đại cương
W01694,WorstCase,2026-11-16,Thu 2,ca3,13:00,15:40,A2,5,A2-T503,100,65,TTHCM,Tư tưởng Hồ Chí Minh
W01695,WorstCase,2026-11-16,Thu 2,ca2,09:35,12:15,A2,9,A2-T911,100,66,QTH01,Quản trị học
W01696,WorstCase,2026-11-16,Thu 2,ca3,13:00,15:40,D,3,D-T303,90,36,KTVM2,Kinh tế vĩ mô
W01697,WorstCase,2026-11-16,Thu 2,ca3,13:00,15:40,A2,6,A2-T614,80,59,TMDT,Thương mại điện tử
W01698,WorstCase,2026-11-16,Thu 2,ca3,13:00,15:40,C,2,C-T206,40,32,QTH01,Quản trị học
W01699,WorstCase,2026-11-16,Thu 2,ca1,06:45,09:25,A2,3,A2-T308,60,38,TMDT,Thương mại điện tử
W01700,WorstCase,2026-11-16,Thu 2,ca4,15:50,18:30,A2,1,A2-T106,80,67,PLDC,Pháp luật đại cương
W01701,WorstCase,2026-11-16,Thu 2,ca4,15:50,18:30,A2,5,A2-T503,100,44,TCTT,Tài chính tiền tệ
W01702,WorstCase,2026-11-16,Thu 2,ca2,09:35,12:15,A2,5,A2-T514,80,49,NLKT,Nguyên lý kế toán
W01703,WorstCase,2026-11-16,Thu 2,ca1,06:45,09:25,A2,10,A2-T1002,100,66,KTTC,Kế toán tài chính
W01704,WorstCase,2026-11-16,Thu 2,ca4,15:50,18:30,D,5,D-T504,50,48,XSTK,Xác suất thống kê
W01705,WorstCase,2026-11-16,Thu 2,ca1,06:45,09:25,A2,7,A2-T702,100,76,NLKT,Nguyên lý kế toán
W01706,WorstCase,2026-11-16,Thu 2,ca4,15:50,18:30,A2,8,A2-T814,120,76,QTNL,Quản trị nhân lực
W01707,WorstCase,2026-11-16,Thu 2,ca2,09:35,12:15,D,2,D-T201,90,80,ENG01,Tiếng Anh thương mại
W01708,WorstCase,2026-11-16,Thu 2,ca3,13:00,15:40,A2,3,A2-T310,60,35,ENG01,Tiếng Anh thương mại
W01709,WorstCase,2026-11-16,Thu 2,ca2,09:35,12:15,D,2,D-T205,70,66,MKT01,Marketing căn bản
W01710,WorstCase,2026-11-16,Thu 2,ca2,09:35,12:15,A2,2,A2-T212,80,68,KTL01,Kinh tế lượng
W01711,WorstCase,2026-11-16,Thu 2,ca3,13:00,15:40,D,1,D-T102,70,32,TTHCM,Tư tưởng Hồ Chí Minh
W01712,WorstCase,2026-11-16,Thu 2,ca4,15:50,18:30,A2,7,A2-T714,120,54,NLKT,Nguyên lý kế toán
W01713,WorstCase,2026-11-16,Thu 2,ca1,06:45,09:25,B,2,B-T207,60,54,KTVM2,Kinh tế vĩ mô
W01714,WorstCase,2026-11-16,Thu 2,ca1,06:45,09:25,A2,6,A2-T604,100,79,QTNL,Quản trị nhân lực
W01715,WorstCase,2026-11-16,Thu 2,ca2,09:35,12:15,A2,9,A2-T914,60,41,KDQT,Kinh doanh quốc tế
W01716,WorstCase,2026-11-16,Thu 2,ca2,09:35,12:15,C,3,C-T308,80,56,MKT01,Marketing căn bản
W01717,WorstCase,2026-11-16,Thu 2,ca3,13:00,15:40,C,1,C-T105,40,33,LSD01,Lịch sử Đảng Cộng sản Việt Nam
W01718,WorstCase,2026-11-16,Thu 2,ca2,09:35,12:15,A2,7,A2-T711,60,59,KTVM,Kinh tế vi mô
W01719,WorstCase,2026-11-16,Thu 2,ca4,15:50,18:30,D,3,D-T306,70,70,KTTC,Kế toán tài chính
W01720,WorstCase,2026-11-16,Thu 2,ca1,06:45,09:25,A2,4,A2-T405,100,33,KTL01,Kinh tế lượng
W01721,WorstCase,2026-11-16,Thu 2,ca3,13:00,15:40,A2,1,A2-T105,80,63,KTVM2,Kinh tế vĩ mô
W01722,WorstCase,2026-11-16,Thu 2,ca3,13:00,15:40,A2,2,A2-T208,80,50,TMLN,Triết học Mác - Lênin
W01723,WorstCase,2026-11-16,Thu 2,ca3,13:00,15:40,A2,3,A2-T302,60,48,QTH01,Quản trị học
W01724,WorstCase,2026-11-16,Thu 2,ca2,09:35,12:15,C,3,C-T302,80,50,TIN01,Tin học đại cương
W01725,WorstCase,2026-11-16,Thu 2,ca1,06:45,09:25,A2,9,A2-T908,100,74,PLDC,Pháp luật đại cương
W01726,WorstCase,2026-11-16,Thu 2,ca2,09:35,12:15,D,3,D-T308,70,39,KTVM2,Kinh tế vĩ mô
W01727,WorstCase,2026-11-16,Thu 2,ca4,15:50,18:30,A2,2,A2-T211,100,73,KTTC,Kế toán tài chính
W01728,WorstCase,2026-11-16,Thu 2,ca1,06:45,09:25,A2,10,A2-T1008,120,58,LSD01,Lịch sử Đảng Cộng sản Việt Nam
W01729,WorstCase,2026-11-16,Thu 2,ca2,09:35,12:15,A2,5,A2-T511,80,66,TIN01,Tin học đại cương
W01730,WorstCase,2026-11-16,Thu 2,ca4,15:50,18:30,A2,8,A2-T802,120,35,PLDC,Pháp luật đại cương
W01731,WorstCase,2026-11-16,Thu 2,ca4,15:50,18:30,B,3,B-T308,80,57,KTL01,Kinh tế lượng
W01732,WorstCase,2026-11-16,Thu 2,ca2,09:35,12:15,A2,10,A2-T1009,60,55,KTTC,Kế toán tài chính
W01733,WorstCase,2026-11-16,Thu 2,ca2,09:35,12:15,A2,5,A2-T508,120,39,QTH01,Quản trị học
W01734,WorstCase,2026-11-16,Thu 2,ca1,06:45,09:25,C,2,C-T208,40,35,NLKT,Nguyên lý kế toán
W01735,WorstCase,2026-11-16,Thu 2,ca2,09:35,12:15,A2,1,A2-T108,60,45,TTHCM,Tư tưởng Hồ Chí Minh
W01736,WorstCase,2026-11-16,Thu 2,ca3,13:00,15:40,A2,3,A2-T309,120,77,KTVM2,Kinh tế vĩ mô
W01737,WorstCase,2026-11-16,Thu 2,ca2,09:35,12:15,A2,7,A2-T702,100,65,KTTC,Kế toán tài chính
W01738,WorstCase,2026-11-16,Thu 2,ca1,06:45,09:25,C,1,C-T104,40,34,NLKT,Nguyên lý kế toán
W01739,WorstCase,2026-11-16,Thu 2,ca1,06:45,09:25,A2,4,A2-T408,60,42,TIN01,Tin học đại cương
W01740,WorstCase,2026-11-16,Thu 2,ca1,06:45,09:25,A2,10,A2-T1004,60,43,QTH01,Quản trị học
W01741,WorstCase,2026-11-16,Thu 2,ca4,15:50,18:30,D,5,D-T505,50,34,ENG01,Tiếng Anh thương mại
W01742,WorstCase,2026-11-16,Thu 2,ca2,09:35,12:15,A2,7,A2-T714,120,65,XSTK,Xác suất thống kê
W01743,WorstCase,2026-11-16,Thu 2,ca2,09:35,12:15,A2,3,A2-T301,60,45,KTTC,Kế toán tài chính
W01744,WorstCase,2026-11-16,Thu 2,ca3,13:00,15:40,A2,3,A2-T306,100,71,TTHCM,Tư tưởng Hồ Chí Minh
W01745,WorstCase,2026-11-16,Thu 2,ca1,06:45,09:25,A2,1,A2-T109,120,42,TMLN,Triết học Mác - Lênin
W01746,WorstCase,2026-11-16,Thu 2,ca2,09:35,12:15,A2,1,A2-T112,60,49,TIN01,Tin học đại cương
W01747,WorstCase,2026-11-16,Thu 2,ca3,13:00,15:40,A2,4,A2-T414,100,45,PLDC,Pháp luật đại cương
W01748,WorstCase,2026-11-16,Thu 2,ca3,13:00,15:40,A2,8,A2-T810,60,32,TCTT,Tài chính tiền tệ
W01749,WorstCase,2026-11-16,Thu 2,ca2,09:35,12:15,D,1,D-T105,70,57,QTNL,Quản trị nhân lực
W01750,WorstCase,2026-11-16,Thu 2,ca2,09:35,12:15,C,2,C-T203,40,40,TTHCM,Tư tưởng Hồ Chí Minh
W01751,WorstCase,2026-11-16,Thu 2,ca3,13:00,15:40,A2,7,A2-T703,120,35,MKT01,Marketing căn bản
W01752,WorstCase,2026-11-16,Thu 2,ca4,15:50,18:30,A2,4,A2-T408,60,51,KDQT,Kinh doanh quốc tế
W01753,WorstCase,2026-11-16,Thu 2,ca3,13:00,15:40,A2,7,A2-T707,80,57,TMDT,Thương mại điện tử
W01754,WorstCase,2026-11-16,Thu 2,ca3,13:00,15:40,A2,1,A2-T107,60,41,XSTK,Xác suất thống kê
W01755,WorstCase,2026-11-16,Thu 2,ca2,09:35,12:15,A2,6,A2-T601,60,40,TMDT,Thương mại điện tử
W01756,WorstCase,2026-11-16,Thu 2,ca2,09:35,12:15,A2,4,A2-T402,60,49,KTVM,Kinh tế vi mô
W01757,WorstCase,2026-11-16,Thu 2,ca2,09:35,12:15,A2,4,A2-T410,100,79,KTL01,Kinh tế lượng
W01758,WorstCase,2026-11-16,Thu 2,ca1,06:45,09:25,A2,5,A2-T510,100,40,TMDT,Thương mại điện tử
W01759,WorstCase,2026-11-16,Thu 2,ca2,09:35,12:15,A2,2,A2-T214,100,69,LOG01,Quản trị logistics
W01760,WorstCase,2026-11-16,Thu 2,ca4,15:50,18:30,A2,1,A2-T113,80,69,QTH01,Quản trị học
W01761,WorstCase,2026-11-16,Thu 2,ca1,06:45,09:25,A2,10,A2-T1011,80,58,KTVM2,Kinh tế vĩ mô
W01762,WorstCase,2026-11-16,Thu 2,ca4,15:50,18:30,A2,10,A2-T1002,100,44,XSTK,Xác suất thống kê
W01763,WorstCase,2026-11-16,Thu 2,ca4,15:50,18:30,C,1,C-T108,80,73,TMDT,Thương mại điện tử
W01764,WorstCase,2026-11-16,Thu 2,ca3,13:00,15:40,A2,7,A2-T702,100,39,NLKT,Nguyên lý kế toán
W01765,WorstCase,2026-11-16,Thu 2,ca3,13:00,15:40,A2,2,A2-T204,80,37,KTVM2,Kinh tế vĩ mô
W01766,WorstCase,2026-11-16,Thu 2,ca2,09:35,12:15,A2,6,A2-T611,120,45,LSD01,Lịch sử Đảng Cộng sản Việt Nam
W01767,WorstCase,2026-11-16,Thu 2,ca2,09:35,12:15,A2,10,A2-T1001,100,39,KTL01,Kinh tế lượng
W01768,WorstCase,2026-11-16,Thu 2,ca1,06:45,09:25,A2,7,A2-T703,120,30,QTNL,Quản trị nhân lực
W01769,WorstCase,2026-11-16,Thu 2,ca2,09:35,12:15,D,4,D-T404,50,33,KTL01,Kinh tế lượng
W01770,WorstCase,2026-11-16,Thu 2,ca3,13:00,15:40,A2,9,A2-T911,100,58,ENG01,Tiếng Anh thương mại
W01771,WorstCase,2026-11-16,Thu 2,ca1,06:45,09:25,A2,6,A2-T610,120,31,QTNL,Quản trị nhân lực
W01772,WorstCase,2026-11-16,Thu 2,ca1,06:45,09:25,A2,6,A2-T602,100,43,TMLN,Triết học Mác - Lênin
W01773,WorstCase,2026-11-16,Thu 2,ca3,13:00,15:40,A2,6,A2-T602,100,43,XSTK,Xác suất thống kê
W01774,WorstCase,2026-11-16,Thu 2,ca4,15:50,18:30,A2,7,A2-T709,60,47,TIN01,Tin học đại cương
W01775,WorstCase,2026-11-16,Thu 2,ca4,15:50,18:30,A2,2,A2-T209,120,78,TCTT,Tài chính tiền tệ
W01776,WorstCase,2026-11-16,Thu 2,ca4,15:50,18:30,A2,5,A2-T506,80,65,ENG01,Tiếng Anh thương mại
W01777,WorstCase,2026-11-16,Thu 2,ca4,15:50,18:30,D,3,D-T305,50,49,QTH01,Quản trị học
W01778,WorstCase,2026-11-16,Thu 2,ca3,13:00,15:40,A2,6,A2-T601,60,52,KTVM,Kinh tế vi mô
W01779,WorstCase,2026-11-16,Thu 2,ca4,15:50,18:30,D,1,D-T101,90,54,TTHCM,Tư tưởng Hồ Chí Minh
W01780,WorstCase,2026-11-16,Thu 2,ca2,09:35,12:15,D,5,D-T506,70,63,KTVM2,Kinh tế vĩ mô
W01781,WorstCase,2026-11-16,Thu 2,ca4,15:50,18:30,A2,4,A2-T409,120,46,TCC01,Toán cao cấp
W01782,WorstCase,2026-11-16,Thu 2,ca2,09:35,12:15,A2,3,A2-T308,60,31,KTL01,Kinh tế lượng
W01783,WorstCase,2026-11-16,Thu 2,ca1,06:45,09:25,B,2,B-T205,80,42,LSD01,Lịch sử Đảng Cộng sản Việt Nam
W01784,WorstCase,2026-11-16,Thu 2,ca4,15:50,18:30,A2,4,A2-T405,100,47,KTVM2,Kinh tế vĩ mô
W01785,WorstCase,2026-11-16,Thu 2,ca2,09:35,12:15,D,5,D-T505,50,44,KTVM,Kinh tế vi mô
W01786,WorstCase,2026-11-16,Thu 2,ca4,15:50,18:30,C,2,C-T204,40,31,KTTC,Kế toán tài chính
W01787,WorstCase,2026-11-16,Thu 2,ca3,13:00,15:40,A2,5,A2-T513,60,51,TCTT,Tài chính tiền tệ
W01788,WorstCase,2026-11-16,Thu 2,ca1,06:45,09:25,D,3,D-T305,50,41,MKT01,Marketing căn bản
W01789,WorstCase,2026-11-16,Thu 2,ca2,09:35,12:15,A2,3,A2-T305,100,31,KTL01,Kinh tế lượng
W01790,WorstCase,2026-11-16,Thu 2,ca4,15:50,18:30,A2,6,A2-T605,60,57,KTTC,Kế toán tài chính
W01791,WorstCase,2026-11-16,Thu 2,ca1,06:45,09:25,C,3,C-T304,40,33,KTTC,Kế toán tài chính
W01792,WorstCase,2026-11-16,Thu 2,ca4,15:50,18:30,B,3,B-T307,40,38,MKT01,Marketing căn bản
W01793,WorstCase,2026-11-16,Thu 2,ca3,13:00,15:40,A2,1,A2-T114,80,50,ENG01,Tiếng Anh thương mại
W01794,WorstCase,2026-11-16,Thu 2,ca1,06:45,09:25,A2,9,A2-T910,60,57,LSD01,Lịch sử Đảng Cộng sản Việt Nam
W01795,WorstCase,2026-11-16,Thu 2,ca2,09:35,12:15,A2,7,A2-T704,120,64,NLKT,Nguyên lý kế toán
W01796,WorstCase,2026-11-16,Thu 2,ca2,09:35,12:15,A2,3,A2-T313,100,41,XSTK,Xác suất thống kê
W01797,WorstCase,2026-11-16,Thu 2,ca2,09:35,12:15,A2,10,A2-T1005,80,62,LOG01,Quản trị logistics
W01798,WorstCase,2026-11-16,Thu 2,ca4,15:50,18:30,A2,6,A2-T614,80,65,KTVM,Kinh tế vi mô
W01799,WorstCase,2026-11-16,Thu 2,ca1,06:45,09:25,A2,4,A2-T407,80,32,PLDC,Pháp luật đại cương
W01800,WorstCase,2026-11-16,Thu 2,ca4,15:50,18:30,A2,9,A2-T906,80,63,KTL01,Kinh tế lượng
W01801,WorstCase,2026-11-16,Thu 2,ca1,06:45,09:25,C,1,C-T102,40,35,ENG01,Tiếng Anh thương mại
W01802,WorstCase,2026-11-16,Thu 2,ca1,06:45,09:25,A2,7,A2-T713,80,55,TCC01,Toán cao cấp
W01803,WorstCase,2026-11-16,Thu 2,ca4,15:50,18:30,B,2,B-T203,60,30,TMDT,Thương mại điện tử
W01804,WorstCase,2026-11-16,Thu 2,ca4,15:50,18:30,A2,6,A2-T604,100,73,TMDT,Thương mại điện tử
W01805,WorstCase,2026-11-16,Thu 2,ca1,06:45,09:25,A2,10,A2-T1009,60,41,KTL01,Kinh tế lượng
W01806,WorstCase,2026-11-16,Thu 2,ca3,13:00,15:40,A2,1,A2-T101,60,37,TIN01,Tin học đại cương
W01807,WorstCase,2026-11-16,Thu 2,ca1,06:45,09:25,A2,2,A2-T211,100,47,KTVM2,Kinh tế vĩ mô
W01808,WorstCase,2026-11-16,Thu 2,ca3,13:00,15:40,B,2,B-T207,60,50,TCTT,Tài chính tiền tệ
W01809,WorstCase,2026-11-16,Thu 2,ca2,09:35,12:15,A2,4,A2-T411,120,54,KTVM,Kinh tế vi mô
W01810,WorstCase,2026-11-16,Thu 2,ca3,13:00,15:40,A2,5,A2-T514,80,65,TCTT,Tài chính tiền tệ
W01811,WorstCase,2026-11-16,Thu 2,ca4,15:50,18:30,C,3,C-T303,60,37,QTH01,Quản trị học
W01812,WorstCase,2026-11-16,Thu 2,ca4,15:50,18:30,A2,8,A2-T811,100,51,KTTC,Kế toán tài chính
W01813,WorstCase,2026-11-16,Thu 2,ca2,09:35,12:15,C,2,C-T202,40,40,QTH01,Quản trị học
W01814,WorstCase,2026-11-16,Thu 2,ca4,15:50,18:30,A2,3,A2-T302,60,32,KTTC,Kế toán tài chính
W01815,WorstCase,2026-11-16,Thu 2,ca1,06:45,09:25,A2,10,A2-T1012,120,63,LSD01,Lịch sử Đảng Cộng sản Việt Nam
W01816,WorstCase,2026-11-16,Thu 2,ca3,13:00,15:40,A2,3,A2-T305,100,70,PLDC,Pháp luật đại cương
W01817,WorstCase,2026-11-16,Thu 2,ca4,15:50,18:30,A2,9,A2-T902,100,56,PLDC,Pháp luật đại cương
W01818,WorstCase,2026-11-16,Thu 2,ca3,13:00,15:40,D,3,D-T305,50,48,QTH01,Quản trị học
W01819,WorstCase,2026-11-16,Thu 2,ca3,13:00,15:40,A2,1,A2-T113,80,57,KTL01,Kinh tế lượng
W01820,WorstCase,2026-11-16,Thu 2,ca4,15:50,18:30,D,5,D-T501,50,49,QTNL,Quản trị nhân lực
W01821,WorstCase,2026-11-16,Thu 2,ca1,06:45,09:25,A2,7,A2-T706,80,58,TMLN,Triết học Mác - Lênin
W01822,WorstCase,2026-11-16,Thu 2,ca1,06:45,09:25,D,4,D-T401,50,34,XSTK,Xác suất thống kê
W01823,WorstCase,2026-11-16,Thu 2,ca3,13:00,15:40,B,1,B-T106,80,71,QTH01,Quản trị học
W01824,WorstCase,2026-11-16,Thu 2,ca4,15:50,18:30,A2,4,A2-T407,80,67,TMLN,Triết học Mác - Lênin
W01825,WorstCase,2026-11-16,Thu 2,ca3,13:00,15:40,D,2,D-T206,70,42,QTH01,Quản trị học
W01826,WorstCase,2026-11-16,Thu 2,ca4,15:50,18:30,A2,9,A2-T914,60,39,TIN01,Tin học đại cương
W01827,WorstCase,2026-11-16,Thu 2,ca4,15:50,18:30,A2,4,A2-T413,80,38,KDQT,Kinh doanh quốc tế
W01828,WorstCase,2026-11-16,Thu 2,ca4,15:50,18:30,A2,5,A2-T512,100,79,QTH01,Quản trị học
W01829,WorstCase,2026-11-16,Thu 2,ca3,13:00,15:40,D,3,D-T301,90,71,TTHCM,Tư tưởng Hồ Chí Minh
W01830,WorstCase,2026-11-16,Thu 2,ca1,06:45,09:25,A2,9,A2-T904,60,59,TCC01,Toán cao cấp
W01831,WorstCase,2026-11-16,Thu 2,ca2,09:35,12:15,A2,4,A2-T406,60,40,NLKT,Nguyên lý kế toán
W01832,WorstCase,2026-11-16,Thu 2,ca4,15:50,18:30,B,3,B-T306,60,47,TMLN,Triết học Mác - Lênin
W01833,WorstCase,2026-11-16,Thu 2,ca2,09:35,12:15,D,1,D-T104,70,37,TCC01,Toán cao cấp
W01834,WorstCase,2026-11-16,Thu 2,ca1,06:45,09:25,A2,4,A2-T414,100,50,QTH01,Quản trị học
W01835,WorstCase,2026-11-16,Thu 2,ca1,06:45,09:25,A2,6,A2-T614,80,76,KTVM,Kinh tế vi mô
W01836,WorstCase,2026-11-16,Thu 2,ca4,15:50,18:30,A2,7,A2-T703,120,78,QTNL,Quản trị nhân lực
W01837,WorstCase,2026-11-16,Thu 2,ca1,06:45,09:25,A2,1,A2-T101,60,58,KDQT,Kinh doanh quốc tế
W01838,WorstCase,2026-11-16,Thu 2,ca1,06:45,09:25,A2,5,A2-T514,80,56,KTL01,Kinh tế lượng
W01839,WorstCase,2026-11-16,Thu 2,ca3,13:00,15:40,D,2,D-T207,90,58,TCTT,Tài chính tiền tệ
W01840,WorstCase,2026-11-16,Thu 2,ca3,13:00,15:40,A2,2,A2-T203,120,39,XSTK,Xác suất thống kê
W01841,WorstCase,2026-11-16,Thu 2,ca1,06:45,09:25,A2,8,A2-T807,60,33,QTH01,Quản trị học
W01842,WorstCase,2026-11-16,Thu 2,ca2,09:35,12:15,A2,8,A2-T810,60,35,KTVM,Kinh tế vi mô
W01843,WorstCase,2026-11-16,Thu 2,ca4,15:50,18:30,B,3,B-T305,40,39,LSD01,Lịch sử Đảng Cộng sản Việt Nam
W01844,WorstCase,2026-11-16,Thu 2,ca1,06:45,09:25,C,1,C-T105,40,34,LSD01,Lịch sử Đảng Cộng sản Việt Nam
W01845,WorstCase,2026-11-16,Thu 2,ca4,15:50,18:30,A2,10,A2-T1013,80,66,LSD01,Lịch sử Đảng Cộng sản Việt Nam
W01846,WorstCase,2026-11-16,Thu 2,ca1,06:45,09:25,A2,5,A2-T513,60,37,LSD01,Lịch sử Đảng Cộng sản Việt Nam
W01847,WorstCase,2026-11-16,Thu 2,ca2,09:35,12:15,B,1,B-T104,40,33,PLDC,Pháp luật đại cương
W01848,WorstCase,2026-11-16,Thu 2,ca1,06:45,09:25,A2,8,A2-T809,100,73,KTVM,Kinh tế vi mô
W01849,WorstCase,2026-11-16,Thu 2,ca3,13:00,15:40,A2,6,A2-T609,120,52,NLKT,Nguyên lý kế toán
W01850,WorstCase,2026-11-16,Thu 2,ca2,09:35,12:15,D,5,D-T503,70,60,QTH01,Quản trị học
W01851,WorstCase,2026-11-16,Thu 2,ca3,13:00,15:40,A2,2,A2-T209,120,62,LSD01,Lịch sử Đảng Cộng sản Việt Nam
W01852,WorstCase,2026-11-16,Thu 2,ca2,09:35,12:15,A2,1,A2-T113,80,60,TMDT,Thương mại điện tử
W01853,WorstCase,2026-11-16,Thu 2,ca4,15:50,18:30,A2,8,A2-T810,60,35,KTTC,Kế toán tài chính
W01854,WorstCase,2026-11-16,Thu 2,ca4,15:50,18:30,A2,9,A2-T910,60,45,ENG01,Tiếng Anh thương mại
W01855,WorstCase,2026-11-16,Thu 2,ca3,13:00,15:40,A2,4,A2-T412,100,38,TCC01,Toán cao cấp
W01856,WorstCase,2026-11-16,Thu 2,ca3,13:00,15:40,A2,7,A2-T704,120,42,PLDC,Pháp luật đại cương
W01857,WorstCase,2026-11-16,Thu 2,ca2,09:35,12:15,B,3,B-T304,40,30,KDQT,Kinh doanh quốc tế
W01858,WorstCase,2026-11-16,Thu 2,ca4,15:50,18:30,A2,5,A2-T511,80,78,KTVM,Kinh tế vi mô
W01859,WorstCase,2026-11-16,Thu 2,ca4,15:50,18:30,A2,2,A2-T212,80,47,KDQT,Kinh doanh quốc tế
W01860,WorstCase,2026-11-16,Thu 2,ca1,06:45,09:25,A2,1,A2-T103,100,44,XSTK,Xác suất thống kê
W01861,WorstCase,2026-11-16,Thu 2,ca1,06:45,09:25,B,3,B-T303,40,33,NLKT,Nguyên lý kế toán
W01862,WorstCase,2026-11-16,Thu 2,ca1,06:45,09:25,C,3,C-T305,80,41,LOG01,Quản trị logistics
W01863,WorstCase,2026-11-16,Thu 2,ca3,13:00,15:40,C,3,C-T307,80,69,ENG01,Tiếng Anh thương mại
W01864,WorstCase,2026-11-16,Thu 2,ca2,09:35,12:15,A2,4,A2-T407,80,74,QTNL,Quản trị nhân lực
W01865,WorstCase,2026-11-16,Thu 2,ca3,13:00,15:40,A2,9,A2-T908,100,59,PLDC,Pháp luật đại cương
W01866,WorstCase,2026-11-16,Thu 2,ca4,15:50,18:30,A2,1,A2-T109,120,57,KTTC,Kế toán tài chính
W01867,WorstCase,2026-11-16,Thu 2,ca4,15:50,18:30,A2,9,A2-T905,100,79,KTVM2,Kinh tế vĩ mô
W01868,WorstCase,2026-11-16,Thu 2,ca2,09:35,12:15,D,1,D-T107,50,49,KTTC,Kế toán tài chính
W01869,WorstCase,2026-11-16,Thu 2,ca1,06:45,09:25,A2,5,A2-T503,100,76,QTNL,Quản trị nhân lực
W01870,WorstCase,2026-11-16,Thu 2,ca4,15:50,18:30,A2,4,A2-T402,60,42,LSD01,Lịch sử Đảng Cộng sản Việt Nam
W01871,WorstCase,2026-11-16,Thu 2,ca4,15:50,18:30,A2,7,A2-T704,120,77,TTHCM,Tư tưởng Hồ Chí Minh
W01872,WorstCase,2026-11-16,Thu 2,ca3,13:00,15:40,A2,7,A2-T709,60,49,TMLN,Triết học Mác - Lênin
W01873,WorstCase,2026-11-16,Thu 2,ca2,09:35,12:15,D,2,D-T202,70,63,KTVM2,Kinh tế vĩ mô
W01874,WorstCase,2026-11-16,Thu 2,ca4,15:50,18:30,A2,3,A2-T306,100,63,MKT01,Marketing căn bản
W01875,WorstCase,2026-11-16,Thu 2,ca2,09:35,12:15,D,3,D-T304,50,44,LOG01,Quản trị logistics
W01876,WorstCase,2026-11-16,Thu 2,ca2,09:35,12:15,A2,7,A2-T701,80,32,PLDC,Pháp luật đại cương
W01877,WorstCase,2026-11-16,Thu 2,ca4,15:50,18:30,A2,6,A2-T610,120,63,TMLN,Triết học Mác - Lênin
W01878,WorstCase,2026-11-16,Thu 2,ca2,09:35,12:15,A2,2,A2-T210,100,55,KTVM2,Kinh tế vĩ mô
W01879,WorstCase,2026-11-16,Thu 2,ca1,06:45,09:25,A2,8,A2-T801,60,47,KTTC,Kế toán tài chính
W01880,WorstCase,2026-11-16,Thu 2,ca1,06:45,09:25,A2,8,A2-T812,120,63,KTVM2,Kinh tế vĩ mô
W01881,WorstCase,2026-11-16,Thu 2,ca3,13:00,15:40,A2,6,A2-T605,60,36,KTL01,Kinh tế lượng
W01882,WorstCase,2026-11-16,Thu 2,ca4,15:50,18:30,B,1,B-T102,80,58,KTTC,Kế toán tài chính
W01883,WorstCase,2026-11-16,Thu 2,ca4,15:50,18:30,C,3,C-T301,60,58,KTL01,Kinh tế lượng
W01884,WorstCase,2026-11-16,Thu 2,ca4,15:50,18:30,A2,6,A2-T607,100,79,KTL01,Kinh tế lượng
W01885,WorstCase,2026-11-16,Thu 2,ca3,13:00,15:40,D,5,D-T506,70,59,TCC01,Toán cao cấp
W01886,WorstCase,2026-11-16,Thu 2,ca2,09:35,12:15,D,2,D-T204,70,57,KTL01,Kinh tế lượng
W01887,WorstCase,2026-11-16,Thu 2,ca1,06:45,09:25,A2,3,A2-T301,60,49,KTVM2,Kinh tế vĩ mô
W01888,WorstCase,2026-11-16,Thu 2,ca3,13:00,15:40,C,1,C-T103,80,74,TIN01,Tin học đại cương
W01889,WorstCase,2026-11-16,Thu 2,ca1,06:45,09:25,D,3,D-T301,90,39,LOG01,Quản trị logistics
W01890,WorstCase,2026-11-16,Thu 2,ca2,09:35,12:15,A2,5,A2-T505,80,71,LOG01,Quản trị logistics
W01891,WorstCase,2026-11-16,Thu 2,ca3,13:00,15:40,A2,6,A2-T608,80,35,TIN01,Tin học đại cương
W01892,WorstCase,2026-11-16,Thu 2,ca3,13:00,15:40,D,5,D-T504,50,33,TCC01,Toán cao cấp
W01893,WorstCase,2026-11-16,Thu 2,ca3,13:00,15:40,A2,2,A2-T214,100,79,TTHCM,Tư tưởng Hồ Chí Minh
W01894,WorstCase,2026-11-16,Thu 2,ca3,13:00,15:40,A2,10,A2-T1007,60,60,TMLN,Triết học Mác - Lênin
W01895,WorstCase,2026-11-16,Thu 2,ca3,13:00,15:40,B,3,B-T305,40,32,KTTC,Kế toán tài chính
W01896,WorstCase,2026-11-16,Thu 2,ca1,06:45,09:25,A2,8,A2-T808,100,56,QTNL,Quản trị nhân lực
W01897,WorstCase,2026-11-16,Thu 2,ca4,15:50,18:30,A2,9,A2-T908,100,58,KTVM,Kinh tế vi mô
W01898,WorstCase,2026-11-16,Thu 2,ca3,13:00,15:40,B,1,B-T105,80,41,LOG01,Quản trị logistics
W01899,WorstCase,2026-11-16,Thu 2,ca3,13:00,15:40,A2,9,A2-T907,80,67,XSTK,Xác suất thống kê
W01900,WorstCase,2026-11-16,Thu 2,ca1,06:45,09:25,D,1,D-T107,50,44,NLKT,Nguyên lý kế toán
W01901,WorstCase,2026-11-16,Thu 2,ca3,13:00,15:40,A2,6,A2-T612,80,46,QTNL,Quản trị nhân lực
W01902,WorstCase,2026-11-16,Thu 2,ca2,09:35,12:15,D,5,D-T501,50,50,TCC01,Toán cao cấp
W01903,WorstCase,2026-11-16,Thu 2,ca3,13:00,15:40,A2,6,A2-T607,100,75,MKT01,Marketing căn bản
W01904,WorstCase,2026-11-16,Thu 2,ca2,09:35,12:15,A2,10,A2-T1002,100,35,MKT01,Marketing căn bản
W01905,WorstCase,2026-11-16,Thu 2,ca3,13:00,15:40,A2,10,A2-T1002,100,75,LOG01,Quản trị logistics
W01906,WorstCase,2026-11-16,Thu 2,ca4,15:50,18:30,D,1,D-T102,70,70,TMDT,Thương mại điện tử
W01907,WorstCase,2026-11-16,Thu 2,ca1,06:45,09:25,A2,3,A2-T306,100,35,TIN01,Tin học đại cương
W01908,WorstCase,2026-11-16,Thu 2,ca2,09:35,12:15,A2,2,A2-T208,80,75,KTTC,Kế toán tài chính
W01909,WorstCase,2026-11-16,Thu 2,ca1,06:45,09:25,A2,1,A2-T108,60,53,TIN01,Tin học đại cương
W01910,WorstCase,2026-11-16,Thu 2,ca4,15:50,18:30,C,2,C-T207,80,69,TCC01,Toán cao cấp
W01911,WorstCase,2026-11-16,Thu 2,ca3,13:00,15:40,A2,9,A2-T903,80,54,TMLN,Triết học Mác - Lênin
W01912,WorstCase,2026-11-16,Thu 2,ca1,06:45,09:25,A2,1,A2-T106,80,54,KTVM2,Kinh tế vĩ mô
W01913,WorstCase,2026-11-16,Thu 2,ca2,09:35,12:15,D,5,D-T504,50,35,QTNL,Quản trị nhân lực
W01914,WorstCase,2026-11-16,Thu 2,ca3,13:00,15:40,A2,6,A2-T611,120,66,QTH01,Quản trị học
W01915,WorstCase,2026-11-16,Thu 2,ca3,13:00,15:40,B,3,B-T301,60,35,QTH01,Quản trị học
W01916,WorstCase,2026-11-16,Thu 2,ca3,13:00,15:40,A2,9,A2-T905,100,41,KTVM2,Kinh tế vĩ mô
W01917,WorstCase,2026-11-16,Thu 2,ca1,06:45,09:25,C,3,C-T308,80,56,KTL01,Kinh tế lượng
W01918,WorstCase,2026-11-16,Thu 2,ca2,09:35,12:15,A2,6,A2-T604,100,49,LOG01,Quản trị logistics
W01919,WorstCase,2026-11-16,Thu 2,ca2,09:35,12:15,A2,2,A2-T203,120,48,TCC01,Toán cao cấp
W01920,WorstCase,2026-11-16,Thu 2,ca3,13:00,15:40,A2,1,A2-T106,80,37,QTH01,Quản trị học
W01921,WorstCase,2026-11-16,Thu 2,ca1,06:45,09:25,A2,3,A2-T304,60,60,XSTK,Xác suất thống kê
W01922,WorstCase,2026-11-16,Thu 2,ca2,09:35,12:15,C,1,C-T102,40,30,LSD01,Lịch sử Đảng Cộng sản Việt Nam
W01923,WorstCase,2026-11-16,Thu 2,ca1,06:45,09:25,C,3,C-T303,60,54,TCTT,Tài chính tiền tệ
W01924,WorstCase,2026-11-16,Thu 2,ca2,09:35,12:15,D,4,D-T408,70,30,LOG01,Quản trị logistics
W01925,WorstCase,2026-11-16,Thu 2,ca3,13:00,15:40,D,5,D-T507,90,61,ENG01,Tiếng Anh thương mại
W01926,WorstCase,2026-11-16,Thu 2,ca3,13:00,15:40,A2,2,A2-T207,60,47,KTVM,Kinh tế vi mô
W01927,WorstCase,2026-11-16,Thu 2,ca4,15:50,18:30,C,3,C-T307,80,68,ENG01,Tiếng Anh thương mại
W01928,WorstCase,2026-11-16,Thu 2,ca4,15:50,18:30,A2,2,A2-T213,80,45,XSTK,Xác suất thống kê
W01929,WorstCase,2026-11-16,Thu 2,ca2,09:35,12:15,D,3,D-T303,90,67,ENG01,Tiếng Anh thương mại
W01930,WorstCase,2026-11-16,Thu 2,ca2,09:35,12:15,A2,5,A2-T506,80,59,KDQT,Kinh doanh quốc tế
W01931,WorstCase,2026-11-16,Thu 2,ca2,09:35,12:15,A2,7,A2-T703,120,58,NLKT,Nguyên lý kế toán
W01932,WorstCase,2026-11-16,Thu 2,ca2,09:35,12:15,D,2,D-T208,50,49,LSD01,Lịch sử Đảng Cộng sản Việt Nam
W01933,WorstCase,2026-11-16,Thu 2,ca3,13:00,15:40,A2,2,A2-T201,60,30,PLDC,Pháp luật đại cương
W01934,WorstCase,2026-11-16,Thu 2,ca2,09:35,12:15,B,2,B-T201,80,65,TCTT,Tài chính tiền tệ
W01935,WorstCase,2026-11-16,Thu 2,ca4,15:50,18:30,C,2,C-T202,40,39,TMLN,Triết học Mác - Lênin
W01936,WorstCase,2026-11-16,Thu 2,ca4,15:50,18:30,A2,8,A2-T806,60,56,XSTK,Xác suất thống kê
W01937,WorstCase,2026-11-16,Thu 2,ca1,06:45,09:25,A2,4,A2-T412,100,33,TCC01,Toán cao cấp
W01938,WorstCase,2026-11-16,Thu 2,ca2,09:35,12:15,A2,9,A2-T912,120,39,KTVM2,Kinh tế vĩ mô
W01939,WorstCase,2026-11-16,Thu 2,ca1,06:45,09:25,B,2,B-T208,80,71,TMDT,Thương mại điện tử
W01940,WorstCase,2026-11-16,Thu 2,ca1,06:45,09:25,A2,2,A2-T202,80,32,QTH01,Quản trị học
W01941,WorstCase,2026-11-16,Thu 2,ca4,15:50,18:30,A2,10,A2-T1001,100,32,TTHCM,Tư tưởng Hồ Chí Minh
W01942,WorstCase,2026-11-16,Thu 2,ca4,15:50,18:30,A2,10,A2-T1009,60,56,LSD01,Lịch sử Đảng Cộng sản Việt Nam
W01943,WorstCase,2026-11-16,Thu 2,ca4,15:50,18:30,C,1,C-T107,80,49,QTNL,Quản trị nhân lực
W01944,WorstCase,2026-11-16,Thu 2,ca3,13:00,15:40,B,3,B-T303,40,31,KTVM2,Kinh tế vĩ mô
W01945,WorstCase,2026-11-16,Thu 2,ca1,06:45,09:25,A2,2,A2-T207,60,33,KDQT,Kinh doanh quốc tế
W01946,WorstCase,2026-11-16,Thu 2,ca4,15:50,18:30,A2,2,A2-T210,100,41,TCC01,Toán cao cấp
W01947,WorstCase,2026-11-16,Thu 2,ca1,06:45,09:25,D,3,D-T308,70,48,LSD01,Lịch sử Đảng Cộng sản Việt Nam
W01948,WorstCase,2026-11-16,Thu 2,ca2,09:35,12:15,C,1,C-T108,80,72,LSD01,Lịch sử Đảng Cộng sản Việt Nam
W01949,WorstCase,2026-11-16,Thu 2,ca2,09:35,12:15,A2,10,A2-T1011,80,66,TMLN,Triết học Mác - Lênin
W01950,WorstCase,2026-11-16,Thu 2,ca2,09:35,12:15,A2,6,A2-T613,100,41,LOG01,Quản trị logistics
W01951,WorstCase,2026-11-16,Thu 2,ca4,15:50,18:30,A2,5,A2-T510,100,77,TTHCM,Tư tưởng Hồ Chí Minh
W01952,WorstCase,2026-11-16,Thu 2,ca4,15:50,18:30,A2,1,A2-T110,60,41,KTVM2,Kinh tế vĩ mô
W01953,WorstCase,2026-11-16,Thu 2,ca4,15:50,18:30,D,4,D-T405,90,35,KTL01,Kinh tế lượng
W01954,WorstCase,2026-11-16,Thu 2,ca4,15:50,18:30,C,3,C-T306,40,35,TMDT,Thương mại điện tử
W01955,WorstCase,2026-11-16,Thu 2,ca4,15:50,18:30,C,1,C-T104,40,36,NLKT,Nguyên lý kế toán
W01956,WorstCase,2026-11-16,Thu 2,ca3,13:00,15:40,B,2,B-T206,60,54,KDQT,Kinh doanh quốc tế
W01957,WorstCase,2026-11-16,Thu 2,ca4,15:50,18:30,A2,9,A2-T901,60,56,TMLN,Triết học Mác - Lênin
W01958,WorstCase,2026-11-16,Thu 2,ca2,09:35,12:15,B,3,B-T301,60,32,KTL01,Kinh tế lượng
W01959,WorstCase,2026-11-16,Thu 2,ca4,15:50,18:30,A2,1,A2-T101,60,45,QTH01,Quản trị học
W01960,WorstCase,2026-11-16,Thu 2,ca2,09:35,12:15,A2,6,A2-T608,80,37,TCTT,Tài chính tiền tệ
W01961,WorstCase,2026-11-16,Thu 2,ca3,13:00,15:40,A2,9,A2-T902,100,51,TIN01,Tin học đại cương
W01962,WorstCase,2026-11-16,Thu 2,ca4,15:50,18:30,D,5,D-T507,90,56,TIN01,Tin học đại cương
W01963,WorstCase,2026-11-16,Thu 2,ca2,09:35,12:15,A2,8,A2-T804,120,43,XSTK,Xác suất thống kê
W01964,WorstCase,2026-11-16,Thu 2,ca4,15:50,18:30,D,1,D-T104,70,69,KTVM2,Kinh tế vĩ mô
W01965,WorstCase,2026-11-16,Thu 2,ca1,06:45,09:25,A2,4,A2-T403,60,33,TTHCM,Tư tưởng Hồ Chí Minh
W01966,WorstCase,2026-11-16,Thu 2,ca1,06:45,09:25,A2,8,A2-T814,120,76,TIN01,Tin học đại cương
W01967,WorstCase,2026-11-16,Thu 2,ca3,13:00,15:40,A2,8,A2-T807,60,32,ENG01,Tiếng Anh thương mại
W01968,WorstCase,2026-11-16,Thu 2,ca1,06:45,09:25,A2,4,A2-T404,80,76,LSD01,Lịch sử Đảng Cộng sản Việt Nam
W01969,WorstCase,2026-11-16,Thu 2,ca1,06:45,09:25,D,4,D-T406,70,48,KDQT,Kinh doanh quốc tế
W01970,WorstCase,2026-11-16,Thu 2,ca4,15:50,18:30,D,5,D-T508,50,49,QTNL,Quản trị nhân lực
W01971,WorstCase,2026-11-16,Thu 2,ca4,15:50,18:30,D,4,D-T402,50,38,TIN01,Tin học đại cương
W01972,WorstCase,2026-11-16,Thu 2,ca3,13:00,15:40,D,4,D-T405,90,66,LSD01,Lịch sử Đảng Cộng sản Việt Nam
W01973,WorstCase,2026-11-16,Thu 2,ca1,06:45,09:25,D,5,D-T502,70,52,QTH01,Quản trị học
W01974,WorstCase,2026-11-16,Thu 2,ca4,15:50,18:30,A2,2,A2-T206,100,69,TTHCM,Tư tưởng Hồ Chí Minh
W01975,WorstCase,2026-11-16,Thu 2,ca2,09:35,12:15,B,1,B-T101,80,61,TIN01,Tin học đại cương
W01976,WorstCase,2026-11-16,Thu 2,ca4,15:50,18:30,A2,7,A2-T713,80,76,ENG01,Tiếng Anh thương mại
W01977,WorstCase,2026-11-16,Thu 2,ca2,09:35,12:15,A2,7,A2-T713,80,61,TCC01,Toán cao cấp
W01978,WorstCase,2026-11-16,Thu 2,ca3,13:00,15:40,A2,4,A2-T403,60,58,LSD01,Lịch sử Đảng Cộng sản Việt Nam
W01979,WorstCase,2026-11-16,Thu 2,ca1,06:45,09:25,B,1,B-T105,80,44,KTL01,Kinh tế lượng
W01980,WorstCase,2026-11-16,Thu 2,ca1,06:45,09:25,A2,6,A2-T601,60,36,KTVM,Kinh tế vi mô
W01981,WorstCase,2026-11-16,Thu 2,ca2,09:35,12:15,A2,2,A2-T213,80,37,KTVM,Kinh tế vi mô
W01982,WorstCase,2026-11-16,Thu 2,ca4,15:50,18:30,A2,6,A2-T613,100,59,MKT01,Marketing căn bản
W01983,WorstCase,2026-11-16,Thu 2,ca3,13:00,15:40,D,1,D-T104,70,43,LSD01,Lịch sử Đảng Cộng sản Việt Nam
W01984,WorstCase,2026-11-16,Thu 2,ca4,15:50,18:30,A2,1,A2-T112,60,43,KDQT,Kinh doanh quốc tế
W01985,WorstCase,2026-11-16,Thu 2,ca2,09:35,12:15,A2,9,A2-T905,100,32,QTNL,Quản trị nhân lực
W01986,WorstCase,2026-11-16,Thu 2,ca1,06:45,09:25,A2,9,A2-T909,80,52,TMLN,Triết học Mác - Lênin
W01987,WorstCase,2026-11-16,Thu 2,ca2,09:35,12:15,C,2,C-T205,60,55,XSTK,Xác suất thống kê
W01988,WorstCase,2026-11-16,Thu 2,ca3,13:00,15:40,D,2,D-T201,90,30,XSTK,Xác suất thống kê
W01989,WorstCase,2026-11-16,Thu 2,ca4,15:50,18:30,A2,4,A2-T411,120,74,KTL01,Kinh tế lượng
W01990,WorstCase,2026-11-16,Thu 2,ca4,15:50,18:30,A2,1,A2-T111,60,38,NLKT,Nguyên lý kế toán
W01991,WorstCase,2026-11-16,Thu 2,ca4,15:50,18:30,A2,5,A2-T504,60,39,KTL01,Kinh tế lượng
W01992,WorstCase,2026-11-16,Thu 2,ca3,13:00,15:40,A2,7,A2-T711,60,46,TMLN,Triết học Mác - Lênin
W01993,WorstCase,2026-11-16,Thu 2,ca4,15:50,18:30,D,5,D-T506,70,50,KTVM,Kinh tế vi mô
W01994,WorstCase,2026-11-16,Thu 2,ca3,13:00,15:40,D,5,D-T505,50,33,QTNL,Quản trị nhân lực
W01995,WorstCase,2026-11-16,Thu 2,ca2,09:35,12:15,A2,5,A2-T504,60,40,KTTC,Kế toán tài chính
W01996,WorstCase,2026-11-16,Thu 2,ca4,15:50,18:30,A2,9,A2-T913,60,53,TTHCM,Tư tưởng Hồ Chí Minh
W01997,WorstCase,2026-11-16,Thu 2,ca1,06:45,09:25,A2,5,A2-T501,100,69,KTVM,Kinh tế vi mô
W01998,WorstCase,2026-11-16,Thu 2,ca2,09:35,12:15,D,3,D-T306,70,41,XSTK,Xác suất thống kê
W01999,WorstCase,2026-11-16,Thu 2,ca4,15:50,18:30,B,1,B-T107,80,51,QTNL,Quản trị nhân lực
W02000,WorstCase,2026-11-16,Thu 2,ca4,15:50,18:30,A2,9,A2-T912,120,73,ENG01,Tiếng Anh thương mại
W02001,WorstCase,2026-11-16,Thu 2,ca2,09:35,12:15,A2,3,A2-T310,60,59,ENG01,Tiếng Anh thương mại
W02002,WorstCase,2026-11-16,Thu 2,ca4,15:50,18:30,A2,4,A2-T404,80,32,QTH01,Quản trị học
W02003,WorstCase,2026-11-16,Thu 2,ca3,13:00,15:40,D,2,D-T204,70,60,QTH01,Quản trị học
W02004,WorstCase,2026-11-16,Thu 2,ca3,13:00,15:40,D,5,D-T501,50,50,LOG01,Quản trị logistics
W02005,WorstCase,2026-11-16,Thu 2,ca2,09:35,12:15,B,2,B-T204,80,64,QTNL,Quản trị nhân lực
W02006,WorstCase,2026-11-16,Thu 2,ca1,06:45,09:25,C,3,C-T307,80,59,KDQT,Kinh doanh quốc tế
W02007,WorstCase,2026-11-16,Thu 2,ca2,09:35,12:15,A2,4,A2-T401,80,77,KTVM2,Kinh tế vĩ mô
W02008,WorstCase,2026-11-16,Thu 2,ca1,06:45,09:25,A2,5,A2-T506,80,63,KTL01,Kinh tế lượng
W02009,WorstCase,2026-11-16,Thu 2,ca3,13:00,15:40,A2,1,A2-T103,100,66,QTNL,Quản trị nhân lực
W02010,WorstCase,2026-11-16,Thu 2,ca3,13:00,15:40,C,3,C-T304,40,38,TMLN,Triết học Mác - Lênin
W02011,WorstCase,2026-11-16,Thu 2,ca1,06:45,09:25,A2,7,A2-T710,60,30,XSTK,Xác suất thống kê
W02012,WorstCase,2026-11-16,Thu 2,ca3,13:00,15:40,A2,8,A2-T804,120,66,QTNL,Quản trị nhân lực
W02013,WorstCase,2026-11-16,Thu 2,ca1,06:45,09:25,A2,2,A2-T210,100,80,TMDT,Thương mại điện tử
W02014,WorstCase,2026-11-16,Thu 2,ca3,13:00,15:40,A2,10,A2-T1005,80,34,QTH01,Quản trị học
W02015,WorstCase,2026-11-16,Thu 2,ca2,09:35,12:15,A2,10,A2-T1003,80,47,KTVM,Kinh tế vi mô
W02016,WorstCase,2026-11-16,Thu 2,ca4,15:50,18:30,A2,9,A2-T907,80,51,KTTC,Kế toán tài chính
W02017,WorstCase,2026-11-16,Thu 2,ca1,06:45,09:25,B,2,B-T201,80,70,TMLN,Triết học Mác - Lênin
W02018,WorstCase,2026-11-16,Thu 2,ca4,15:50,18:30,B,3,B-T301,60,56,TCC01,Toán cao cấp
W02019,WorstCase,2026-11-16,Thu 2,ca1,06:45,09:25,A2,5,A2-T502,80,66,LSD01,Lịch sử Đảng Cộng sản Việt Nam
W02020,WorstCase,2026-11-16,Thu 2,ca2,09:35,12:15,A2,8,A2-T803,120,54,TCC01,Toán cao cấp
W02021,WorstCase,2026-11-16,Thu 2,ca3,13:00,15:40,A2,7,A2-T710,60,49,MKT01,Marketing căn bản
W02022,WorstCase,2026-11-16,Thu 2,ca1,06:45,09:25,A2,3,A2-T311,120,80,KTL01,Kinh tế lượng
W02023,WorstCase,2026-11-16,Thu 2,ca4,15:50,18:30,A2,9,A2-T909,80,75,QTNL,Quản trị nhân lực
W02024,WorstCase,2026-11-16,Thu 2,ca1,06:45,09:25,A2,10,A2-T1013,80,75,KTVM2,Kinh tế vĩ mô
W02025,WorstCase,2026-11-16,Thu 2,ca1,06:45,09:25,D,2,D-T204,70,47,KDQT,Kinh doanh quốc tế
W02026,WorstCase,2026-11-16,Thu 2,ca3,13:00,15:40,A2,5,A2-T511,80,35,ENG01,Tiếng Anh thương mại
W02027,WorstCase,2026-11-16,Thu 2,ca1,06:45,09:25,B,1,B-T107,80,45,TMDT,Thương mại điện tử
W02028,WorstCase,2026-11-16,Thu 2,ca2,09:35,12:15,A2,1,A2-T110,60,44,KTL01,Kinh tế lượng
W02029,WorstCase,2026-11-16,Thu 2,ca2,09:35,12:15,A2,4,A2-T413,80,43,TIN01,Tin học đại cương
W02030,WorstCase,2026-11-16,Thu 2,ca3,13:00,15:40,C,3,C-T301,60,39,TCC01,Toán cao cấp
W02031,WorstCase,2026-11-16,Thu 2,ca4,15:50,18:30,C,1,C-T105,40,31,TMDT,Thương mại điện tử
W02032,WorstCase,2026-11-16,Thu 2,ca4,15:50,18:30,A2,10,A2-T1004,60,55,KTVM2,Kinh tế vĩ mô
W02033,WorstCase,2026-11-16,Thu 2,ca4,15:50,18:30,A2,1,A2-T105,80,79,XSTK,Xác suất thống kê
W02034,WorstCase,2026-11-16,Thu 2,ca2,09:35,12:15,A2,2,A2-T206,100,35,LOG01,Quản trị logistics
W02035,WorstCase,2026-11-16,Thu 2,ca3,13:00,15:40,A2,2,A2-T206,100,62,KTVM,Kinh tế vi mô
W02036,WorstCase,2026-11-16,Thu 2,ca2,09:35,12:15,A2,5,A2-T512,100,60,TIN01,Tin học đại cương
W02037,WorstCase,2026-11-16,Thu 2,ca1,06:45,09:25,D,4,D-T402,50,34,XSTK,Xác suất thống kê
W02038,WorstCase,2026-11-16,Thu 2,ca4,15:50,18:30,A2,10,A2-T1012,120,51,ENG01,Tiếng Anh thương mại
W02039,WorstCase,2026-11-16,Thu 2,ca4,15:50,18:30,A2,3,A2-T308,60,53,TIN01,Tin học đại cương
W02040,WorstCase,2026-11-16,Thu 2,ca4,15:50,18:30,A2,6,A2-T602,100,49,QTNL,Quản trị nhân lực
W02041,WorstCase,2026-11-16,Thu 2,ca4,15:50,18:30,A2,2,A2-T207,60,34,MKT01,Marketing căn bản
W02042,WorstCase,2026-11-16,Thu 2,ca4,15:50,18:30,A2,4,A2-T403,60,56,TIN01,Tin học đại cương
W02043,WorstCase,2026-11-16,Thu 2,ca4,15:50,18:30,A2,2,A2-T214,100,73,QTH01,Quản trị học
W02044,WorstCase,2026-11-16,Thu 2,ca1,06:45,09:25,B,1,B-T102,80,43,KTVM2,Kinh tế vĩ mô
W02045,WorstCase,2026-11-16,Thu 2,ca3,13:00,15:40,C,1,C-T107,80,59,KTTC,Kế toán tài chính
W02046,WorstCase,2026-11-16,Thu 2,ca3,13:00,15:40,D,4,D-T404,50,46,MKT01,Marketing căn bản
W02047,WorstCase,2026-11-16,Thu 2,ca1,06:45,09:25,D,5,D-T507,90,30,KTL01,Kinh tế lượng
W02048,WorstCase,2026-11-16,Thu 2,ca4,15:50,18:30,C,3,C-T308,80,32,LSD01,Lịch sử Đảng Cộng sản Việt Nam
W02049,WorstCase,2026-11-16,Thu 2,ca2,09:35,12:15,A2,9,A2-T907,80,35,QTNL,Quản trị nhân lực
W02050,WorstCase,2026-11-16,Thu 2,ca4,15:50,18:30,A2,9,A2-T911,100,59,KTVM2,Kinh tế vĩ mô
W02051,WorstCase,2026-11-16,Thu 2,ca3,13:00,15:40,C,2,C-T208,40,31,TIN01,Tin học đại cương
W02052,WorstCase,2026-11-16,Thu 2,ca2,09:35,12:15,A2,3,A2-T307,100,79,KTL01,Kinh tế lượng
W02053,WorstCase,2026-11-16,Thu 2,ca1,06:45,09:25,A2,7,A2-T709,60,30,TTHCM,Tư tưởng Hồ Chí Minh
W02054,WorstCase,2026-11-16,Thu 2,ca4,15:50,18:30,A2,6,A2-T601,60,54,KTL01,Kinh tế lượng
W02055,WorstCase,2026-11-16,Thu 2,ca3,13:00,15:40,A2,8,A2-T814,120,70,XSTK,Xác suất thống kê
W02056,WorstCase,2026-11-16,Thu 2,ca4,15:50,18:30,B,3,B-T304,40,35,XSTK,Xác suất thống kê
W02057,WorstCase,2026-11-16,Thu 2,ca1,06:45,09:25,A2,5,A2-T508,120,42,KTL01,Kinh tế lượng
W02058,WorstCase,2026-11-16,Thu 2,ca3,13:00,15:40,D,4,D-T407,50,38,TMLN,Triết học Mác - Lênin
W02059,WorstCase,2026-11-16,Thu 2,ca1,06:45,09:25,A2,1,A2-T102,60,40,LOG01,Quản trị logistics
W02060,WorstCase,2026-11-16,Thu 2,ca1,06:45,09:25,A2,4,A2-T402,60,51,MKT01,Marketing căn bản
W02061,WorstCase,2026-11-16,Thu 2,ca1,06:45,09:25,D,3,D-T306,70,47,QTH01,Quản trị học
W02062,WorstCase,2026-11-16,Thu 2,ca1,06:45,09:25,C,2,C-T204,40,32,TCTT,Tài chính tiền tệ
W02063,WorstCase,2026-11-16,Thu 2,ca2,09:35,12:15,A2,7,A2-T710,60,33,KTVM,Kinh tế vi mô
W02064,WorstCase,2026-11-16,Thu 2,ca1,06:45,09:25,C,2,C-T202,40,39,TMLN,Triết học Mác - Lênin
W02065,WorstCase,2026-11-16,Thu 2,ca4,15:50,18:30,B,1,B-T105,80,62,MKT01,Marketing căn bản
W02066,WorstCase,2026-11-16,Thu 2,ca1,06:45,09:25,A2,3,A2-T312,60,36,TMLN,Triết học Mác - Lênin
W02067,WorstCase,2026-11-16,Thu 2,ca3,13:00,15:40,D,3,D-T304,50,41,TMLN,Triết học Mác - Lênin
W02068,WorstCase,2026-11-16,Thu 2,ca2,09:35,12:15,A2,6,A2-T609,120,50,TCTT,Tài chính tiền tệ
W02069,WorstCase,2026-11-16,Thu 2,ca1,06:45,09:25,A2,7,A2-T701,80,39,KTL01,Kinh tế lượng
W02070,WorstCase,2026-11-16,Thu 2,ca1,06:45,09:25,C,2,C-T205,60,48,PLDC,Pháp luật đại cương
W02071,WorstCase,2026-11-16,Thu 2,ca2,09:35,12:15,A2,9,A2-T913,60,35,NLKT,Nguyên lý kế toán
W02072,WorstCase,2026-11-16,Thu 2,ca2,09:35,12:15,D,2,D-T206,70,49,LSD01,Lịch sử Đảng Cộng sản Việt Nam
W02073,WorstCase,2026-11-16,Thu 2,ca1,06:45,09:25,D,1,D-T105,70,51,TMLN,Triết học Mác - Lênin
W02074,WorstCase,2026-11-16,Thu 2,ca4,15:50,18:30,A2,2,A2-T204,80,58,KTVM2,Kinh tế vĩ mô
W02075,WorstCase,2026-11-16,Thu 2,ca4,15:50,18:30,A2,6,A2-T603,120,38,KTVM,Kinh tế vi mô
W02076,WorstCase,2026-11-16,Thu 2,ca3,13:00,15:40,A2,2,A2-T212,80,60,KTVM2,Kinh tế vĩ mô
W02077,WorstCase,2026-11-16,Thu 2,ca1,06:45,09:25,A2,5,A2-T505,80,36,KTTC,Kế toán tài chính
W02078,WorstCase,2026-11-16,Thu 2,ca4,15:50,18:30,A2,3,A2-T305,100,33,NLKT,Nguyên lý kế toán
W02079,WorstCase,2026-11-16,Thu 2,ca2,09:35,12:15,A2,7,A2-T708,120,57,KTTC,Kế toán tài chính
W02080,WorstCase,2026-11-16,Thu 2,ca4,15:50,18:30,D,3,D-T303,90,41,LSD01,Lịch sử Đảng Cộng sản Việt Nam
W02081,WorstCase,2026-11-16,Thu 2,ca3,13:00,15:40,C,3,C-T308,80,67,LOG01,Quản trị logistics
W02082,WorstCase,2026-11-16,Thu 2,ca3,13:00,15:40,B,2,B-T201,80,69,TMDT,Thương mại điện tử
W02083,WorstCase,2026-11-16,Thu 2,ca3,13:00,15:40,A2,4,A2-T409,120,49,QTNL,Quản trị nhân lực
W02084,WorstCase,2026-11-16,Thu 2,ca1,06:45,09:25,A2,2,A2-T212,80,42,TMLN,Triết học Mác - Lênin
W02085,WorstCase,2026-11-16,Thu 2,ca1,06:45,09:25,A2,5,A2-T509,120,35,LOG01,Quản trị logistics
W02086,WorstCase,2026-11-16,Thu 2,ca1,06:45,09:25,A2,2,A2-T204,80,66,QTH01,Quản trị học
W02087,WorstCase,2026-11-16,Thu 2,ca2,09:35,12:15,A2,6,A2-T605,60,32,LOG01,Quản trị logistics
W02088,WorstCase,2026-11-16,Thu 2,ca1,06:45,09:25,C,2,C-T201,40,31,LOG01,Quản trị logistics
W02089,WorstCase,2026-11-16,Thu 2,ca3,13:00,15:40,B,3,B-T304,40,34,LOG01,Quản trị logistics
W02090,WorstCase,2026-11-16,Thu 2,ca1,06:45,09:25,A2,9,A2-T907,80,60,PLDC,Pháp luật đại cương
W02091,WorstCase,2026-11-16,Thu 2,ca3,13:00,15:40,B,1,B-T101,80,44,QTH01,Quản trị học
W02092,WorstCase,2026-11-16,Thu 2,ca3,13:00,15:40,C,2,C-T207,80,69,TCTT,Tài chính tiền tệ
W02093,WorstCase,2026-11-16,Thu 2,ca1,06:45,09:25,B,1,B-T106,80,53,KTTC,Kế toán tài chính
W02094,WorstCase,2026-11-16,Thu 2,ca2,09:35,12:15,A2,4,A2-T405,100,41,QTNL,Quản trị nhân lực
W02095,WorstCase,2026-11-16,Thu 2,ca4,15:50,18:30,D,1,D-T106,50,40,LOG01,Quản trị logistics
W02096,WorstCase,2026-11-16,Thu 2,ca1,06:45,09:25,D,4,D-T405,90,61,KTVM,Kinh tế vi mô
W02097,WorstCase,2026-11-16,Thu 2,ca3,13:00,15:40,A2,5,A2-T509,120,34,ENG01,Tiếng Anh thương mại
W02098,WorstCase,2026-11-16,Thu 2,ca4,15:50,18:30,B,3,B-T302,40,31,TMDT,Thương mại điện tử
W02099,WorstCase,2026-11-16,Thu 2,ca4,15:50,18:30,D,2,D-T202,70,60,LOG01,Quản trị logistics
W02100,WorstCase,2026-11-16,Thu 2,ca1,06:45,09:25,D,4,D-T408,70,40,KTL01,Kinh tế lượng
W02101,WorstCase,2026-11-16,Thu 2,ca4,15:50,18:30,D,3,D-T304,50,41,LSD01,Lịch sử Đảng Cộng sản Việt Nam
W02102,WorstCase,2026-11-16,Thu 2,ca2,09:35,12:15,A2,3,A2-T309,120,66,QTH01,Quản trị học
W02103,WorstCase,2026-11-16,Thu 2,ca1,06:45,09:25,A2,10,A2-T1006,60,46,MKT01,Marketing căn bản
W02104,WorstCase,2026-11-16,Thu 2,ca3,13:00,15:40,A2,8,A2-T808,100,55,MKT01,Marketing căn bản
W02105,WorstCase,2026-11-16,Thu 2,ca1,06:45,09:25,A2,4,A2-T413,80,50,TMLN,Triết học Mác - Lênin
W02106,WorstCase,2026-11-16,Thu 2,ca1,06:45,09:25,A2,7,A2-T705,100,71,NLKT,Nguyên lý kế toán
W02107,WorstCase,2026-11-16,Thu 2,ca4,15:50,18:30,C,3,C-T304,40,34,TMLN,Triết học Mác - Lênin
W02108,WorstCase,2026-11-16,Thu 2,ca1,06:45,09:25,A2,6,A2-T609,120,59,KTTC,Kế toán tài chính
W02109,WorstCase,2026-11-16,Thu 2,ca4,15:50,18:30,A2,2,A2-T208,80,67,KDQT,Kinh doanh quốc tế
W02110,WorstCase,2026-11-16,Thu 2,ca1,06:45,09:25,B,1,B-T101,80,45,LSD01,Lịch sử Đảng Cộng sản Việt Nam
W02111,WorstCase,2026-11-16,Thu 2,ca4,15:50,18:30,C,3,C-T302,80,45,TMLN,Triết học Mác - Lênin
W02112,WorstCase,2026-11-16,Thu 2,ca4,15:50,18:30,A2,8,A2-T803,120,40,ENG01,Tiếng Anh thương mại
W02113,WorstCase,2026-11-16,Thu 2,ca3,13:00,15:40,B,2,B-T205,80,54,NLKT,Nguyên lý kế toán
W02114,WorstCase,2026-11-16,Thu 2,ca4,15:50,18:30,D,2,D-T207,90,51,XSTK,Xác suất thống kê
W02115,WorstCase,2026-11-16,Thu 2,ca1,06:45,09:25,D,3,D-T304,50,48,KDQT,Kinh doanh quốc tế
W02116,WorstCase,2026-11-16,Thu 2,ca3,13:00,15:40,A2,1,A2-T111,60,55,KDQT,Kinh doanh quốc tế
W02117,WorstCase,2026-11-16,Thu 2,ca3,13:00,15:40,A2,3,A2-T304,60,48,QTNL,Quản trị nhân lực
W02118,WorstCase,2026-11-16,Thu 2,ca1,06:45,09:25,A2,3,A2-T309,120,64,PLDC,Pháp luật đại cương
W02119,WorstCase,2026-11-16,Thu 2,ca1,06:45,09:25,B,1,B-T103,60,35,NLKT,Nguyên lý kế toán
W02120,WorstCase,2026-11-16,Thu 2,ca3,13:00,15:40,B,1,B-T102,80,77,TTHCM,Tư tưởng Hồ Chí Minh
W02121,WorstCase,2026-11-16,Thu 2,ca4,15:50,18:30,A2,1,A2-T103,100,61,MKT01,Marketing căn bản
W02122,WorstCase,2026-11-16,Thu 2,ca3,13:00,15:40,A2,7,A2-T712,80,67,LSD01,Lịch sử Đảng Cộng sản Việt Nam
W02123,WorstCase,2026-11-16,Thu 2,ca4,15:50,18:30,D,4,D-T403,50,44,QTNL,Quản trị nhân lực
W02124,WorstCase,2026-11-16,Thu 2,ca2,09:35,12:15,A2,6,A2-T607,100,65,MKT01,Marketing căn bản
W02125,WorstCase,2026-11-16,Thu 2,ca4,15:50,18:30,A2,3,A2-T309,120,58,TCC01,Toán cao cấp
W02126,WorstCase,2026-11-16,Thu 2,ca2,09:35,12:15,B,3,B-T307,40,34,KTTC,Kế toán tài chính
W02127,WorstCase,2026-11-16,Thu 2,ca2,09:35,12:15,D,5,D-T508,50,32,LSD01,Lịch sử Đảng Cộng sản Việt Nam
W02128,WorstCase,2026-11-16,Thu 2,ca3,13:00,15:40,A2,10,A2-T1014,100,36,LSD01,Lịch sử Đảng Cộng sản Việt Nam
W02129,WorstCase,2026-11-16,Thu 2,ca1,06:45,09:25,A2,8,A2-T803,120,79,KTTC,Kế toán tài chính
W02130,WorstCase,2026-11-16,Thu 2,ca4,15:50,18:30,A2,3,A2-T307,100,50,ENG01,Tiếng Anh thương mại
W02131,WorstCase,2026-11-16,Thu 2,ca4,15:50,18:30,D,5,D-T502,70,33,NLKT,Nguyên lý kế toán
W02132,WorstCase,2026-11-16,Thu 2,ca4,15:50,18:30,C,3,C-T305,80,43,QTH01,Quản trị học
W02133,WorstCase,2026-11-16,Thu 2,ca1,06:45,09:25,A2,3,A2-T313,100,67,KTVM,Kinh tế vi mô
W02134,WorstCase,2026-11-16,Thu 2,ca2,09:35,12:15,A2,9,A2-T910,60,54,QTH01,Quản trị học
W02135,WorstCase,2026-11-16,Thu 2,ca4,15:50,18:30,A2,1,A2-T108,60,51,QTH01,Quản trị học
W02136,WorstCase,2026-11-16,Thu 2,ca1,06:45,09:25,C,1,C-T106,40,37,TMLN,Triết học Mác - Lênin
W02137,WorstCase,2026-11-16,Thu 2,ca1,06:45,09:25,A2,8,A2-T804,120,48,KTTC,Kế toán tài chính
W02138,WorstCase,2026-11-16,Thu 2,ca4,15:50,18:30,D,1,D-T103,50,49,TTHCM,Tư tưởng Hồ Chí Minh
W02139,WorstCase,2026-11-16,Thu 2,ca1,06:45,09:25,A2,9,A2-T901,60,44,XSTK,Xác suất thống kê
W02140,WorstCase,2026-11-16,Thu 2,ca1,06:45,09:25,A2,6,A2-T603,120,43,QTNL,Quản trị nhân lực
W02141,WorstCase,2026-11-16,Thu 2,ca1,06:45,09:25,A2,2,A2-T209,120,49,TTHCM,Tư tưởng Hồ Chí Minh
W02142,WorstCase,2026-11-16,Thu 2,ca2,09:35,12:15,B,2,B-T208,80,80,KTL01,Kinh tế lượng
W02143,WorstCase,2026-11-16,Thu 2,ca3,13:00,15:40,D,2,D-T208,50,43,TMDT,Thương mại điện tử
W02144,WorstCase,2026-11-16,Thu 2,ca1,06:45,09:25,A2,6,A2-T605,60,32,TTHCM,Tư tưởng Hồ Chí Minh
W02145,WorstCase,2026-11-16,Thu 2,ca1,06:45,09:25,A2,2,A2-T214,100,30,LSD01,Lịch sử Đảng Cộng sản Việt Nam
W02146,WorstCase,2026-11-16,Thu 2,ca3,13:00,15:40,A2,10,A2-T1003,80,62,KTTC,Kế toán tài chính
W02147,WorstCase,2026-11-16,Thu 2,ca2,09:35,12:15,D,2,D-T207,90,38,KTL01,Kinh tế lượng
W02148,WorstCase,2026-11-16,Thu 2,ca1,06:45,09:25,D,2,D-T208,50,31,TMDT,Thương mại điện tử
W02149,WorstCase,2026-11-16,Thu 2,ca3,13:00,15:40,A2,1,A2-T112,60,58,TMLN,Triết học Mác - Lênin
W02150,WorstCase,2026-11-16,Thu 2,ca4,15:50,18:30,B,2,B-T202,60,60,KTVM2,Kinh tế vĩ mô
W02151,WorstCase,2026-11-16,Thu 2,ca1,06:45,09:25,A2,2,A2-T203,120,30,TMLN,Triết học Mác - Lênin
W02152,WorstCase,2026-11-16,Thu 2,ca3,13:00,15:40,D,1,D-T108,50,41,MKT01,Marketing căn bản
W02153,WorstCase,2026-11-16,Thu 2,ca1,06:45,09:25,C,1,C-T101,80,48,KTVM,Kinh tế vi mô
W02154,WorstCase,2026-11-16,Thu 2,ca3,13:00,15:40,A2,1,A2-T102,60,37,KDQT,Kinh doanh quốc tế
W02155,WorstCase,2026-11-16,Thu 2,ca4,15:50,18:30,A2,10,A2-T1011,80,74,TTHCM,Tư tưởng Hồ Chí Minh
W02156,WorstCase,2026-11-16,Thu 2,ca2,09:35,12:15,A2,3,A2-T303,120,55,QTNL,Quản trị nhân lực
W02157,WorstCase,2026-11-16,Thu 2,ca2,09:35,12:15,C,2,C-T201,40,36,KTTC,Kế toán tài chính
W02158,WorstCase,2026-11-16,Thu 2,ca3,13:00,15:40,D,5,D-T503,70,54,KDQT,Kinh doanh quốc tế
W02159,WorstCase,2026-11-16,Thu 2,ca2,09:35,12:15,A2,1,A2-T105,80,64,XSTK,Xác suất thống kê
W02160,WorstCase,2026-11-16,Thu 2,ca4,15:50,18:30,A2,6,A2-T611,120,72,TCC01,Toán cao cấp
W02161,WorstCase,2026-11-16,Thu 2,ca4,15:50,18:30,A2,8,A2-T813,80,60,QTH01,Quản trị học
W02162,WorstCase,2026-11-16,Thu 2,ca3,13:00,15:40,A2,8,A2-T806,60,36,TMLN,Triết học Mác - Lênin
W02163,WorstCase,2026-11-16,Thu 2,ca2,09:35,12:15,B,3,B-T306,60,42,TMDT,Thương mại điện tử
W02164,WorstCase,2026-11-16,Thu 2,ca2,09:35,12:15,A2,9,A2-T904,60,56,KDQT,Kinh doanh quốc tế
W02165,WorstCase,2026-11-16,Thu 2,ca2,09:35,12:15,A2,8,A2-T802,120,39,KTL01,Kinh tế lượng
W02166,WorstCase,2026-11-16,Thu 2,ca2,09:35,12:15,A2,8,A2-T807,60,57,QTH01,Quản trị học
W02167,WorstCase,2026-11-16,Thu 2,ca1,06:45,09:25,A2,5,A2-T511,80,38,KTVM,Kinh tế vi mô
W02168,WorstCase,2026-11-16,Thu 2,ca2,09:35,12:15,A2,5,A2-T503,100,34,KTVM,Kinh tế vi mô
W02169,WorstCase,2026-11-16,Thu 2,ca1,06:45,09:25,B,1,B-T108,40,32,ENG01,Tiếng Anh thương mại
W02170,WorstCase,2026-11-16,Thu 2,ca1,06:45,09:25,A2,2,A2-T205,120,72,KDQT,Kinh doanh quốc tế
W02171,WorstCase,2026-11-16,Thu 2,ca4,15:50,18:30,B,1,B-T103,60,34,NLKT,Nguyên lý kế toán
W02172,WorstCase,2026-11-16,Thu 2,ca2,09:35,12:15,D,4,D-T406,70,38,KDQT,Kinh doanh quốc tế
W02173,WorstCase,2026-11-16,Thu 2,ca3,13:00,15:40,A2,4,A2-T404,80,59,LSD01,Lịch sử Đảng Cộng sản Việt Nam
W02174,WorstCase,2026-11-16,Thu 2,ca1,06:45,09:25,D,4,D-T407,50,43,LSD01,Lịch sử Đảng Cộng sản Việt Nam
W02175,WorstCase,2026-11-16,Thu 2,ca4,15:50,18:30,A2,2,A2-T205,120,41,LOG01,Quản trị logistics
W02176,WorstCase,2026-11-16,Thu 2,ca2,09:35,12:15,A2,2,A2-T209,120,62,KDQT,Kinh doanh quốc tế
W02177,WorstCase,2026-11-16,Thu 2,ca3,13:00,15:40,A2,1,A2-T110,60,47,LOG01,Quản trị logistics
W02178,WorstCase,2026-11-16,Thu 2,ca4,15:50,18:30,D,2,D-T201,90,54,TMDT,Thương mại điện tử
W02179,WorstCase,2026-11-16,Thu 2,ca3,13:00,15:40,A2,9,A2-T906,80,44,TCC01,Toán cao cấp
W02180,WorstCase,2026-11-16,Thu 2,ca1,06:45,09:25,A2,1,A2-T107,60,43,LSD01,Lịch sử Đảng Cộng sản Việt Nam
W02181,WorstCase,2026-11-16,Thu 2,ca3,13:00,15:40,D,3,D-T302,90,30,TTHCM,Tư tưởng Hồ Chí Minh
W02182,WorstCase,2026-11-16,Thu 2,ca3,13:00,15:40,C,2,C-T204,40,37,PLDC,Pháp luật đại cương
W02183,WorstCase,2026-11-16,Thu 2,ca2,09:35,12:15,A2,2,A2-T205,120,75,TIN01,Tin học đại cương
W02184,WorstCase,2026-11-16,Thu 2,ca1,06:45,09:25,D,5,D-T504,50,38,KDQT,Kinh doanh quốc tế
W02185,WorstCase,2026-11-16,Thu 2,ca2,09:35,12:15,A2,8,A2-T814,120,64,TTHCM,Tư tưởng Hồ Chí Minh
W02186,WorstCase,2026-11-16,Thu 2,ca4,15:50,18:30,C,2,C-T208,40,35,KTVM2,Kinh tế vĩ mô
W02187,WorstCase,2026-11-16,Thu 2,ca1,06:45,09:25,C,3,C-T306,40,30,TTHCM,Tư tưởng Hồ Chí Minh
W02188,WorstCase,2026-11-16,Thu 2,ca3,13:00,15:40,A2,4,A2-T411,120,60,TMDT,Thương mại điện tử
W02189,WorstCase,2026-11-16,Thu 2,ca3,13:00,15:40,A2,2,A2-T213,80,37,TTHCM,Tư tưởng Hồ Chí Minh
W02190,WorstCase,2026-11-16,Thu 2,ca3,13:00,15:40,A2,8,A2-T811,100,60,NLKT,Nguyên lý kế toán
W02191,WorstCase,2026-11-16,Thu 2,ca4,15:50,18:30,D,4,D-T407,50,34,TIN01,Tin học đại cương
W02192,WorstCase,2026-11-16,Thu 2,ca3,13:00,15:40,D,2,D-T202,70,47,LOG01,Quản trị logistics
W02193,WorstCase,2026-11-16,Thu 2,ca1,06:45,09:25,B,3,B-T306,60,46,NLKT,Nguyên lý kế toán
W02194,WorstCase,2026-11-16,Thu 2,ca3,13:00,15:40,C,1,C-T108,80,63,LSD01,Lịch sử Đảng Cộng sản Việt Nam
W02195,WorstCase,2026-11-16,Thu 2,ca4,15:50,18:30,A2,4,A2-T412,100,35,PLDC,Pháp luật đại cương
W02196,WorstCase,2026-11-16,Thu 2,ca4,15:50,18:30,A2,2,A2-T203,120,60,NLKT,Nguyên lý kế toán
W02197,WorstCase,2026-11-16,Thu 2,ca2,09:35,12:15,B,3,B-T305,40,40,TMLN,Triết học Mác - Lênin
W02198,WorstCase,2026-11-16,Thu 2,ca4,15:50,18:30,A2,1,A2-T102,60,55,TTHCM,Tư tưởng Hồ Chí Minh
W02199,WorstCase,2026-11-16,Thu 2,ca3,13:00,15:40,A2,10,A2-T1011,80,49,LSD01,Lịch sử Đảng Cộng sản Việt Nam
W02200,WorstCase,2026-11-16,Thu 2,ca3,13:00,15:40,A2,10,A2-T1012,120,33,QTNL,Quản trị nhân lực
W02201,WorstCase,2026-11-16,Thu 2,ca4,15:50,18:30,A2,4,A2-T401,80,64,KTVM,Kinh tế vi mô
W02202,WorstCase,2026-11-16,Thu 2,ca3,13:00,15:40,A2,2,A2-T211,100,60,LOG01,Quản trị logistics
W02203,WorstCase,2026-11-16,Thu 2,ca1,06:45,09:25,A2,2,A2-T208,80,62,ENG01,Tiếng Anh thương mại
W02204,WorstCase,2026-11-16,Thu 2,ca2,09:35,12:15,D,1,D-T101,90,66,QTNL,Quản trị nhân lực
W02205,WorstCase,2026-11-16,Thu 2,ca1,06:45,09:25,D,1,D-T104,70,56,TMDT,Thương mại điện tử
W02206,WorstCase,2026-11-16,Thu 2,ca2,09:35,12:15,A2,4,A2-T408,60,60,KTL01,Kinh tế lượng
W02207,WorstCase,2026-11-16,Thu 2,ca4,15:50,18:30,C,1,C-T103,80,48,TCC01,Toán cao cấp
W02208,WorstCase,2026-11-16,Thu 2,ca4,15:50,18:30,A2,6,A2-T606,80,32,LSD01,Lịch sử Đảng Cộng sản Việt Nam
W02209,WorstCase,2026-11-16,Thu 2,ca1,06:45,09:25,A2,1,A2-T112,60,53,KTL01,Kinh tế lượng
W02210,WorstCase,2026-11-16,Thu 2,ca3,13:00,15:40,A2,9,A2-T913,60,53,TTHCM,Tư tưởng Hồ Chí Minh
W02211,WorstCase,2026-11-16,Thu 2,ca1,06:45,09:25,D,1,D-T106,50,38,KTVM2,Kinh tế vĩ mô
W02212,WorstCase,2026-11-16,Thu 2,ca1,06:45,09:25,A2,10,A2-T1005,80,70,ENG01,Tiếng Anh thương mại
W02213,WorstCase,2026-11-16,Thu 2,ca1,06:45,09:25,D,3,D-T307,90,67,TCC01,Toán cao cấp
W02214,WorstCase,2026-11-16,Thu 2,ca4,15:50,18:30,A2,7,A2-T712,80,66,KTVM2,Kinh tế vĩ mô
W02215,WorstCase,2026-11-16,Thu 2,ca2,09:35,12:15,A2,10,A2-T1007,60,51,KTL01,Kinh tế lượng
W02216,WorstCase,2026-11-16,Thu 2,ca2,09:35,12:15,A2,1,A2-T107,60,55,LSD01,Lịch sử Đảng Cộng sản Việt Nam
W02217,WorstCase,2026-11-16,Thu 2,ca2,09:35,12:15,A2,6,A2-T603,120,31,KTL01,Kinh tế lượng
W02218,WorstCase,2026-11-16,Thu 2,ca2,09:35,12:15,C,3,C-T306,40,37,NLKT,Nguyên lý kế toán
W02219,WorstCase,2026-11-16,Thu 2,ca2,09:35,12:15,A2,10,A2-T1013,80,38,TIN01,Tin học đại cương
W02220,WorstCase,2026-11-16,Thu 2,ca3,13:00,15:40,A2,5,A2-T510,100,34,TCTT,Tài chính tiền tệ
W02221,WorstCase,2026-11-16,Thu 2,ca4,15:50,18:30,A2,8,A2-T801,60,38,QTH01,Quản trị học
W02222,WorstCase,2026-11-16,Thu 2,ca1,06:45,09:25,A2,3,A2-T302,60,49,TCTT,Tài chính tiền tệ
W02223,WorstCase,2026-11-16,Thu 2,ca4,15:50,18:30,D,4,D-T408,70,47,TCTT,Tài chính tiền tệ
W02224,WorstCase,2026-11-16,Thu 2,ca1,06:45,09:25,A2,6,A2-T613,100,30,MKT01,Marketing căn bản
W02225,WorstCase,2026-11-16,Thu 2,ca3,13:00,15:40,C,2,C-T203,40,39,TCC01,Toán cao cấp
W02226,WorstCase,2026-11-16,Thu 2,ca4,15:50,18:30,D,3,D-T302,90,67,QTH01,Quản trị học
W02227,WorstCase,2026-11-16,Thu 2,ca2,09:35,12:15,A2,5,A2-T507,80,72,LOG01,Quản trị logistics
W02228,WorstCase,2026-11-16,Thu 2,ca1,06:45,09:25,B,3,B-T304,40,35,TCC01,Toán cao cấp
W02229,WorstCase,2026-11-16,Thu 2,ca1,06:45,09:25,B,3,B-T302,40,34,PLDC,Pháp luật đại cương
W02230,WorstCase,2026-11-16,Thu 2,ca2,09:35,12:15,C,1,C-T101,80,61,TCC01,Toán cao cấp
W02231,WorstCase,2026-11-16,Thu 2,ca3,13:00,15:40,A2,5,A2-T506,80,63,KTVM2,Kinh tế vĩ mô
W02232,WorstCase,2026-11-16,Thu 2,ca1,06:45,09:25,A2,9,A2-T903,80,51,NLKT,Nguyên lý kế toán
W02233,WorstCase,2026-11-16,Thu 2,ca3,13:00,15:40,A2,7,A2-T705,100,39,LSD01,Lịch sử Đảng Cộng sản Việt Nam
W02234,WorstCase,2026-11-16,Thu 2,ca1,06:45,09:25,C,1,C-T108,80,39,ENG01,Tiếng Anh thương mại
W02235,WorstCase,2026-11-16,Thu 2,ca2,09:35,12:15,A2,3,A2-T302,60,54,KDQT,Kinh doanh quốc tế
W02236,WorstCase,2026-11-16,Thu 2,ca2,09:35,12:15,A2,1,A2-T103,100,79,KTTC,Kế toán tài chính
W02237,WorstCase,2026-11-16,Thu 2,ca1,06:45,09:25,C,1,C-T103,80,45,LOG01,Quản trị logistics
W02238,WorstCase,2026-11-16,Thu 2,ca4,15:50,18:30,D,1,D-T108,50,50,TCC01,Toán cao cấp
W02239,WorstCase,2026-11-16,Thu 2,ca4,15:50,18:30,D,5,D-T503,70,43,TTHCM,Tư tưởng Hồ Chí Minh
W02240,WorstCase,2026-11-16,Thu 2,ca3,13:00,15:40,A2,9,A2-T910,60,53,TMDT,Thương mại điện tử
W02241,WorstCase,2026-11-16,Thu 2,ca4,15:50,18:30,A2,10,A2-T1010,80,33,TCTT,Tài chính tiền tệ
W02242,WorstCase,2026-11-16,Thu 2,ca2,09:35,12:15,B,3,B-T303,40,31,KTVM2,Kinh tế vĩ mô
W02243,WorstCase,2026-11-16,Thu 2,ca3,13:00,15:40,D,1,D-T105,70,40,LOG01,Quản trị logistics
W02244,WorstCase,2026-11-16,Thu 2,ca4,15:50,18:30,A2,4,A2-T414,100,55,ENG01,Tiếng Anh thương mại
W02245,WorstCase,2026-11-16,Thu 2,ca1,06:45,09:25,A2,6,A2-T606,80,49,ENG01,Tiếng Anh thương mại
W02246,WorstCase,2026-11-16,Thu 2,ca2,09:35,12:15,A2,7,A2-T709,60,53,TMLN,Triết học Mác - Lênin
W02247,WorstCase,2026-11-16,Thu 2,ca1,06:45,09:25,D,2,D-T202,70,44,KTTC,Kế toán tài chính
W02248,WorstCase,2026-11-16,Thu 2,ca4,15:50,18:30,A2,7,A2-T701,80,73,KTTC,Kế toán tài chính
W02249,WorstCase,2026-11-16,Thu 2,ca4,15:50,18:30,C,1,C-T106,40,37,TCTT,Tài chính tiền tệ
W02250,WorstCase,2026-11-16,Thu 2,ca3,13:00,15:40,A2,4,A2-T413,80,39,TIN01,Tin học đại cương
W02251,WorstCase,2026-11-16,Thu 2,ca3,13:00,15:40,A2,5,A2-T501,100,57,KTVM,Kinh tế vi mô
W02252,WorstCase,2026-11-16,Thu 2,ca2,09:35,12:15,A2,7,A2-T706,80,48,LOG01,Quản trị logistics
W02253,WorstCase,2026-11-16,Thu 2,ca3,13:00,15:40,A2,2,A2-T210,100,54,QTNL,Quản trị nhân lực
W02254,WorstCase,2026-11-16,Thu 2,ca2,09:35,12:15,A2,8,A2-T806,60,60,TIN01,Tin học đại cương
W02255,WorstCase,2026-11-16,Thu 2,ca2,09:35,12:15,A2,10,A2-T1012,120,73,KTVM2,Kinh tế vĩ mô
W02256,WorstCase,2026-11-16,Thu 2,ca1,06:45,09:25,A2,10,A2-T1014,100,36,TMLN,Triết học Mác - Lênin
W02257,WorstCase,2026-11-16,Thu 2,ca2,09:35,12:15,A2,8,A2-T809,100,70,TMDT,Thương mại điện tử
W02258,WorstCase,2026-11-16,Thu 2,ca4,15:50,18:30,A2,3,A2-T313,100,57,LSD01,Lịch sử Đảng Cộng sản Việt Nam
W02259,WorstCase,2026-11-16,Thu 2,ca2,09:35,12:15,A2,10,A2-T1004,60,59,TCTT,Tài chính tiền tệ
W02260,WorstCase,2026-11-16,Thu 2,ca2,09:35,12:15,A2,2,A2-T204,80,51,TCTT,Tài chính tiền tệ
W02261,WorstCase,2026-11-16,Thu 2,ca2,09:35,12:15,A2,10,A2-T1008,120,47,MKT01,Marketing căn bản
W02262,WorstCase,2026-11-16,Thu 2,ca1,06:45,09:25,A2,4,A2-T406,60,38,TTHCM,Tư tưởng Hồ Chí Minh
W02263,WorstCase,2026-11-16,Thu 2,ca2,09:35,12:15,A2,5,A2-T501,100,55,LOG01,Quản trị logistics
W02264,WorstCase,2026-11-16,Thu 2,ca3,13:00,15:40,A2,10,A2-T1009,60,54,PLDC,Pháp luật đại cương
W02265,WorstCase,2026-11-16,Thu 2,ca2,09:35,12:15,A2,6,A2-T612,80,76,TTHCM,Tư tưởng Hồ Chí Minh
W02266,WorstCase,2026-11-16,Thu 2,ca1,06:45,09:25,C,3,C-T302,80,79,XSTK,Xác suất thống kê
W02267,WorstCase,2026-11-16,Thu 2,ca3,13:00,15:40,D,2,D-T205,70,63,QTNL,Quản trị nhân lực
W02268,WorstCase,2026-11-16,Thu 2,ca3,13:00,15:40,A2,2,A2-T205,120,73,TCC01,Toán cao cấp
W02269,WorstCase,2026-11-16,Thu 2,ca3,13:00,15:40,A2,7,A2-T708,120,50,TMLN,Triết học Mác - Lênin
W02270,WorstCase,2026-11-16,Thu 2,ca4,15:50,18:30,B,1,B-T101,80,30,KTVM,Kinh tế vi mô
W02271,WorstCase,2026-11-16,Thu 2,ca3,13:00,15:40,B,1,B-T107,80,34,KTVM,Kinh tế vi mô
W02272,WorstCase,2026-11-16,Thu 2,ca1,06:45,09:25,D,2,D-T207,90,56,MKT01,Marketing căn bản
W02273,WorstCase,2026-11-16,Thu 2,ca3,13:00,15:40,A2,9,A2-T914,60,46,MKT01,Marketing căn bản
W02274,WorstCase,2026-11-16,Thu 2,ca1,06:45,09:25,A2,6,A2-T608,80,73,LOG01,Quản trị logistics
W02275,WorstCase,2026-11-16,Thu 2,ca2,09:35,12:15,C,1,C-T106,40,35,PLDC,Pháp luật đại cương
W02276,WorstCase,2026-11-16,Thu 2,ca1,06:45,09:25,D,5,D-T506,70,48,TCTT,Tài chính tiền tệ
W02277,WorstCase,2026-11-16,Thu 2,ca1,06:45,09:25,B,3,B-T305,40,33,KTVM2,Kinh tế vĩ mô
W02278,WorstCase,2026-11-16,Thu 2,ca1,06:45,09:25,D,2,D-T203,70,31,LSD01,Lịch sử Đảng Cộng sản Việt Nam
W02279,WorstCase,2026-11-16,Thu 2,ca1,06:45,09:25,A2,1,A2-T114,80,35,KTVM2,Kinh tế vĩ mô
W02280,WorstCase,2026-11-16,Thu 2,ca4,15:50,18:30,B,2,B-T205,80,68,XSTK,Xác suất thống kê
W02281,WorstCase,2026-11-16,Thu 2,ca3,13:00,15:40,A2,6,A2-T613,100,68,MKT01,Marketing căn bản
W02282,WorstCase,2026-11-16,Thu 2,ca2,09:35,12:15,A2,3,A2-T312,60,52,MKT01,Marketing căn bản
W02283,WorstCase,2026-11-16,Thu 2,ca1,06:45,09:25,A2,1,A2-T111,60,32,LSD01,Lịch sử Đảng Cộng sản Việt Nam
W02284,WorstCase,2026-11-16,Thu 2,ca3,13:00,15:40,A2,3,A2-T312,60,34,KTTC,Kế toán tài chính
W02285,WorstCase,2026-11-16,Thu 2,ca1,06:45,09:25,D,4,D-T404,50,50,TTHCM,Tư tưởng Hồ Chí Minh
W02286,WorstCase,2026-11-16,Thu 2,ca2,09:35,12:15,A2,9,A2-T908,100,41,MKT01,Marketing căn bản
W02287,WorstCase,2026-11-16,Thu 2,ca3,13:00,15:40,A2,7,A2-T701,80,74,TCC01,Toán cao cấp
W02288,WorstCase,2026-11-16,Thu 2,ca2,09:35,12:15,A2,1,A2-T102,60,38,KTL01,Kinh tế lượng
W02289,WorstCase,2026-11-16,Thu 2,ca2,09:35,12:15,A2,5,A2-T510,100,59,NLKT,Nguyên lý kế toán
W02290,WorstCase,2026-11-16,Thu 2,ca3,13:00,15:40,B,2,B-T202,60,50,LOG01,Quản trị logistics
W02291,WorstCase,2026-11-16,Thu 2,ca1,06:45,09:25,A2,3,A2-T314,100,47,KDQT,Kinh doanh quốc tế
W02292,WorstCase,2026-11-16,Thu 2,ca2,09:35,12:15,A2,3,A2-T306,100,74,QTNL,Quản trị nhân lực
W02293,WorstCase,2026-11-16,Thu 2,ca3,13:00,15:40,A2,5,A2-T512,100,46,TCC01,Toán cao cấp
W02294,WorstCase,2026-11-16,Thu 2,ca2,09:35,12:15,B,1,B-T103,60,54,NLKT,Nguyên lý kế toán
W02295,WorstCase,2026-11-16,Thu 2,ca2,09:35,12:15,A2,6,A2-T602,100,47,KTVM2,Kinh tế vĩ mô
W02296,WorstCase,2026-11-16,Thu 2,ca3,13:00,15:40,A2,8,A2-T812,120,54,KTTC,Kế toán tài chính
W02297,WorstCase,2026-11-16,Thu 2,ca2,09:35,12:15,A2,1,A2-T111,60,40,KTVM2,Kinh tế vĩ mô
W02298,WorstCase,2026-11-16,Thu 2,ca3,13:00,15:40,A2,7,A2-T713,80,46,TCTT,Tài chính tiền tệ
W02299,WorstCase,2026-11-16,Thu 2,ca3,13:00,15:40,A2,3,A2-T303,120,41,LOG01,Quản trị logistics
W02300,WorstCase,2026-11-16,Thu 2,ca3,13:00,15:40,A2,10,A2-T1006,60,32,ENG01,Tiếng Anh thương mại
W02301,WorstCase,2026-11-16,Thu 2,ca1,06:45,09:25,D,1,D-T101,90,42,LSD01,Lịch sử Đảng Cộng sản Việt Nam
W02302,WorstCase,2026-11-16,Thu 2,ca2,09:35,12:15,A2,4,A2-T403,60,42,TCC01,Toán cao cấp
W02303,WorstCase,2026-11-16,Thu 2,ca4,15:50,18:30,A2,4,A2-T406,60,50,ENG01,Tiếng Anh thương mại
W02304,WorstCase,2026-11-16,Thu 2,ca1,06:45,09:25,A2,2,A2-T206,100,36,QTH01,Quản trị học
W02305,WorstCase,2026-11-16,Thu 2,ca4,15:50,18:30,C,2,C-T203,40,38,KDQT,Kinh doanh quốc tế
W02306,WorstCase,2026-11-16,Thu 2,ca2,09:35,12:15,A2,4,A2-T404,80,43,LSD01,Lịch sử Đảng Cộng sản Việt Nam
W02307,WorstCase,2026-11-16,Thu 2,ca4,15:50,18:30,A2,9,A2-T903,80,71,MKT01,Marketing căn bản
W02308,WorstCase,2026-11-16,Thu 2,ca2,09:35,12:15,A2,6,A2-T606,80,58,TCTT,Tài chính tiền tệ
W02309,WorstCase,2026-11-16,Thu 2,ca3,13:00,15:40,A2,4,A2-T408,60,33,KTVM2,Kinh tế vĩ mô
W02310,WorstCase,2026-11-16,Thu 2,ca3,13:00,15:40,C,3,C-T306,40,31,NLKT,Nguyên lý kế toán
W02311,WorstCase,2026-11-16,Thu 2,ca3,13:00,15:40,D,2,D-T203,70,66,TCTT,Tài chính tiền tệ
W02312,WorstCase,2026-11-16,Thu 2,ca2,09:35,12:15,A2,4,A2-T409,120,79,LOG01,Quản trị logistics
W02313,WorstCase,2026-11-16,Thu 2,ca2,09:35,12:15,B,2,B-T207,60,30,ENG01,Tiếng Anh thương mại
W02314,WorstCase,2026-11-16,Thu 2,ca1,06:45,09:25,D,1,D-T102,70,39,KTVM,Kinh tế vi mô
W02315,WorstCase,2026-11-16,Thu 2,ca4,15:50,18:30,A2,10,A2-T1014,100,32,KTTC,Kế toán tài chính
W02316,WorstCase,2026-11-16,Thu 2,ca3,13:00,15:40,B,2,B-T203,60,38,QTH01,Quản trị học
W02317,WorstCase,2026-11-16,Thu 2,ca2,09:35,12:15,D,1,D-T106,50,40,KTTC,Kế toán tài chính
W02318,WorstCase,2026-11-16,Thu 2,ca1,06:45,09:25,A2,7,A2-T711,60,48,KTVM,Kinh tế vi mô
W02319,WorstCase,2026-11-16,Thu 2,ca4,15:50,18:30,C,1,C-T102,40,38,ENG01,Tiếng Anh thương mại
W02320,WorstCase,2026-11-16,Thu 2,ca3,13:00,15:40,C,3,C-T302,80,60,KDQT,Kinh doanh quốc tế
W02321,WorstCase,2026-11-16,Thu 2,ca2,09:35,12:15,C,3,C-T301,60,42,NLKT,Nguyên lý kế toán
W02322,WorstCase,2026-11-16,Thu 2,ca1,06:45,09:25,B,3,B-T307,40,38,PLDC,Pháp luật đại cương
W02323,WorstCase,2026-11-16,Thu 2,ca3,13:00,15:40,A2,5,A2-T502,80,30,KTTC,Kế toán tài chính
W02324,WorstCase,2026-11-16,Thu 2,ca2,09:35,12:15,D,4,D-T401,50,45,MKT01,Marketing căn bản
W02325,WorstCase,2026-11-16,Thu 2,ca2,09:35,12:15,A2,9,A2-T902,100,66,TMLN,Triết học Mác - Lênin
W02326,WorstCase,2026-11-16,Thu 2,ca4,15:50,18:30,D,2,D-T204,70,52,QTNL,Quản trị nhân lực
W02327,WorstCase,2026-11-16,Thu 2,ca4,15:50,18:30,B,3,B-T303,40,40,KTL01,Kinh tế lượng
W02328,WorstCase,2026-11-16,Thu 2,ca4,15:50,18:30,A2,4,A2-T410,100,55,KTVM2,Kinh tế vĩ mô
W02329,WorstCase,2026-11-16,Thu 2,ca2,09:35,12:15,A2,5,A2-T509,120,70,NLKT,Nguyên lý kế toán
W02330,WorstCase,2026-11-16,Thu 2,ca2,09:35,12:15,D,1,D-T103,50,41,TMLN,Triết học Mác - Lênin
W02331,WorstCase,2026-11-16,Thu 2,ca2,09:35,12:15,A2,1,A2-T104,80,51,NLKT,Nguyên lý kế toán
W02332,WorstCase,2026-11-16,Thu 2,ca4,15:50,18:30,A2,1,A2-T114,80,59,KTL01,Kinh tế lượng
W02333,WorstCase,2026-11-16,Thu 2,ca2,09:35,12:15,B,1,B-T102,80,71,XSTK,Xác suất thống kê
W02334,WorstCase,2026-11-16,Thu 2,ca1,06:45,09:25,A2,6,A2-T611,120,41,TMLN,Triết học Mác - Lênin
W02335,WorstCase,2026-11-16,Thu 2,ca2,09:35,12:15,C,2,C-T204,40,30,KTTC,Kế toán tài chính
W02336,WorstCase,2026-11-16,Thu 2,ca4,15:50,18:30,D,2,D-T206,70,42,KTL01,Kinh tế lượng
W02337,WorstCase,2026-11-16,Thu 2,ca3,13:00,15:40,A2,8,A2-T809,100,74,KTTC,Kế toán tài chính
W02338,WorstCase,2026-11-16,Thu 2,ca1,06:45,09:25,A2,8,A2-T802,120,36,TMDT,Thương mại điện tử
W02339,WorstCase,2026-11-16,Thu 2,ca3,13:00,15:40,A2,7,A2-T714,120,61,NLKT,Nguyên lý kế toán
W02340,WorstCase,2026-11-16,Thu 2,ca1,06:45,09:25,A2,1,A2-T113,80,70,LOG01,Quản trị logistics
W02341,WorstCase,2026-11-16,Thu 2,ca1,06:45,09:25,C,1,C-T107,80,77,XSTK,Xác suất thống kê
W02342,WorstCase,2026-11-16,Thu 2,ca2,09:35,12:15,C,2,C-T206,40,32,KTVM2,Kinh tế vĩ mô
W02343,WorstCase,2026-11-16,Thu 2,ca3,13:00,15:40,A2,6,A2-T604,100,42,KTVM,Kinh tế vi mô
W02344,WorstCase,2026-11-16,Thu 2,ca1,06:45,09:25,C,2,C-T207,80,76,TTHCM,Tư tưởng Hồ Chí Minh
W02345,WorstCase,2026-11-16,Thu 2,ca2,09:35,12:15,D,3,D-T301,90,45,ENG01,Tiếng Anh thương mại
W02346,WorstCase,2026-11-16,Thu 2,ca4,15:50,18:30,D,2,D-T208,50,42,NLKT,Nguyên lý kế toán
W02347,WorstCase,2026-11-16,Thu 2,ca3,13:00,15:40,D,5,D-T508,50,47,KTL01,Kinh tế lượng
W02348,WorstCase,2026-11-16,Thu 2,ca4,15:50,18:30,A2,10,A2-T1005,80,61,TMLN,Triết học Mác - Lênin
W02349,WorstCase,2026-11-16,Thu 2,ca4,15:50,18:30,A2,5,A2-T505,80,58,KTVM,Kinh tế vi mô
W02350,WorstCase,2026-11-16,Thu 2,ca3,13:00,15:40,A2,8,A2-T802,120,32,QTNL,Quản trị nhân lực
W02351,WorstCase,2026-11-16,Thu 2,ca3,13:00,15:40,B,1,B-T104,40,30,QTNL,Quản trị nhân lực
W02352,WorstCase,2026-11-16,Thu 2,ca3,13:00,15:40,C,1,C-T102,40,30,KTTC,Kế toán tài chính
W02353,WorstCase,2026-11-16,Thu 2,ca1,06:45,09:25,D,1,D-T103,50,33,XSTK,Xác suất thống kê
W02354,WorstCase,2026-11-16,Thu 2,ca2,09:35,12:15,A2,5,A2-T502,80,71,TIN01,Tin học đại cương
W02355,WorstCase,2026-11-16,Thu 2,ca2,09:35,12:15,D,5,D-T502,70,59,TMLN,Triết học Mác - Lênin
W02356,WorstCase,2026-11-16,Thu 2,ca4,15:50,18:30,B,1,B-T104,40,32,TTHCM,Tư tưởng Hồ Chí Minh
W02357,WorstCase,2026-11-16,Thu 2,ca2,09:35,12:15,D,1,D-T102,70,44,NLKT,Nguyên lý kế toán
W02358,WorstCase,2026-11-16,Thu 2,ca4,15:50,18:30,C,2,C-T201,40,30,QTH01,Quản trị học
W02359,WorstCase,2026-11-16,Thu 2,ca1,06:45,09:25,D,5,D-T503,70,61,KTVM,Kinh tế vi mô
W02360,WorstCase,2026-11-16,Thu 2,ca3,13:00,15:40,B,3,B-T302,40,37,LSD01,Lịch sử Đảng Cộng sản Việt Nam
W02361,WorstCase,2026-11-16,Thu 2,ca1,06:45,09:25,A2,2,A2-T213,80,32,PLDC,Pháp luật đại cương
W02362,WorstCase,2026-11-16,Thu 2,ca4,15:50,18:30,A2,9,A2-T904,60,52,QTH01,Quản trị học
W02363,WorstCase,2026-11-16,Thu 2,ca2,09:35,12:15,D,3,D-T305,50,30,TCC01,Toán cao cấp
W02364,WorstCase,2026-11-16,Thu 2,ca4,15:50,18:30,A2,7,A2-T708,120,70,KTVM2,Kinh tế vĩ mô
W02365,WorstCase,2026-11-16,Thu 2,ca2,09:35,12:15,A2,1,A2-T109,120,49,MKT01,Marketing căn bản
W02366,WorstCase,2026-11-16,Thu 2,ca3,13:00,15:40,A2,10,A2-T1013,80,59,LSD01,Lịch sử Đảng Cộng sản Việt Nam
W02367,WorstCase,2026-11-16,Thu 2,ca4,15:50,18:30,D,1,D-T105,70,40,TTHCM,Tư tưởng Hồ Chí Minh
W02368,WorstCase,2026-11-16,Thu 2,ca1,06:45,09:25,A2,4,A2-T411,120,34,MKT01,Marketing căn bản
W02369,WorstCase,2026-11-16,Thu 2,ca3,13:00,15:40,A2,6,A2-T606,80,37,ENG01,Tiếng Anh thương mại
W02370,WorstCase,2026-11-16,Thu 2,ca4,15:50,18:30,D,2,D-T205,70,68,LSD01,Lịch sử Đảng Cộng sản Việt Nam
W02371,WorstCase,2026-11-16,Thu 2,ca4,15:50,18:30,C,2,C-T205,60,37,NLKT,Nguyên lý kế toán
